timesteps, 0, 1, 2, 3, 4, 5, 6, 7, 8, 9, 10, 11, 12, 13, 14, 15, 16, 17, 18, 19, 20, 21, 22, 23, 24, 25, 26, 27, 28, 29, 30, 31, 32, 33, 34, 35, 36, 37, 38, 39, 40, 41, 42, 43, 44, 45, 46, 47, 48, 49, 50, 51, 52, 53, 54, 55, 56, 57, 58, 59, 60, 61, 62, 63, 64, 65, 66, 67, 68, 69, 70, 71, 72, 73, 74, 75, 76, 77, 78, 79, 80, 81, 82, 83, 84, 85, 86, 87, 88, 89, 90, 91, 92, 93, 94, 95, 96, 97, 98, 99, 100, 101, 102, 103, 104, 105, 106, 107, 108, 109, 110, 111, 112, 113, 114, 115, 116, 117, 118, 119, 120, 121, 122, 123, 125, 126, 128, 129, 131, 132, 133, 134, 135, 137, 143, 144, 194
events, 8, 11, 7, 3, 6, 10, 13, 41, 56, 49, 89, 127, 175, 252, 356, 470, 575, 700, 754, 846, 790, 685, 637, 592, 555, 490, 474, 453, 407, 420, 419, 388, 355, 384, 364, 324, 356, 312, 321, 328, 298, 249, 236, 244, 257, 223, 202, 208, 207, 194, 161, 160, 147, 161, 115, 145, 117, 123, 107, 86, 96, 85, 113, 107, 101, 86, 65, 70, 65, 55, 56, 55, 53, 45, 49, 53, 28, 33, 30, 37, 34, 23, 23, 23, 14, 16, 11, 10, 15, 17, 13, 13, 15, 13, 13, 16, 11, 10, 15, 9, 8, 3, 3, 7, 2, 3, 5, 12, 2, 5, 3, 5, 4, 4, 4, 2, 2, 3, 1, 1, 3, 6, 1, 1, 1, 2, 2, 4, 1, 1, 2, 4, 2, 2, 4, 1, 1
sus, 4990, 4980, 4973, 4971, 4967, 4962, 4953, 4921, 4877, 4839, 4768, 4672, 4534, 4340, 4067, 3710, 3293, 2780, 2253, 1713, 1246, 872, 603, 397, 245, 163, 103, 64, 38, 28, 16, 11, 7, 5, 2, 2, 2, 2, 2, 2, 1, 1, 0, 0, 0, 0, 0, 0, 0, 0, 0, 0, 0, 0, 0, 0, 0, 0, 0, 0, 0, 0, 0, 0, 0, 0, 0, 0, 0, 0, 0, 0, 0, 0, 0, 0, 0, 0, 0, 0, 0, 0, 0, 0, 0, 0, 0, 0, 0, 0, 0, 0, 0, 0, 0, 0, 0, 0, 0, 0, 0, 0, 0, 0, 0, 0, 0, 0, 0, 0, 0, 0, 0, 0, 0, 0, 0, 0, 0, 0, 0, 0, 0, 0, 0, 0, 0, 0, 0, 0, 0, 0, 0, 0, 0, 0, 0
exp, 8, 17, 24, 25, 27, 29, 34, 60, 96, 123, 179, 249, 353, 496, 704, 974, 1263, 1615, 1958, 2284, 2542, 2689, 2710, 2675, 2592, 2448, 2294, 2133, 1984, 1813, 1672, 1537, 1425, 1308, 1207, 1125, 1025, 938, 851, 763, 704, 646, 605, 559, 520, 471, 435, 406, 364, 330, 299, 271, 253, 233, 215, 194, 176, 163, 145, 139, 126, 122, 111, 90, 83, 76, 73, 65, 61, 57, 50, 46, 43, 40, 36, 27, 26, 23, 21, 18, 16, 13, 12, 10, 10, 10, 8, 8, 7, 7, 6, 6, 6, 6, 6, 6, 5, 3, 3, 3, 3, 3, 3, 3, 3, 3, 3, 3, 3, 2, 2, 2, 2, 2, 2, 2, 2, 1, 1, 1, 1, 1, 1, 1, 1, 1, 1, 1, 1, 0, 0, 0, 0, 0, 0, 0, 0
inf, 2, 3, 3, 4, 6, 7, 11, 15, 21, 32, 44, 67, 98, 145, 201, 272, 382, 526, 680, 836, 983, 1157, 1331, 1488, 1631, 1746, 1843, 1923, 1980, 2033, 2043, 2040, 2023, 1992, 1957, 1901, 1866, 1821, 1781, 1734, 1663, 1621, 1558, 1489, 1411, 1368, 1311, 1235, 1190, 1134, 1093, 1047, 1004, 947, 914, 867, 831, 785, 757, 716, 690, 647, 603, 576, 528, 495, 464, 436, 406, 387, 367, 345, 321, 302, 279, 265, 250, 235, 224, 207, 194, 186, 173, 162, 155, 146, 141, 137, 130, 119, 115, 109, 101, 93, 88, 78, 71, 71, 63, 58, 55, 53, 52, 49, 48, 46, 43, 37, 36, 36, 34, 30, 28, 25, 23, 22, 21, 21, 21, 20, 18, 15, 15, 15, 14, 13, 12, 10, 9, 10, 9, 6, 5, 4, 2, 1, 0
dead, 0, 0, 0, 0, 0, 0, 0, 1, 0, 0, 2, 3, 5, 6, 5, 8, 9, 12, 25, 37, 39, 45, 60, 68, 63, 82, 93, 94, 98, 102, 104, 117, 120, 122, 115, 118, 99, 114, 110, 109, 105, 91, 84, 98, 91, 74, 76, 89, 74, 74, 73, 72, 57, 53, 52, 53, 55, 52, 45, 48, 37, 38, 32, 32, 38, 33, 32, 30, 28, 19, 22, 19, 19, 15, 16, 15, 16, 16, 12, 13, 10, 8, 9, 11, 9, 8, 12, 8, 8, 11, 9, 8, 7, 8, 5, 8, 12, 8, 4, 5, 2, 3, 2, 0, 0, 1, 2, 2, 2, 0, 1, 3, 2, 3, 3, 2, 1, 1, 0, 1, 2, 2, 1, 0, 1, 0, 0, 0, 0, 0, 0, 1, 0, 0, 0, 0, 0
rec, 0, 0, 0, 0, 0, 2, 2, 2, 3, 3, 4, 4, 5, 5, 6, 9, 14, 19, 23, 35, 43, 59, 72, 87, 108, 129, 152, 177, 203, 226, 256, 286, 314, 349, 377, 408, 441, 465, 489, 520, 549, 572, 596, 614, 637, 664, 682, 700, 724, 744, 759, 776, 784, 801, 807, 818, 825, 836, 846, 857, 863, 875, 889, 899, 909, 915, 922, 934, 943, 947, 949, 953, 957, 963, 971, 974, 978, 984, 986, 991, 992, 996, 1001, 1004, 1006, 1009, 1010, 1012, 1014, 1016, 1016, 1016, 1018, 1020, 1020, 1021, 1023, 1023, 1028, 1028, 1029, 1029, 1029, 1030, 1030, 1030, 1030, 1030, 1030, 1030, 1030, 1031, 1032, 1033, 1033, 1034, 1035, 1035, 1035, 1035, 1035, 1035, 1035, 1035, 1035, 1036, 1036, 1036, 1037, 1037, 1037, 1038, 1039, 1039, 1039, 1040, 1041
rem, 0, 0, 0, 0, 0, 0, 0, 1, 3, 3, 3, 5, 5, 8, 17, 27, 39, 48, 61, 95, 147, 178, 224, 285, 361, 432, 515, 609, 697, 798, 909, 1009, 1111, 1224, 1342, 1446, 1567, 1660, 1767, 1872, 1978, 2069, 2157, 2240, 2341, 2423, 2496, 2570, 2648, 2718, 2776, 2834, 2902, 2966, 3012, 3068, 3113, 3164, 3207, 3240, 3284, 3318, 3365, 3403, 3442, 3481, 3509, 3535, 3562, 3590, 3612, 3637, 3660, 3680, 3698, 3719, 3730, 3742, 3757, 3771, 3788, 3797, 3805, 3813, 3820, 3827, 3829, 3835, 3841, 3847, 3854, 3861, 3868, 3873, 3881, 3887, 3889, 3895, 3902, 3906, 3911, 3912, 3914, 3918, 3919, 3920, 3922, 3928, 3929, 3932, 3933, 3934, 3936, 3937, 3939, 3940, 3941, 3942, 3943, 3943, 3944, 3947, 3948, 3949, 3949, 3950, 3951, 3953, 3953, 3953, 3954, 3955, 3956, 3957, 3959, 3959, 3959
timesteps, 0, 1, 2, 3, 4, 5, 6, 7, 8, 9, 10, 11, 12, 13, 14, 15, 16, 17, 18, 19, 20, 21, 22, 23, 24, 25, 26, 27, 28, 29, 30, 31, 32, 33, 34, 35, 36, 37, 38, 39, 40, 41, 42, 43, 44, 45, 46, 47, 48, 49, 50, 51, 52, 53, 54, 55, 56, 57, 58, 59, 60, 61, 62, 63, 64, 65, 66, 67, 68, 69, 70, 71, 72, 73, 74, 75, 76, 77, 78, 79, 80, 81, 82, 83, 84, 85, 86, 87, 88, 89, 90, 91, 92, 93, 94, 95, 96, 97, 98, 99, 100, 101, 102, 103, 104, 106, 108, 109, 110, 111, 112, 113, 114, 115, 116, 117, 118, 119, 121, 123, 124, 125, 126, 128, 130, 132, 133, 141, 148, 149
events, 48, 35, 82, 115, 125, 233, 211, 343, 469, 598, 703, 769, 851, 797, 725, 671, 578, 537, 512, 436, 470, 415, 429, 379, 400, 383, 373, 360, 366, 339, 329, 294, 292, 290, 290, 224, 272, 229, 218, 204, 227, 205, 184, 155, 183, 161, 167, 144, 123, 120, 114, 128, 111, 85, 99, 91, 74, 67, 71, 59, 60, 55, 50, 46, 49, 49, 43, 27, 29, 28, 46, 36, 24, 34, 25, 25, 22, 28, 24, 15, 15, 12, 12, 19, 10, 13, 15, 4, 13, 21, 15, 10, 8, 5, 4, 4, 3, 8, 11, 4, 3, 4, 4, 5, 3, 2, 3, 3, 6, 1, 2, 2, 1, 1, 1, 2, 3, 1, 4, 1, 1, 2, 4, 1, 1, 1, 2, 2, 1, 1
sus, 4947, 4920, 4856, 4764, 4666, 4488, 4320, 4067, 3721, 3281, 2756, 2227, 1675, 1181, 800, 509, 321, 185, 106, 75, 45, 25, 19, 15, 8, 5, 4, 2, 2, 2, 2, 2, 2, 2, 1, 0, 0, 0, 0, 0, 0, 0, 0, 0, 0, 0, 0, 0, 0, 0, 0, 0, 0, 0, 0, 0, 0, 0, 0, 0, 0, 0, 0, 0, 0, 0, 0, 0, 0, 0, 0, 0, 0, 0, 0, 0, 0, 0, 0, 0, 0, 0, 0, 0, 0, 0, 0, 0, 0, 0, 0, 0, 0, 0, 0, 0, 0, 0, 0, 0, 0, 0, 0, 0, 0, 0, 0, 0, 0, 0, 0, 0, 0, 0, 0, 0, 0, 0, 0, 0, 0, 0, 0, 0, 0, 0, 0, 0, 0, 0
exp, 38, 57, 106, 179, 252, 399, 531, 708, 954, 1265, 1662, 2010, 2344, 2618, 2753, 2789, 2747, 2651, 2496, 2318, 2129, 1951, 1796, 1659, 1517, 1370, 1261, 1164, 1059, 969, 878, 817, 751, 668, 611, 576, 518, 476, 440, 404, 364, 337, 310, 290, 259, 233, 211, 190, 176, 163, 147, 133, 124, 115, 109, 97, 88, 79, 70, 64, 58, 51, 46, 41, 34, 33, 32, 30, 28, 27, 23, 22, 20, 17, 17, 15, 13, 12, 11, 9, 9, 9, 8, 6, 6, 3, 2, 2, 2, 2, 2, 1, 1, 1, 1, 1, 1, 1, 1, 1, 1, 1, 1, 1, 1, 1, 0, 0, 0, 0, 0, 0, 0, 0, 0, 0, 0, 0, 0, 0, 0, 0, 0, 0, 0, 0, 0, 0, 0, 0
inf, 14, 22, 34, 52, 76, 92, 125, 192, 277, 388, 484, 634, 808, 979, 1161, 1342, 1478, 1606, 1731, 1823, 1919, 2002, 2013, 2020, 2040, 2063, 2029, 1977, 1933, 1887, 1852, 1776, 1727, 1696, 1625, 1564, 1502, 1437, 1371, 1314, 1258, 1184, 1121, 1065, 1016, 963, 908, 861, 822, 778, 742, 685, 644, 611, 568, 539, 513, 487, 457, 435, 415, 398, 378, 357, 339, 313, 292, 283, 272, 251, 234, 216, 207, 194, 177, 168, 157, 146, 136, 130, 124, 118, 113, 106, 101, 99, 91, 89, 81, 69, 63, 59, 56, 53, 52, 51, 49, 44, 38, 36, 34, 32, 30, 28, 26, 25, 24, 22, 17, 17, 17, 16, 15, 14, 14, 14, 12, 11, 9, 9, 8, 7, 5, 4, 4, 3, 2, 1, 0, 0
dead, 0, 0, 3, 1, 1, 5, 4, 5, 10, 15, 25, 26, 23, 30, 45, 50, 60, 75, 73, 90, 91, 104, 102, 109, 104, 99, 97, 121, 129, 123, 114, 126, 104, 103, 108, 93, 96, 89, 92, 95, 72, 74, 81, 75, 70, 74, 72, 70, 53, 50, 42, 59, 44, 46, 44, 35, 23, 25, 32, 28, 19, 12, 16, 23, 23, 24, 21, 17, 13, 24, 19, 18, 13, 12, 16, 15, 20, 12, 8, 10, 6, 6, 6, 6, 6, 4, 6, 6, 8, 10, 6, 7, 5, 5, 3, 1, 1, 3, 2, 1, 2, 2, 1, 0, 0, 0, 1, 1, 4, 3, 1, 1, 2, 3, 2, 0, 1, 2, 2, 1, 1, 0, 0, 1, 0, 0, 0, 0, 1, 0
rec, 0, 0, 0, 0, 0, 2, 2, 5, 7, 9, 13, 15, 25, 33, 48, 66, 84, 108, 129, 150, 174, 194, 234, 261, 280, 309, 337, 356, 385, 414, 437, 466, 492, 514, 536, 558, 581, 615, 634, 649, 677, 699, 715, 738, 751, 770, 781, 796, 810, 820, 834, 845, 858, 864, 871, 883, 900, 910, 919, 926, 933, 940, 941, 945, 953, 958, 963, 964, 967, 973, 978, 982, 987, 989, 994, 994, 995, 1000, 1003, 1004, 1005, 1005, 1006, 1007, 1007, 1009, 1011, 1011, 1012, 1013, 1014, 1014, 1014, 1015, 1015, 1015, 1016, 1016, 1018, 1019, 1019, 1019, 1020, 1020, 1021, 1021, 1022, 1023, 1024, 1024, 1024, 1024, 1024, 1024, 1024, 1024, 1024, 1024, 1024, 1024, 1025, 1026, 1026, 1026, 1026, 1027, 1027, 1027, 1027, 1027
rem, 1, 1, 1, 4, 5, 14, 18, 23, 31, 42, 60, 88, 125, 159, 193, 244, 310, 375, 465, 544, 642, 724, 836, 936, 1051, 1154, 1272, 1380, 1492, 1605, 1717, 1813, 1924, 2017, 2119, 2209, 2303, 2383, 2463, 2538, 2629, 2706, 2773, 2832, 2904, 2960, 3028, 3083, 3139, 3189, 3235, 3278, 3330, 3364, 3408, 3446, 3476, 3499, 3522, 3547, 3575, 3599, 3619, 3634, 3651, 3672, 3692, 3706, 3720, 3725, 3746, 3762, 3773, 3788, 3796, 3808, 3815, 3830, 3842, 3847, 3856, 3862, 3867, 3875, 3880, 3885, 3890, 3892, 3897, 3906, 3915, 3919, 3924, 3926, 3929, 3932, 3933, 3936, 3941, 3943, 3944, 3946, 3948, 3951, 3952, 3953, 3953, 3954, 3955, 3956, 3958, 3959, 3959, 3959, 3960, 3962, 3963, 3963, 3965, 3966, 3966, 3967, 3969, 3969, 3970, 3970, 3971, 3972, 3972, 3973
timesteps, 0, 1, 2, 3, 4, 5, 6, 7, 8, 9, 10, 11, 12, 13, 14, 15, 16, 17, 18, 19, 20, 21, 22, 23, 24, 25, 26, 27, 28, 29, 30, 31, 32, 33, 34, 35, 36, 37, 38, 39, 40, 41, 42, 43, 44, 45, 46, 47, 48, 49, 50, 51, 52, 53, 54, 55, 56, 57, 58, 59, 60, 61, 62, 63, 64, 65, 66, 67, 68, 69, 70, 71, 72, 73, 74, 75, 76, 77, 78, 79, 80, 81, 82, 83, 84, 85, 86, 87, 88, 89, 90, 91, 92, 93, 94, 95, 96, 97, 98, 99, 100, 101, 102, 103, 104, 105, 106, 107, 108, 109, 110, 112, 113, 114, 115, 116, 117, 118, 119, 121, 122, 124, 125, 126, 127, 129, 130, 131, 132, 133, 135, 136, 137, 154, 157, 189, 193
events, 17, 26, 21, 21, 39, 63, 97, 126, 190, 232, 270, 393, 500, 645, 688, 770, 808, 746, 704, 690, 598, 541, 484, 431, 455, 470, 408, 383, 395, 389, 332, 341, 328, 336, 303, 270, 262, 286, 260, 281, 252, 235, 196, 204, 191, 211, 175, 180, 163, 158, 127, 134, 102, 104, 113, 102, 117, 103, 75, 78, 93, 90, 79, 63, 60, 82, 66, 44, 47, 48, 44, 34, 42, 39, 34, 38, 28, 33, 27, 26, 29, 18, 23, 22, 20, 18, 19, 14, 13, 16, 15, 14, 19, 2, 6, 6, 5, 12, 9, 6, 11, 1, 4, 14, 2, 7, 5, 6, 2, 1, 1, 3, 2, 1, 5, 5, 2, 4, 4, 3, 1, 1, 1, 2, 1, 4, 4, 2, 1, 1, 2, 1, 1, 1, 1, 1, 1
sus, 4981, 4957, 4940, 4925, 4894, 4849, 4768, 4675, 4526, 4338, 4137, 3848, 3491, 3003, 2528, 1995, 1494, 1082, 741, 481, 289, 179, 114, 74, 48, 34, 23, 16, 11, 9, 4, 3, 2, 1, 1, 1, 1, 1, 1, 1, 1, 0, 0, 0, 0, 0, 0, 0, 0, 0, 0, 0, 0, 0, 0, 0, 0, 0, 0, 0, 0, 0, 0, 0, 0, 0, 0, 0, 0, 0, 0, 0, 0, 0, 0, 0, 0, 0, 0, 0, 0, 0, 0, 0, 0, 0, 0, 0, 0, 0, 0, 0, 0, 0, 0, 0, 0, 0, 0, 0, 0, 0, 0, 0, 0, 0, 0, 0, 0, 0, 0, 0, 0, 0, 0, 0, 0, 0, 0, 0, 0, 0, 0, 0, 0, 0, 0, 0, 0, 0, 0, 0, 0, 0, 0, 0, 0
exp, 11, 34, 49, 58, 83, 113, 181, 248, 362, 515, 660, 866, 1105, 1472, 1787, 2145, 2422, 2599, 2685, 2679, 2621, 2510, 2367, 2216, 2055, 1884, 1738, 1605, 1492, 1366, 1273, 1174, 1074, 980, 905, 833, 760, 696, 647, 579, 532, 481, 441, 410, 376, 343, 308, 284, 257, 229, 210, 192, 174, 158, 148, 138, 120, 113, 106, 99, 89, 81, 71, 65, 60, 57, 52, 49, 46, 42, 38, 34, 30, 27, 25, 23, 20, 17, 15, 14, 14, 12, 11, 11, 10, 8, 8, 8, 7, 6, 5, 3, 3, 3, 3, 3, 2, 2, 1, 0, 0, 0, 0, 0, 0, 0, 0, 0, 0, 0, 0, 0, 0, 0, 0, 0, 0, 0, 0, 0, 0, 0, 0, 0, 0, 0, 0, 0, 0, 0, 0, 0, 0, 0, 0, 0, 0
inf, 8, 8, 9, 15, 20, 33, 43, 66, 98, 127, 176, 245, 345, 445, 571, 713, 884, 1066, 1257, 1422, 1572, 1677, 1767, 1849, 1893, 1931, 1952, 1964, 1931, 1917, 1890, 1855, 1827, 1781, 1741, 1702, 1665, 1608, 1538, 1489, 1421, 1376, 1336, 1277, 1216, 1157, 1113, 1059, 1017, 965, 926, 883, 858, 826, 776, 736, 698, 660, 625, 596, 560, 530, 504, 475, 455, 415, 385, 368, 349, 326, 313, 300, 284, 266, 251, 232, 223, 210, 197, 186, 173, 166, 155, 143, 134, 128, 116, 110, 104, 98, 92, 87, 78, 78, 75, 71, 70, 63, 61, 59, 52, 51, 48, 42, 40, 38, 35, 32, 31, 30, 30, 29, 27, 26, 23, 21, 20, 17, 15, 14, 14, 13, 12, 11, 11, 8, 6, 4, 4, 4, 3, 3, 2, 1, 1, 0, 0
dead, 0, 0, 0, 0, 0, 1, 3, 2, 2, 5, 5, 5, 10, 12, 23, 21, 38, 35, 49, 66, 90, 92, 89, 80, 102, 98, 99, 99, 107, 105, 99, 103, 109, 117, 94, 86, 103, 102, 106, 104, 105, 94, 77, 69, 87, 73, 71, 58, 51, 57, 54, 47, 43, 38, 38, 36, 44, 33, 40, 38, 42, 28, 27, 32, 24, 24, 29, 22, 13, 18, 10, 12, 10, 14, 14, 17, 15, 14, 15, 14, 11, 11, 11, 10, 9, 6, 11, 7, 7, 6, 6, 7, 5, 3, 1, 2, 2, 3, 1, 2, 4, 5, 7, 4, 5, 2, 2, 1, 1, 2, 1, 0, 1, 2, 3, 1, 1, 3, 2, 1, 0, 0, 1, 1, 0, 1, 1, 3, 2, 1, 1, 0, 0, 1, 0, 1, 0
rec, 0, 1, 1, 1, 1, 1, 2, 2, 2, 2, 3, 10, 16, 20, 24, 30, 36, 46, 52, 73, 93, 113, 141, 168, 190, 217, 248, 268, 290, 317, 344, 370, 396, 430, 455, 487, 501, 522, 545, 568, 592, 615, 636, 651, 666, 686, 706, 719, 728, 752, 763, 776, 782, 795, 812, 822, 827, 832, 841, 844, 849, 857, 861, 869, 872, 879, 883, 889, 898, 903, 905, 907, 911, 913, 915, 918, 919, 922, 926, 926, 926, 928, 930, 933, 935, 938, 938, 940, 942, 942, 942, 943, 944, 944, 946, 947, 947, 948, 948, 948, 949, 949, 949, 950, 951, 951, 952, 953, 953, 953, 953, 953, 954, 954, 954, 955, 955, 955, 956, 956, 956, 957, 957, 957, 957, 958, 958, 958, 958, 958, 958, 958, 959, 959, 959, 959, 959
rem, 0, 0, 1, 1, 2, 3, 3, 7, 10, 13, 19, 26, 33, 48, 67, 96, 126, 172, 216, 279, 335, 429, 522, 613, 712, 836, 940, 1048, 1169, 1286, 1390, 1495, 1592, 1691, 1804, 1891, 1970, 2071, 2163, 2259, 2349, 2434, 2510, 2593, 2655, 2741, 2802, 2880, 2947, 2997, 3047, 3102, 3143, 3183, 3226, 3268, 3311, 3362, 3388, 3423, 3460, 3504, 3537, 3559, 3589, 3625, 3651, 3672, 3694, 3711, 3734, 3747, 3765, 3780, 3795, 3810, 3823, 3837, 3847, 3860, 3876, 3883, 3893, 3903, 3912, 3920, 3927, 3935, 3940, 3948, 3955, 3960, 3970, 3972, 3975, 3977, 3979, 3984, 3989, 3991, 3995, 3995, 3996, 4004, 4004, 4009, 4011, 4014, 4015, 4015, 4016, 4018, 4018, 4018, 4020, 4023, 4024, 4025, 4027, 4029, 4030, 4030, 4030, 4031, 4032, 4033, 4035, 4035, 4036, 4037, 4038, 4039, 4039, 4039, 4040, 4040, 4041
timesteps, 0, 1, 2, 3, 4, 5, 6, 7, 8, 9, 10, 11, 12, 13, 14, 15, 16, 17, 18, 19, 20, 21, 22, 23, 24, 25, 26, 27, 28, 29, 30, 31, 32, 33, 34, 35, 36, 37, 38, 39, 40, 41, 42, 43, 44, 45, 46, 47, 48, 49, 50, 51, 52, 53, 54, 55, 56, 57, 58, 59, 60, 61, 62, 63, 64, 65, 66, 67, 68, 69, 70, 71, 72, 73, 74, 75, 76, 77, 78, 79, 80, 81, 82, 83, 84, 85, 86, 87, 88, 89, 90, 91, 92, 93, 94, 95, 96, 97, 98, 99, 100, 101, 102, 103, 104, 105, 106, 107, 108, 109, 110, 111, 112, 113, 114, 115, 116, 117, 118, 122, 125, 126, 129, 130, 132, 134, 135, 138, 139, 151, 154
events, 14, 16, 14, 31, 23, 60, 64, 78, 142, 198, 280, 376, 470, 550, 712, 757, 798, 774, 669, 701, 571, 486, 537, 476, 441, 438, 385, 392, 398, 352, 377, 377, 342, 324, 318, 293, 314, 266, 280, 250, 235, 228, 253, 221, 225, 193, 178, 165, 172, 166, 142, 141, 106, 115, 113, 86, 134, 121, 89, 106, 80, 82, 73, 97, 67, 58, 74, 67, 79, 39, 45, 49, 50, 45, 26, 44, 26, 27, 17, 24, 26, 16, 26, 10, 22, 17, 28, 14, 19, 16, 11, 10, 8, 21, 4, 7, 10, 8, 13, 5, 8, 9, 4, 5, 5, 7, 7, 6, 1, 6, 2, 1, 1, 1, 2, 3, 5, 1, 1, 4, 2, 4, 1, 1, 4, 1, 4, 2, 1, 1, 1
sus, 4983, 4970, 4957, 4933, 4918, 4869, 4814, 4758, 4650, 4506, 4292, 4016, 3660, 3251, 2747, 2213, 1690, 1226, 866, 564, 362, 234, 147, 87, 55, 32, 22, 15, 10, 6, 3, 1, 1, 1, 1, 1, 0, 0, 0, 0, 0, 0, 0, 0, 0, 0, 0, 0, 0, 0, 0, 0, 0, 0, 0, 0, 0, 0, 0, 0, 0, 0, 0, 0, 0, 0, 0, 0, 0, 0, 0, 0, 0, 0, 0, 0, 0, 0, 0, 0, 0, 0, 0, 0, 0, 0, 0, 0, 0, 0, 0, 0, 0, 0, 0, 0, 0, 0, 0, 0, 0, 0, 0, 0, 0, 0, 0, 0, 0, 0, 0, 0, 0, 0, 0, 0, 0, 0, 0, 0, 0, 0, 0, 0, 0, 0, 0, 0, 0, 0, 0
exp, 12, 22, 34, 53, 60, 101, 150, 186, 268, 369, 533, 732, 996, 1281, 1625, 1993, 2317, 2567, 2705, 2744, 2712, 2629, 2465, 2313, 2161, 2022, 1866, 1722, 1597, 1479, 1355, 1228, 1115, 1017, 927, 847, 770, 703, 637, 574, 528, 475, 430, 381, 343, 314, 281, 254, 227, 208, 194, 171, 153, 138, 126, 117, 107, 99, 94, 84, 79, 75, 66, 61, 56, 52, 45, 43, 39, 38, 35, 34, 30, 29, 27, 27, 24, 20, 19, 18, 17, 15, 14, 13, 12, 11, 10, 10, 9, 9, 8, 8, 8, 7, 7, 7, 7, 6, 6, 6, 5, 4, 4, 4, 4, 4, 4, 3, 3, 3, 3, 3, 3, 3, 3, 3, 2, 2, 2, 2, 2, 2, 2, 2, 0, 0, 0, 0, 0, 0, 0
inf, 5, 8, 9, 13, 21, 27, 31, 50, 71, 108, 147, 210, 290, 402, 528, 663, 816, 975, 1146, 1323, 1479, 1600, 1738, 1826, 1882, 1904, 1955, 1982, 1960, 1959, 1942, 1937, 1925, 1894, 1865, 1825, 1771, 1736, 1684, 1646, 1590, 1539, 1472, 1425, 1356, 1301, 1254, 1206, 1157, 1102, 1048, 1007, 976, 939, 896, 862, 793, 746, 702, 660, 622, 586, 559, 512, 481, 458, 429, 395, 360, 344, 325, 302, 279, 261, 250, 223, 215, 207, 199, 188, 176, 169, 154, 151, 141, 133, 119, 110, 101, 94, 89, 83, 80, 69, 67, 65, 59, 55, 50, 48, 45, 40, 37, 34, 32, 28, 23, 22, 21, 19, 18, 17, 17, 16, 15, 13, 12, 11, 11, 9, 7, 6, 5, 5, 6, 5, 3, 2, 1, 0, 0
dead, 0, 0, 0, 0, 0, 1, 1, 1, 2, 2, 4, 5, 3, 7, 20, 20, 30, 32, 37, 52, 54, 70, 76, 92, 96, 104, 106, 100, 116, 110, 118, 115, 112, 121, 103, 112, 106, 95, 91, 84, 72, 87, 85, 88, 94, 82, 79, 80, 69, 51, 46, 44, 49, 44, 43, 41, 55, 42, 45, 42, 44, 37, 37, 36, 43, 39, 36, 35, 29, 24, 22, 18, 22, 13, 14, 14, 11, 10, 11, 8, 6, 6, 11, 10, 5, 5, 5, 6, 8, 3, 5, 7, 5, 8, 8, 5, 5, 7, 3, 2, 1, 5, 6, 4, 3, 1, 3, 2, 3, 1, 0, 1, 0, 0, 0, 1, 0, 1, 0, 0, 2, 0, 1, 0, 0, 1, 0, 0, 0, 1, 0
rec, 0, 0, 0, 0, 0, 0, 1, 1, 2, 3, 7, 11, 15, 18, 25, 30, 36, 48, 58, 79, 98, 115, 136, 164, 191, 210, 229, 249, 274, 300, 333, 358, 382, 405, 433, 451, 486, 502, 528, 550, 577, 595, 613, 630, 651, 667, 685, 696, 714, 733, 746, 758, 763, 772, 782, 793, 813, 823, 834, 845, 854, 863, 871, 884, 887, 891, 899, 907, 916, 917, 921, 925, 929, 932, 933, 943, 945, 947, 948, 952, 955, 959, 961, 961, 967, 969, 972, 975, 975, 978, 978, 978, 978, 979, 979, 979, 981, 982, 983, 983, 985, 985, 986, 989, 989, 992, 993, 993, 993, 993, 994, 994, 994, 995, 995, 995, 996, 996, 996, 996, 996, 996, 996, 996, 996, 996, 997, 997, 998, 998, 998
rem, 0, 0, 0, 1, 1, 2, 3, 4, 7, 12, 17, 26, 36, 41, 55, 81, 111, 152, 188, 238, 295, 352, 438, 518, 615, 728, 822, 932, 1043, 1146, 1249, 1361, 1465, 1562, 1671, 1764, 1867, 1964, 2060, 2146, 2233, 2304, 2400, 2476, 2556, 2636, 2701, 2764, 2833, 2906, 2966, 3020, 3059, 3107, 3153, 3187, 3232, 3290, 3325, 3369, 3401, 3439, 3467, 3507, 3533, 3560, 3591, 3620, 3656, 3677, 3697, 3721, 3740, 3765, 3776, 3793, 3805, 3816, 3823, 3834, 3846, 3851, 3860, 3865, 3875, 3882, 3894, 3899, 3907, 3916, 3920, 3924, 3929, 3937, 3939, 3944, 3948, 3950, 3958, 3961, 3964, 3966, 3967, 3969, 3972, 3975, 3977, 3980, 3980, 3984, 3985, 3985, 3986, 3986, 3987, 3988, 3990, 3990, 3991, 3993, 3993, 3996, 3996, 3997, 3998, 3998, 4000, 4001, 4001, 4001, 4002
