timesteps, 0, 1, 2, 3, 4, 5, 6, 7, 8, 9, 10, 11, 12, 13, 14, 15, 16, 17, 18, 19, 20, 21, 22, 23, 24, 25, 26, 27, 28, 29, 30, 31, 32, 33, 34, 35, 36, 37, 38, 39, 40, 41, 42, 43, 44, 45, 46, 47, 48, 49, 50, 51, 52, 53, 54, 55, 56, 57, 58, 59, 60, 61, 62, 63, 64, 65, 66, 67, 68, 69, 70, 71, 72, 73, 74, 75, 76, 77, 78, 79, 80, 81, 82, 83, 84, 85, 86, 87, 88, 89, 90, 91, 92, 93, 94, 95, 96, 97, 98, 99, 100, 101, 102, 104, 105, 106, 107, 108, 109, 110, 111, 112, 113, 114, 115, 117, 118, 119, 121, 124, 125, 127, 128, 132, 133, 151
events, 10, 18, 17, 36, 54, 102, 106, 143, 216, 319, 457, 580, 625, 724, 725, 817, 732, 728, 666, 548, 536, 523, 420, 419, 417, 411, 398, 402, 368, 372, 336, 373, 297, 291, 294, 310, 255, 271, 243, 235, 228, 195, 198, 204, 207, 172, 191, 147, 138, 131, 156, 108, 135, 129, 114, 94, 95, 88, 99, 84, 81, 59, 81, 60, 66, 64, 63, 53, 40, 49, 52, 44, 36, 30, 28, 19, 42, 31, 24, 20, 18, 16, 23, 19, 21, 13, 10, 24, 13, 14, 10, 10, 12, 8, 7, 6, 7, 12, 10, 3, 6, 1, 5, 2, 3, 1, 4, 8, 7, 5, 3, 1, 2, 2, 2, 3, 4, 3, 6, 2, 3, 2, 2, 3, 1, 2
sus, 4987, 4970, 4959, 4933, 4888, 4801, 4714, 4605, 4447, 4203, 3856, 3421, 2976, 2450, 1967, 1449, 1044, 688, 401, 257, 162, 92, 57, 38, 29, 19, 11, 8, 4, 3, 3, 3, 2, 2, 2, 2, 1, 1, 1, 1, 0, 0, 0, 0, 0, 0, 0, 0, 0, 0, 0, 0, 0, 0, 0, 0, 0, 0, 0, 0, 0, 0, 0, 0, 0, 0, 0, 0, 0, 0, 0, 0, 0, 0, 0, 0, 0, 0, 0, 0, 0, 0, 0, 0, 0, 0, 0, 0, 0, 0, 0, 0, 0, 0, 0, 0, 0, 0, 0, 0, 0, 0, 0, 0, 0, 0, 0, 0, 0, 0, 0, 0, 0, 0, 0, 0, 0, 0, 0, 0, 0, 0, 0, 0, 0, 0
exp, 8, 24, 29, 46, 82, 157, 228, 308, 419, 596, 858, 1189, 1487, 1859, 2142, 2444, 2600, 2688, 2743, 2626, 2483, 2310, 2146, 1986, 1833, 1700, 1569, 1424, 1316, 1210, 1102, 1008, 936, 863, 802, 741, 682, 620, 572, 527, 488, 453, 418, 378, 335, 308, 273, 244, 218, 202, 183, 174, 162, 150, 139, 135, 130, 120, 114, 103, 89, 85, 75, 68, 63, 59, 56, 50, 47, 44, 37, 32, 29, 27, 26, 24, 22, 20, 19, 19, 17, 15, 11, 10, 10, 8, 7, 7, 7, 7, 7, 7, 7, 6, 6, 6, 6, 5, 4, 4, 3, 3, 3, 3, 3, 3, 3, 3, 3, 3, 2, 1, 1, 1, 1, 1, 1, 0, 0, 0, 0, 0, 0, 0, 0, 0
inf, 5, 6, 12, 20, 29, 39, 52, 77, 115, 179, 248, 328, 455, 582, 759, 920, 1124, 1332, 1473, 1648, 1768, 1887, 1985, 2036, 2059, 2050, 2051, 2059, 2028, 1988, 1967, 1911, 1866, 1827, 1762, 1684, 1635, 1579, 1515, 1459, 1402, 1346, 1296, 1249, 1198, 1153, 1105, 1075, 1041, 988, 935, 888, 825, 779, 733, 689, 643, 613, 568, 540, 519, 492, 459, 438, 413, 379, 351, 332, 318, 297, 281, 264, 246, 233, 220, 213, 191, 178, 166, 156, 150, 143, 138, 127, 117, 113, 108, 96, 88, 81, 75, 72, 65, 62, 58, 55, 52, 47, 43, 42, 40, 39, 36, 35, 33, 32, 29, 25, 21, 18, 18, 19, 18, 16, 15, 14, 12, 12, 9, 8, 6, 5, 3, 1, 1, 0
dead, 0, 0, 0, 0, 0, 1, 3, 5, 9, 6, 11, 11, 12, 20, 17, 30, 33, 35, 47, 62, 60, 78, 81, 91, 94, 110, 105, 105, 114, 116, 117, 114, 103, 91, 91, 92, 92, 91, 92, 89, 78, 84, 77, 68, 80, 65, 63, 51, 45, 49, 41, 40, 53, 45, 43, 41, 44, 42, 42, 36, 35, 29, 40, 34, 24, 32, 29, 26, 22, 19, 16, 15, 17, 19, 15, 14, 18, 15, 14, 12, 11, 13, 10, 13, 10, 10, 10, 8, 8, 6, 7, 3, 3, 3, 4, 3, 2, 3, 2, 0, 0, 1, 0, 0, 1, 2, 3, 2, 2, 1, 1, 1, 1, 2, 2, 1, 1, 1, 0, 0, 0, 0, 0, 1, 0, 0
rec, 0, 0, 0, 1, 1, 1, 2, 3, 6, 7, 9, 16, 22, 24, 31, 45, 54, 68, 91, 105, 140, 160, 173, 198, 227, 257, 287, 316, 341, 369, 398, 422, 446, 464, 483, 511, 535, 563, 591, 606, 624, 640, 654, 673, 685, 699, 711, 723, 737, 756, 771, 785, 799, 806, 819, 827, 836, 840, 849, 860, 864, 877, 881, 890, 899, 907, 912, 918, 919, 924, 928, 934, 941, 941, 946, 948, 952, 956, 960, 962, 963, 965, 967, 970, 972, 973, 976, 978, 981, 983, 984, 984, 986, 987, 987, 988, 988, 988, 990, 991, 992, 992, 994, 994, 994, 994, 995, 996, 997, 999, 999, 999, 999, 1000, 1000, 1000, 1000, 1000, 1001, 1001, 1002, 1002, 1004, 1004, 1004, 1004
rem, 0, 0, 0, 0, 0, 1, 1, 2, 4, 9, 18, 35, 48, 65, 84, 112, 145, 189, 245, 302, 387, 473, 558, 651, 758, 864, 977, 1088, 1197, 1314, 1413, 1542, 1647, 1753, 1860, 1970, 2055, 2146, 2229, 2318, 2408, 2477, 2555, 2632, 2702, 2775, 2848, 2907, 2959, 3005, 3070, 3113, 3161, 3220, 3266, 3308, 3347, 3385, 3427, 3461, 3493, 3517, 3545, 3570, 3601, 3623, 3652, 3674, 3694, 3716, 3738, 3755, 3767, 3780, 3793, 3801, 3817, 3831, 3841, 3851, 3859, 3864, 3874, 3880, 3891, 3896, 3899, 3911, 3916, 3923, 3927, 3934, 3939, 3942, 3945, 3948, 3952, 3957, 3961, 3963, 3965, 3965, 3967, 3968, 3969, 3969, 3970, 3974, 3977, 3979, 3980, 3980, 3981, 3981, 3982, 3984, 3986, 3987, 3990, 3991, 3992, 3993, 3993, 3994, 3995, 3996
timesteps, 0, 1, 2, 3, 4, 5, 6, 7, 8, 9, 10, 11, 12, 13, 14, 15, 16, 17, 18, 19, 20, 21, 22, 23, 24, 25, 26, 27, 28, 29, 30, 31, 32, 33, 34, 35, 36, 37, 38, 39, 40, 41, 42, 43, 44, 45, 46, 47, 48, 49, 50, 51, 52, 53, 54, 55, 56, 57, 58, 59, 60, 61, 62, 63, 64, 65, 66, 67, 68, 69, 70, 71, 72, 73, 74, 75, 76, 77, 78, 79, 80, 81, 82, 83, 84, 85, 86, 87, 88, 89, 90, 91, 92, 93, 94, 95, 96, 97, 98, 99, 100, 101, 102, 103, 104, 105, 106, 107, 108, 109, 110, 111, 112, 114, 115, 116, 117, 118, 120, 121, 122, 125, 126, 131, 132, 133, 134, 137, 140, 143, 148, 149, 151, 153, 172, 175, 177
events, 29, 34, 30, 29, 55, 77, 114, 140, 183, 259, 342, 425, 547, 621, 800, 770, 791, 803, 698, 573, 534, 495, 481, 437, 402, 383, 434, 376, 366, 351, 360, 352, 367, 306, 359, 291, 284, 287, 250, 234, 225, 254, 194, 207, 204, 181, 169, 173, 150, 167, 138, 150, 117, 119, 106, 96, 88, 108, 99, 94, 75, 64, 63, 60, 59, 61, 37, 66, 53, 32, 41, 45, 38, 24, 35, 37, 17, 29, 38, 17, 19, 19, 22, 11, 21, 16, 21, 15, 13, 16, 20, 10, 16, 11, 8, 5, 8, 8, 8, 11, 5, 7, 8, 2, 6, 6, 4, 1, 2, 5, 2, 3, 5, 3, 1, 1, 4, 2, 3, 3, 1, 3, 1, 1, 1, 1, 1, 1, 2, 2, 1, 1, 1, 1, 2, 1, 1
sus, 4964, 4934, 4912, 4894, 4848, 4792, 4702, 4588, 4451, 4247, 3987, 3682, 3275, 2838, 2286, 1778, 1302, 880, 570, 352, 226, 134, 81, 53, 28, 18, 13, 8, 7, 5, 2, 2, 1, 1, 0, 0, 0, 0, 0, 0, 0, 0, 0, 0, 0, 0, 0, 0, 0, 0, 0, 0, 0, 0, 0, 0, 0, 0, 0, 0, 0, 0, 0, 0, 0, 0, 0, 0, 0, 0, 0, 0, 0, 0, 0, 0, 0, 0, 0, 0, 0, 0, 0, 0, 0, 0, 0, 0, 0, 0, 0, 0, 0, 0, 0, 0, 0, 0, 0, 0, 0, 0, 0, 0, 0, 0, 0, 0, 0, 0, 0, 0, 0, 0, 0, 0, 0, 0, 0, 0, 0, 0, 0, 0, 0, 0, 0, 0, 0, 0, 0, 0, 0, 0, 0, 0, 0
exp, 27, 56, 72, 80, 120, 161, 232, 322, 423, 581, 779, 991, 1292, 1575, 1944, 2253, 2500, 2673, 2726, 2720, 2603, 2463, 2302, 2142, 2001, 1836, 1677, 1545, 1423, 1321, 1205, 1101, 991, 917, 831, 773, 699, 631, 583, 540, 502, 454, 413, 376, 343, 311, 277, 254, 231, 217, 203, 185, 171, 157, 146, 133, 119, 105, 99, 92, 88, 84, 74, 67, 57, 54, 51, 45, 39, 36, 34, 31, 27, 26, 25, 20, 19, 19, 13, 13, 12, 11, 10, 10, 9, 8, 8, 7, 7, 6, 5, 5, 4, 4, 4, 4, 4, 4, 4, 3, 2, 2, 2, 2, 2, 2, 2, 2, 2, 2, 2, 1, 1, 1, 1, 1, 1, 1, 1, 1, 1, 1, 1, 1, 1, 1, 0, 0, 0, 0, 0, 0, 0, 0, 0, 0, 0
inf, 9, 7, 13, 22, 26, 37, 53, 76, 108, 148, 197, 272, 359, 493, 638, 800, 974, 1139, 1327, 1474, 1620, 1756, 1842, 1902, 1946, 2015, 2028, 2025, 2023, 1986, 1978, 1936, 1900, 1846, 1782, 1711, 1671, 1623, 1564, 1493, 1437, 1370, 1330, 1273, 1215, 1167, 1122, 1069, 1020, 953, 898, 844, 806, 768, 728, 692, 667, 630, 585, 549, 515, 483, 464, 436, 421, 395, 378, 354, 335, 322, 302, 283, 273, 264, 243, 229, 222, 204, 191, 182, 173, 163, 151, 144, 134, 128, 117, 111, 106, 96, 88, 84, 77, 70, 65, 64, 58, 54, 49, 45, 44, 40, 35, 33, 31, 29, 26, 26, 25, 22, 22, 22, 19, 17, 17, 17, 15, 14, 12, 10, 10, 8, 8, 7, 6, 6, 7, 6, 5, 4, 3, 3, 2, 2, 1, 0, 0
dead, 0, 2, 0, 1, 1, 3, 4, 4, 1, 4, 6, 9, 10, 15, 18, 23, 33, 53, 47, 51, 62, 68, 77, 87, 97, 95, 102, 115, 99, 100, 87, 100, 114, 108, 111, 117, 114, 102, 94, 104, 89, 85, 76, 76, 68, 59, 67, 57, 62, 56, 55, 58, 46, 38, 33, 36, 33, 32, 33, 27, 25, 26, 21, 33, 30, 24, 28, 20, 18, 18, 20, 20, 12, 5, 10, 10, 10, 12, 12, 8, 6, 7, 9, 9, 11, 10, 8, 7, 2, 9, 7, 4, 5, 7, 7, 3, 5, 3, 3, 3, 3, 4, 6, 6, 4, 1, 3, 2, 2, 3, 1, 1, 2, 3, 2, 1, 1, 1, 1, 2, 1, 1, 0, 1, 1, 0, 0, 1, 0, 0, 1, 0, 1, 0, 0, 1, 0
rec, 0, 1, 1, 1, 2, 2, 2, 2, 3, 3, 7, 13, 16, 21, 29, 35, 49, 65, 78, 97, 115, 130, 163, 188, 211, 227, 257, 290, 314, 350, 379, 410, 435, 465, 493, 512, 533, 558, 578, 605, 621, 649, 667, 685, 704, 724, 739, 751, 763, 778, 793, 802, 815, 822, 834, 846, 853, 862, 870, 875, 882, 893, 903, 908, 912, 918, 920, 928, 933, 936, 939, 941, 943, 947, 952, 958, 958, 963, 969, 974, 978, 981, 984, 987, 987, 987, 990, 991, 993, 993, 994, 995, 995, 996, 998, 999, 1001, 1003, 1005, 1005, 1005, 1005, 1005, 1007, 1007, 1008, 1008, 1008, 1008, 1008, 1008, 1008, 1008, 1008, 1008, 1008, 1008, 1008, 1009, 1009, 1009, 1010, 1010, 1010, 1011, 1011, 1011, 1011, 1012, 1012, 1012, 1012, 1012, 1012, 1012, 1012, 1012
rem, 0, 0, 2, 2, 3, 5, 7, 8, 14, 17, 24, 33, 48, 58, 85, 111, 142, 190, 252, 306, 374, 449, 535, 628, 717, 809, 923, 1017, 1134, 1238, 1349, 1451, 1559, 1663, 1783, 1887, 1983, 2086, 2181, 2258, 2351, 2442, 2514, 2590, 2670, 2739, 2795, 2869, 2924, 2996, 3051, 3111, 3162, 3215, 3259, 3293, 3328, 3371, 3413, 3457, 3490, 3514, 3538, 3556, 3580, 3609, 3623, 3653, 3675, 3688, 3705, 3725, 3745, 3758, 3770, 3783, 3791, 3802, 3815, 3823, 3831, 3838, 3846, 3850, 3859, 3867, 3877, 3884, 3892, 3896, 3906, 3912, 3919, 3923, 3926, 3930, 3932, 3936, 3939, 3944, 3946, 3949, 3952, 3952, 3956, 3960, 3961, 3962, 3963, 3965, 3967, 3968, 3970, 3971, 3972, 3973, 3975, 3976, 3977, 3978, 3979, 3980, 3981, 3981, 3981, 3982, 3982, 3982, 3983, 3984, 3984, 3985, 3985, 3986, 3987, 3987, 3988
timesteps, 0, 1, 2, 3, 4, 5, 6, 7, 8, 9, 10, 11, 12, 13, 14, 15, 16, 17, 18, 19, 20, 21, 22, 23, 24, 25, 26, 27, 28, 29, 30, 31, 32, 33, 34, 35, 36, 37, 38, 39, 40, 41, 42, 43, 44, 45, 46, 47, 48, 49, 50, 51, 52, 53, 54, 55, 56, 57, 58, 59, 60, 61, 62, 63, 64, 65, 66, 67, 68, 69, 70, 71, 72, 73, 74, 75, 76, 77, 78, 79, 80, 81, 82, 83, 84, 85, 86, 87, 88, 89, 90, 91, 92, 93, 94, 95, 96, 97, 98, 99, 100, 101, 102, 103, 104, 105, 106, 107, 108, 109, 110, 111, 112, 113, 114, 115, 117, 119, 120, 121, 122, 123, 125, 126, 129, 136, 138, 139, 140, 141, 142, 151
events, 33, 36, 33, 43, 103, 130, 192, 270, 333, 482, 525, 634, 774, 822, 868, 803, 717, 560, 570, 511, 492, 463, 416, 424, 442, 426, 376, 367, 379, 374, 340, 282, 317, 260, 250, 263, 247, 258, 240, 254, 218, 195, 182, 179, 167, 125, 177, 132, 136, 127, 136, 125, 106, 93, 74, 81, 96, 82, 72, 80, 83, 64, 62, 42, 40, 47, 40, 46, 30, 40, 46, 34, 17, 31, 43, 20, 31, 16, 18, 12, 25, 17, 11, 12, 17, 12, 11, 13, 15, 11, 11, 9, 2, 8, 11, 9, 5, 4, 9, 4, 6, 6, 3, 10, 4, 6, 5, 1, 4, 4, 4, 9, 4, 3, 7, 1, 1, 3, 1, 5, 5, 1, 1, 6, 3, 1, 1, 1, 1, 1, 1, 2
sus, 4963, 4931, 4902, 4871, 4794, 4697, 4555, 4341, 4082, 3713, 3318, 2878, 2342, 1806, 1293, 880, 568, 372, 221, 126, 79, 50, 28, 16, 7, 6, 5, 4, 2, 1, 1, 1, 1, 1, 1, 1, 1, 1, 0, 0, 0, 0, 0, 0, 0, 0, 0, 0, 0, 0, 0, 0, 0, 0, 0, 0, 0, 0, 0, 0, 0, 0, 0, 0, 0, 0, 0, 0, 0, 0, 0, 0, 0, 0, 0, 0, 0, 0, 0, 0, 0, 0, 0, 0, 0, 0, 0, 0, 0, 0, 0, 0, 0, 0, 0, 0, 0, 0, 0, 0, 0, 0, 0, 0, 0, 0, 0, 0, 0, 0, 0, 0, 0, 0, 0, 0, 0, 0, 0, 0, 0, 0, 0, 0, 0, 0, 0, 0, 0, 0, 0, 0
exp, 23, 51, 77, 98, 156, 228, 328, 497, 693, 977, 1262, 1551, 1907, 2236, 2496, 2635, 2700, 2659, 2547, 2422, 2260, 2100, 1942, 1790, 1646, 1489, 1361, 1238, 1125, 1018, 946, 882, 795, 725, 669, 620, 564, 512, 472, 432, 395, 365, 333, 302, 281, 255, 239, 223, 210, 195, 176, 166, 154, 139, 126, 113, 99, 86, 82, 72, 62, 55, 49, 47, 42, 38, 38, 36, 35, 33, 29, 27, 25, 25, 23, 20, 18, 16, 15, 15, 13, 13, 13, 13, 12, 11, 9, 8, 8, 8, 7, 7, 7, 6, 6, 5, 5, 5, 4, 3, 3, 3, 3, 3, 2, 2, 1, 1, 1, 1, 1, 1, 1, 1, 1, 1, 1, 1, 1, 1, 0, 0, 0, 0, 0, 0, 0, 0, 0, 0, 0, 0
inf, 12, 16, 18, 27, 42, 62, 99, 137, 191, 261, 360, 484, 630, 786, 980, 1190, 1347, 1505, 1675, 1779, 1857, 1910, 1961, 1992, 1984, 2006, 1998, 1987, 1953, 1909, 1831, 1781, 1743, 1716, 1659, 1590, 1527, 1470, 1404, 1317, 1262, 1205, 1161, 1107, 1051, 1018, 946, 902, 846, 796, 749, 698, 659, 628, 609, 583, 555, 529, 494, 463, 436, 412, 390, 375, 359, 339, 318, 300, 285, 265, 248, 234, 228, 209, 190, 184, 172, 168, 159, 153, 143, 133, 129, 123, 116, 109, 106, 101, 93, 86, 81, 76, 75, 72, 65, 60, 59, 57, 52, 52, 50, 47, 46, 40, 40, 37, 36, 35, 33, 30, 29, 23, 22, 21, 17, 17, 16, 14, 13, 11, 10, 9, 9, 5, 4, 3, 3, 2, 2, 1, 1, 0
dead, 0, 0, 0, 0, 1, 2, 4, 4, 11, 12, 10, 16, 19, 32, 42, 39, 49, 65, 69, 87, 96, 94, 114, 108, 117, 98, 94, 102, 105, 112, 114, 109, 97, 76, 82, 72, 97, 86, 77, 93, 76, 68, 57, 61, 52, 62, 56, 48, 47, 49, 52, 46, 39, 39, 35, 36, 26, 27, 30, 37, 34, 34, 30, 21, 23, 23, 24, 18, 16, 20, 15, 13, 13, 16, 15, 16, 11, 8, 11, 10, 10, 9, 6, 4, 2, 5, 5, 5, 4, 4, 3, 4, 4, 3, 3, 6, 3, 3, 7, 6, 4, 4, 3, 3, 2, 1, 1, 2, 2, 4, 2, 4, 2, 1, 1, 0, 1, 0, 1, 0, 0, 1, 0, 1, 0, 1, 0, 1, 0, 1, 0, 0
rec, 0, 0, 1, 1, 1, 2, 2, 5, 5, 6, 10, 15, 22, 32, 38, 53, 65, 80, 106, 124, 141, 170, 194, 218, 251, 275, 307, 327, 360, 392, 422, 437, 469, 494, 520, 552, 574, 597, 622, 646, 666, 683, 696, 714, 731, 740, 761, 773, 789, 805, 817, 830, 845, 859, 866, 875, 887, 895, 902, 907, 911, 916, 920, 923, 928, 933, 934, 936, 941, 943, 948, 950, 951, 955, 957, 957, 961, 962, 962, 963, 964, 968, 968, 970, 972, 974, 975, 975, 977, 980, 983, 983, 983, 985, 988, 989, 989, 989, 989, 989, 989, 989, 989, 991, 991, 992, 992, 992, 992, 992, 992, 993, 993, 993, 994, 994, 994, 996, 996, 996, 996, 996, 996, 997, 997, 997, 997, 997, 997, 997, 997, 997
rem, 2, 2, 2, 3, 6, 9, 12, 16, 18, 31, 40, 56, 80, 108, 151, 203, 271, 319, 382, 462, 567, 676, 761, 876, 995, 1126, 1235, 1342, 1455, 1568, 1686, 1790, 1895, 1988, 2069, 2165, 2237, 2334, 2425, 2512, 2601, 2679, 2753, 2816, 2885, 2925, 2998, 3054, 3108, 3155, 3206, 3260, 3303, 3335, 3364, 3393, 3433, 3463, 3492, 3521, 3557, 3583, 3611, 3634, 3648, 3667, 3686, 3710, 3723, 3739, 3760, 3776, 3783, 3795, 3815, 3823, 3838, 3846, 3853, 3859, 3870, 3877, 3884, 3890, 3898, 3901, 3905, 3911, 3918, 3922, 3926, 3930, 3931, 3934, 3938, 3940, 3944, 3946, 3948, 3950, 3954, 3957, 3959, 3963, 3965, 3968, 3970, 3970, 3972, 3973, 3976, 3979, 3982, 3984, 3987, 3988, 3988, 3989, 3989, 3992, 3994, 3994, 3995, 3997, 3999, 3999, 4000, 4000, 4001, 4001, 4002, 4003
timesteps, 0, 1, 2, 3, 4, 5, 6, 7, 8, 9, 10, 11, 12, 13, 14, 15, 16, 17, 18, 19, 20, 21, 22, 23, 24, 25, 26, 27, 28, 29, 30, 31, 32, 33, 34, 35, 36, 37, 38, 39, 40, 41, 42, 43, 44, 45, 46, 47, 48, 49, 50, 51, 52, 53, 54, 55, 56, 57, 58, 59, 60, 61, 62, 63, 64, 65, 66, 67, 68, 69, 70, 71, 72, 73, 74, 75, 76, 77, 78, 79, 80, 81, 82, 83, 84, 85, 86, 87, 88, 89, 90, 91, 92, 93, 94, 95, 96, 97, 98, 99, 100, 101, 102, 103, 105, 106, 107, 108, 110, 111, 112, 113, 114, 115, 116, 117, 118, 119, 121, 122, 124, 125, 128, 132, 138, 148, 149, 152, 183
events, 38, 29, 42, 76, 75, 133, 205, 303, 349, 449, 556, 637, 744, 781, 801, 711, 697, 642, 601, 546, 472, 461, 456, 398, 409, 367, 376, 362, 333, 346, 316, 319, 307, 297, 282, 247, 242, 250, 232, 227, 225, 231, 168, 211, 171, 165, 176, 140, 142, 135, 106, 105, 99, 106, 105, 101, 80, 103, 78, 68, 69, 67, 69, 52, 57, 43, 66, 43, 25, 42, 46, 40, 29, 46, 32, 40, 33, 31, 34, 18, 22, 21, 22, 15, 18, 10, 9, 14, 7, 9, 12, 10, 5, 13, 6, 5, 8, 5, 11, 3, 5, 2, 3, 1, 5, 3, 2, 3, 2, 2, 2, 1, 1, 1, 2, 2, 2, 4, 2, 2, 2, 1, 4, 3, 2, 1, 1, 2, 2
sus, 4955, 4931, 4902, 4844, 4785, 4681, 4533, 4290, 4019, 3687, 3284, 2828, 2327, 1805, 1316, 933, 619, 411, 252, 152, 99, 57, 34, 21, 9, 6, 4, 4, 3, 2, 2, 2, 1, 1, 1, 1, 1, 1, 1, 0, 0, 0, 0, 0, 0, 0, 0, 0, 0, 0, 0, 0, 0, 0, 0, 0, 0, 0, 0, 0, 0, 0, 0, 0, 0, 0, 0, 0, 0, 0, 0, 0, 0, 0, 0, 0, 0, 0, 0, 0, 0, 0, 0, 0, 0, 0, 0, 0, 0, 0, 0, 0, 0, 0, 0, 0, 0, 0, 0, 0, 0, 0, 0, 0, 0, 0, 0, 0, 0, 0, 0, 0, 0, 0, 0, 0, 0, 0, 0, 0, 0, 0, 0, 0, 0, 0, 0, 0, 0
exp, 33, 52, 70, 114, 157, 236, 334, 535, 741, 979, 1266, 1587, 1903, 2222, 2478, 2625, 2706, 2655, 2569, 2434, 2261, 2104, 1927, 1762, 1616, 1514, 1391, 1268, 1178, 1075, 1002, 921, 845, 781, 714, 665, 618, 569, 512, 484, 448, 394, 363, 329, 300, 273, 249, 228, 215, 201, 188, 171, 159, 145, 134, 126, 117, 104, 97, 89, 82, 76, 68, 61, 58, 56, 51, 42, 38, 34, 32, 30, 25, 21, 17, 15, 14, 12, 12, 10, 9, 9, 8, 7, 5, 4, 3, 3, 3, 3, 3, 3, 3, 3, 3, 3, 3, 3, 2, 2, 2, 2, 2, 1, 1, 1, 1, 1, 1, 1, 1, 1, 1, 0, 0, 0, 0, 0, 0, 0, 0, 0, 0, 0, 0, 0, 0, 0, 0
inf, 11, 16, 26, 38, 54, 76, 122, 153, 211, 292, 386, 491, 635, 803, 991, 1167, 1310, 1460, 1599, 1718, 1829, 1906, 1973, 2037, 2063, 2020, 2007, 1995, 1957, 1930, 1867, 1813, 1757, 1700, 1660, 1603, 1543, 1474, 1431, 1356, 1293, 1251, 1201, 1147, 1102, 1052, 993, 945, 891, 845, 807, 778, 734, 700, 656, 612, 583, 550, 522, 497, 470, 443, 419, 404, 372, 355, 330, 325, 317, 295, 275, 256, 244, 226, 215, 195, 181, 167, 148, 144, 131, 121, 110, 104, 97, 95, 91, 82, 77, 72, 67, 61, 58, 52, 49, 46, 40, 36, 33, 31, 29, 28, 26, 27, 24, 22, 21, 20, 18, 17, 16, 15, 15, 16, 15, 14, 12, 10, 10, 9, 8, 8, 6, 4, 3, 2, 2, 1, 0
dead, 1, 1, 1, 0, 0, 2, 3, 6, 5, 4, 6, 11, 25, 32, 38, 56, 70, 91, 84, 81, 93, 83, 94, 97, 103, 106, 109, 114, 110, 110, 111, 121, 136, 118, 93, 86, 90, 100, 102, 96, 86, 80, 84, 68, 61, 59, 58, 65, 58, 51, 46, 32, 44, 39, 43, 41, 41, 32, 26, 26, 25, 27, 26, 21, 31, 21, 17, 10, 10, 18, 11, 10, 18, 15, 15, 17, 10, 9, 9, 4, 9, 5, 7, 6, 7, 3, 4, 5, 6, 6, 4, 5, 5, 2, 2, 2, 4, 5, 3, 4, 2, 1, 1, 1, 1, 1, 1, 0, 2, 1, 1, 2, 1, 1, 1, 1, 3, 3, 1, 1, 1, 0, 0, 0, 0, 1, 0, 0, 0
rec, 0, 0, 0, 1, 1, 1, 1, 2, 4, 8, 13, 22, 32, 39, 44, 54, 70, 92, 114, 138, 163, 197, 219, 237, 256, 290, 314, 340, 361, 382, 410, 432, 454, 481, 505, 526, 541, 566, 589, 606, 625, 646, 667, 682, 695, 713, 728, 740, 752, 758, 772, 790, 803, 812, 824, 837, 842, 853, 858, 864, 871, 874, 878, 882, 888, 895, 898, 899, 902, 908, 915, 920, 922, 927, 929, 933, 938, 942, 946, 947, 949, 952, 953, 954, 955, 956, 957, 960, 962, 963, 963, 964, 965, 967, 967, 968, 970, 972, 972, 972, 973, 974, 975, 975, 976, 977, 977, 977, 977, 978, 978, 978, 978, 978, 978, 978, 978, 978, 978, 978, 978, 978, 978, 979, 979, 979, 979, 979, 979
rem, 0, 0, 1, 3, 3, 4, 7, 14, 20, 30, 45, 61, 78, 99, 133, 165, 225, 291, 382, 477, 555, 653, 753, 846, 953, 1064, 1175, 1279, 1391, 1501, 1608, 1711, 1807, 1919, 2027, 2119, 2207, 2290, 2365, 2458, 2548, 2629, 2685, 2774, 2842, 2903, 2972, 3022, 3084, 3145, 3187, 3229, 3260, 3304, 3343, 3384, 3417, 3461, 3497, 3524, 3552, 3580, 3609, 3632, 3651, 3673, 3704, 3724, 3733, 3745, 3767, 3784, 3791, 3811, 3824, 3840, 3857, 3870, 3885, 3895, 3902, 3913, 3922, 3929, 3936, 3942, 3945, 3950, 3952, 3956, 3963, 3967, 3969, 3976, 3979, 3981, 3983, 3984, 3990, 3991, 3994, 3995, 3996, 3996, 3998, 3999, 4000, 4002, 4002, 4003, 4004, 4004, 4005, 4005, 4006, 4007, 4007, 4009, 4011, 4012, 4013, 4014, 4016, 4017, 4018, 4018, 4019, 4020, 4021
timesteps, 0, 1, 2, 3, 4, 5, 6, 7, 8, 9, 10, 11, 12, 13, 14, 15, 16, 17, 18, 19, 20, 21, 22, 23, 24, 25, 26, 27, 28, 29, 30, 31, 32, 33, 34, 35, 36, 37, 38, 39, 40, 41, 42, 43, 44, 45, 46, 47, 48, 49, 50, 51, 52, 53, 54, 55, 56, 57, 58, 59, 60, 61, 62, 63, 64, 65, 66, 67, 68, 69, 70, 71, 72, 73, 74, 75, 76, 77, 78, 79, 80, 81, 82, 83, 84, 85, 86, 87, 88, 89, 90, 91, 92, 93, 94, 95, 96, 97, 98, 99, 100, 101, 102, 103, 104, 105, 106, 108, 110, 111, 112, 113, 114, 115, 116, 119, 120, 122, 123, 126, 128, 130, 135, 139, 150, 153
events, 40, 66, 91, 96, 146, 154, 208, 278, 430, 519, 602, 694, 729, 772, 781, 741, 649, 554, 492, 486, 464, 455, 417, 409, 377, 377, 387, 399, 344, 362, 353, 344, 315, 269, 249, 246, 261, 247, 247, 225, 224, 193, 199, 168, 190, 152, 144, 143, 119, 122, 111, 104, 106, 88, 86, 49, 76, 99, 83, 73, 49, 70, 69, 56, 53, 49, 58, 53, 31, 38, 39, 35, 34, 27, 29, 30, 26, 29, 19, 19, 23, 17, 20, 21, 15, 13, 8, 10, 19, 14, 14, 16, 10, 8, 3, 8, 9, 12, 5, 6, 5, 12, 6, 3, 6, 4, 2, 4, 4, 2, 4, 1, 5, 3, 4, 3, 3, 2, 1, 1, 1, 2, 1, 1, 2, 2
sus, 4956, 4901, 4833, 4756, 4642, 4522, 4365, 4169, 3842, 3467, 3016, 2517, 2026, 1547, 1095, 741, 478, 306, 195, 118, 75, 49, 28, 22, 17, 8, 5, 3, 3, 2, 2, 2, 1, 1, 1, 0, 0, 0, 0, 0, 0, 0, 0, 0, 0, 0, 0, 0, 0, 0, 0, 0, 0, 0, 0, 0, 0, 0, 0, 0, 0, 0, 0, 0, 0, 0, 0, 0, 0, 0, 0, 0, 0, 0, 0, 0, 0, 0, 0, 0, 0, 0, 0, 0, 0, 0, 0, 0, 0, 0, 0, 0, 0, 0, 0, 0, 0, 0, 0, 0, 0, 0, 0, 0, 0, 0, 0, 0, 0, 0, 0, 0, 0, 0, 0, 0, 0, 0, 0, 0, 0, 0, 0, 0, 0, 0
exp, 28, 73, 122, 183, 276, 371, 487, 617, 863, 1120, 1456, 1810, 2129, 2391, 2614, 2706, 2732, 2694, 2584, 2445, 2286, 2099, 1941, 1787, 1657, 1531, 1398, 1279, 1162, 1067, 963, 875, 801, 741, 683, 631, 568, 508, 453, 416, 381, 350, 316, 294, 269, 249, 235, 213, 197, 176, 164, 155, 141, 133, 124, 116, 106, 98, 93, 87, 86, 79, 74, 68, 63, 63, 59, 51, 48, 43, 38, 34, 31, 30, 27, 25, 24, 22, 20, 20, 18, 17, 16, 14, 13, 9, 9, 9, 8, 6, 6, 6, 6, 6, 6, 5, 5, 5, 5, 4, 4, 3, 3, 3, 2, 2, 2, 1, 1, 1, 1, 1, 1, 1, 1, 1, 1, 1, 1, 1, 1, 1, 1, 0, 0, 0
inf, 16, 25, 42, 56, 69, 90, 124, 179, 248, 353, 445, 558, 688, 858, 1026, 1216, 1365, 1477, 1599, 1703, 1789, 1881, 1937, 1956, 1958, 1954, 1953, 1920, 1918, 1861, 1828, 1777, 1731, 1674, 1626, 1562, 1523, 1477, 1423, 1356, 1286, 1228, 1169, 1110, 1045, 1005, 946, 905, 863, 829, 785, 739, 704, 667, 636, 621, 589, 551, 513, 483, 453, 426, 399, 380, 358, 332, 304, 291, 282, 272, 256, 243, 227, 219, 207, 196, 183, 170, 164, 156, 145, 136, 126, 120, 113, 111, 106, 99, 89, 85, 79, 70, 64, 60, 59, 55, 50, 44, 41, 38, 35, 30, 27, 25, 25, 23, 22, 21, 19, 18, 16, 15, 12, 11, 9, 7, 5, 4, 4, 3, 3, 2, 1, 2, 1, 0
dead, 0, 1, 0, 0, 4, 0, 3, 6, 7, 7, 11, 18, 25, 36, 43, 51, 61, 62, 84, 94, 83, 81, 84, 93, 95, 110, 116, 124, 114, 133, 131, 123, 96, 94, 90, 101, 89, 95, 94, 87, 78, 75, 76, 80, 79, 52, 53, 43, 40, 40, 35, 39, 32, 33, 31, 31, 39, 32, 32, 29, 37, 33, 27, 22, 22, 21, 27, 20, 14, 9, 16, 16, 21, 13, 16, 10, 10, 10, 9, 5, 7, 10, 10, 4, 3, 3, 3, 6, 9, 9, 5, 3, 4, 4, 2, 4, 5, 4, 5, 7, 5, 4, 4, 5, 1, 1, 0, 0, 0, 0, 0, 1, 1, 0, 0, 1, 2, 1, 0, 1, 0, 0, 0, 0, 0, 0
rec, 0, 0, 1, 2, 3, 6, 7, 10, 11, 11, 17, 24, 35, 42, 57, 68, 85, 108, 124, 145, 169, 197, 223, 253, 280, 310, 330, 354, 375, 397, 424, 454, 484, 511, 536, 567, 585, 604, 631, 658, 688, 707, 727, 739, 755, 770, 785, 800, 816, 825, 843, 854, 867, 876, 881, 886, 896, 904, 912, 920, 926, 935, 941, 946, 952, 956, 960, 964, 966, 968, 969, 972, 974, 974, 975, 979, 982, 985, 985, 986, 989, 990, 993, 996, 999, 1002, 1004, 1005, 1006, 1006, 1008, 1012, 1013, 1013, 1014, 1015, 1015, 1016, 1016, 1017, 1020, 1022, 1022, 1022, 1023, 1023, 1024, 1025, 1025, 1025, 1025, 1025, 1026, 1026, 1026, 1026, 1026, 1027, 1027, 1027, 1027, 1027, 1028, 1028, 1028, 1028
rem, 0, 0, 2, 3, 6, 11, 14, 19, 29, 42, 55, 73, 97, 126, 165, 218, 279, 353, 414, 495, 598, 693, 787, 889, 993, 1087, 1198, 1320, 1428, 1540, 1652, 1769, 1887, 1979, 2064, 2139, 2235, 2316, 2399, 2483, 2567, 2640, 2712, 2777, 2852, 2924, 2981, 3039, 3084, 3130, 3173, 3213, 3256, 3291, 3328, 3346, 3370, 3415, 3450, 3481, 3498, 3527, 3559, 3584, 3605, 3628, 3650, 3674, 3690, 3708, 3721, 3735, 3747, 3764, 3775, 3790, 3801, 3813, 3822, 3833, 3841, 3847, 3855, 3866, 3872, 3875, 3878, 3881, 3888, 3894, 3902, 3909, 3913, 3917, 3919, 3921, 3925, 3931, 3933, 3934, 3936, 3941, 3944, 3945, 3949, 3951, 3952, 3953, 3955, 3956, 3958, 3958, 3960, 3962, 3964, 3965, 3966, 3967, 3968, 3968, 3969, 3970, 3970, 3970, 3971, 3972
timesteps, 0, 1, 2, 3, 4, 5, 6, 7, 8, 9, 10, 11, 12, 13, 14, 15, 16, 17, 18, 19, 20, 21, 22, 23, 24, 25, 26, 27, 28, 29, 30, 31, 32, 33, 34, 35, 36, 37, 38, 39, 40, 41, 42, 43, 44, 45, 46, 47, 48, 49, 50, 51, 52, 53, 54, 55, 56, 57, 58, 59, 60, 61, 62, 63, 64, 65, 66, 67, 68, 69, 70, 71, 72, 73, 74, 75, 76, 77, 78, 79, 80, 81, 82, 83, 84, 85, 86, 87, 88, 89, 90, 91, 92, 93, 94, 95, 96, 97, 98, 99, 100, 101, 102, 103, 104, 105, 106, 107, 108, 109, 110, 111, 112, 113, 114, 115, 116, 117, 118, 119, 121, 122, 124, 126, 128, 130, 131, 132, 133, 134, 135, 140
events, 38, 40, 36, 71, 96, 121, 137, 259, 351, 418, 514, 678, 709, 866, 746, 757, 712, 616, 546, 496, 500, 493, 402, 433, 378, 418, 364, 375, 313, 344, 324, 300, 357, 317, 261, 243, 261, 221, 226, 204, 227, 213, 194, 196, 178, 187, 176, 182, 146, 145, 125, 110, 109, 103, 106, 81, 89, 85, 70, 91, 78, 72, 56, 63, 45, 42, 59, 54, 51, 38, 49, 28, 36, 34, 28, 34, 25, 34, 31, 19, 19, 18, 18, 18, 14, 9, 13, 9, 17, 11, 8, 12, 7, 7, 6, 6, 16, 10, 8, 10, 3, 2, 11, 4, 8, 7, 11, 6, 1, 6, 4, 3, 1, 5, 5, 5, 3, 2, 4, 2, 2, 1, 2, 2, 4, 1, 3, 1, 1, 1, 2, 1
sus, 4956, 4921, 4897, 4837, 4762, 4667, 4558, 4368, 4098, 3773, 3394, 2898, 2394, 1846, 1398, 988, 648, 437, 288, 198, 122, 77, 53, 35, 23, 17, 12, 6, 6, 6, 5, 5, 3, 3, 2, 2, 2, 2, 2, 2, 1, 1, 1, 1, 1, 1, 1, 1, 1, 1, 1, 1, 1, 1, 1, 1, 1, 1, 1, 1, 1, 1, 0, 0, 0, 0, 0, 0, 0, 0, 0, 0, 0, 0, 0, 0, 0, 0, 0, 0, 0, 0, 0, 0, 0, 0, 0, 0, 0, 0, 0, 0, 0, 0, 0, 0, 0, 0, 0, 0, 0, 0, 0, 0, 0, 0, 0, 0, 0, 0, 0, 0, 0, 0, 0, 0, 0, 0, 0, 0, 0, 0, 0, 0, 0, 0, 0, 0, 0, 0, 0, 0
exp, 32, 64, 77, 128, 188, 266, 347, 478, 684, 936, 1195, 1552, 1905, 2227, 2456, 2623, 2722, 2674, 2581, 2444, 2314, 2162, 2014, 1867, 1724, 1565, 1450, 1337, 1251, 1156, 1064, 976, 891, 814, 758, 708, 652, 593, 541, 491, 459, 415, 386, 359, 324, 299, 273, 243, 222, 205, 178, 162, 146, 137, 122, 113, 101, 93, 89, 82, 77, 73, 69, 63, 58, 52, 46, 42, 38, 36, 29, 28, 28, 28, 25, 24, 21, 18, 17, 16, 15, 14, 13, 13, 13, 11, 11, 9, 7, 7, 7, 5, 5, 5, 5, 3, 2, 2, 2, 1, 1, 1, 1, 1, 1, 1, 1, 1, 1, 1, 1, 1, 1, 0, 0, 0, 0, 0, 0, 0, 0, 0, 0, 0, 0, 0, 0, 0, 0, 0, 0, 0
inf, 11, 13, 23, 31, 43, 54, 82, 137, 190, 251, 360, 473, 589, 760, 932, 1105, 1272, 1444, 1587, 1716, 1794, 1848, 1907, 1931, 1968, 1994, 1984, 1961, 1917, 1870, 1844, 1815, 1759, 1706, 1651, 1596, 1538, 1506, 1461, 1421, 1347, 1299, 1242, 1181, 1142, 1070, 1010, 958, 916, 865, 842, 810, 773, 728, 698, 670, 639, 600, 567, 532, 499, 467, 445, 418, 402, 390, 364, 340, 318, 302, 289, 276, 253, 234, 223, 208, 203, 186, 171, 163, 156, 148, 138, 128, 123, 121, 112, 109, 103, 98, 92, 89, 88, 82, 77, 78, 71, 66, 60, 58, 57, 55, 50, 49, 43, 40, 35, 32, 31, 28, 25, 24, 24, 23, 19, 16, 15, 14, 13, 11, 10, 10, 9, 8, 6, 5, 3, 3, 3, 2, 1, 0
dead, 0, 0, 0, 0, 0, 3, 3, 1, 3, 4, 9, 15, 25, 27, 29, 55, 53, 59, 84, 84, 98, 100, 99, 102, 101, 108, 99, 108, 118, 124, 107, 110, 104, 97, 96, 91, 79, 81, 75, 83, 83, 79, 76, 67, 59, 70, 75, 71, 58, 53, 45, 36, 40, 46, 35, 34, 29, 37, 43, 37, 36, 35, 26, 23, 24, 24, 30, 28, 24, 20, 13, 12, 17, 20, 19, 15, 8, 13, 10, 7, 4, 4, 7, 8, 3, 2, 4, 6, 4, 2, 6, 6, 0, 5, 7, 5, 5, 2, 6, 3, 2, 4, 3, 1, 5, 4, 3, 2, 2, 1, 2, 1, 0, 0, 2, 3, 2, 2, 0, 1, 1, 0, 0, 0, 0, 1, 2, 1, 0, 0, 0, 0
rec, 0, 0, 1, 1, 1, 1, 1, 1, 4, 7, 9, 12, 18, 34, 47, 57, 76, 98, 116, 133, 157, 190, 211, 240, 266, 290, 320, 345, 368, 397, 422, 441, 465, 492, 514, 536, 571, 589, 615, 633, 654, 673, 683, 699, 712, 733, 750, 766, 780, 793, 803, 814, 823, 831, 841, 844, 858, 867, 869, 875, 879, 884, 897, 909, 910, 910, 915, 923, 932, 936, 941, 943, 948, 949, 953, 956, 957, 961, 966, 969, 970, 971, 973, 974, 975, 977, 980, 981, 984, 985, 985, 985, 986, 986, 988, 988, 989, 992, 992, 992, 992, 992, 992, 992, 992, 992, 992, 993, 994, 995, 996, 996, 996, 996, 997, 997, 997, 997, 997, 998, 998, 998, 998, 998, 998, 998, 998, 998, 998, 999, 999, 1000
rem, 1, 2, 2, 3, 6, 9, 9, 15, 21, 29, 33, 50, 69, 106, 138, 172, 229, 288, 344, 425, 515, 623, 716, 825, 918, 1026, 1135, 1243, 1340, 1447, 1558, 1653, 1778, 1888, 1979, 2067, 2158, 2229, 2306, 2370, 2456, 2533, 2612, 2693, 2762, 2827, 2891, 2961, 3023, 3083, 3131, 3177, 3217, 3257, 3303, 3338, 3372, 3402, 3431, 3473, 3508, 3540, 3563, 3587, 3606, 3624, 3645, 3667, 3688, 3706, 3728, 3741, 3754, 3769, 3780, 3797, 3811, 3822, 3836, 3845, 3855, 3863, 3869, 3877, 3886, 3889, 3893, 3895, 3902, 3908, 3910, 3915, 3921, 3922, 3923, 3926, 3933, 3938, 3940, 3946, 3948, 3948, 3954, 3957, 3959, 3963, 3969, 3972, 3972, 3975, 3976, 3978, 3979, 3981, 3982, 3984, 3986, 3987, 3990, 3990, 3991, 3992, 3993, 3994, 3996, 3996, 3997, 3998, 3999, 3999, 4000, 4000
timesteps, 0, 1, 2, 3, 4, 5, 6, 7, 8, 9, 10, 11, 12, 13, 14, 15, 16, 17, 18, 19, 20, 21, 22, 23, 24, 25, 26, 27, 28, 29, 30, 31, 32, 33, 34, 35, 36, 37, 38, 39, 40, 41, 42, 43, 44, 45, 46, 47, 48, 49, 50, 51, 52, 53, 54, 55, 56, 57, 58, 59, 60, 61, 62, 63, 64, 65, 66, 67, 68, 69, 70, 71, 72, 73, 74, 75, 76, 77, 78, 79, 80, 81, 82, 83, 84, 85, 86, 87, 88, 89, 90, 91, 92, 93, 94, 95, 96, 97, 98, 99, 100, 101, 102, 103, 104, 106, 107, 108, 109, 110, 111, 112, 113, 114, 115, 116, 119, 120, 123, 126, 129, 132, 134, 136, 137, 140, 141, 143, 148, 155
events, 26, 19, 27, 60, 118, 139, 173, 213, 310, 419, 504, 595, 704, 770, 748, 779, 725, 695, 589, 524, 498, 473, 433, 422, 417, 393, 396, 359, 360, 340, 325, 311, 312, 256, 283, 264, 320, 234, 270, 216, 213, 213, 217, 164, 180, 157, 167, 158, 136, 149, 115, 100, 84, 93, 94, 97, 115, 91, 86, 70, 53, 61, 70, 67, 40, 53, 43, 59, 48, 40, 29, 50, 46, 26, 31, 29, 36, 21, 31, 23, 34, 17, 24, 25, 12, 17, 21, 12, 19, 13, 13, 11, 20, 10, 12, 6, 12, 5, 7, 7, 8, 8, 7, 4, 5, 4, 1, 1, 4, 1, 2, 5, 1, 1, 2, 5, 5, 3, 3, 3, 1, 1, 2, 1, 1, 1, 1, 2, 1, 1
sus, 4968, 4951, 4932, 4890, 4798, 4685, 4546, 4396, 4176, 3847, 3460, 3028, 2531, 2013, 1533, 1095, 740, 460, 275, 177, 107, 64, 39, 22, 14, 11, 8, 6, 6, 3, 1, 1, 1, 0, 0, 0, 0, 0, 0, 0, 0, 0, 0, 0, 0, 0, 0, 0, 0, 0, 0, 0, 0, 0, 0, 0, 0, 0, 0, 0, 0, 0, 0, 0, 0, 0, 0, 0, 0, 0, 0, 0, 0, 0, 0, 0, 0, 0, 0, 0, 0, 0, 0, 0, 0, 0, 0, 0, 0, 0, 0, 0, 0, 0, 0, 0, 0, 0, 0, 0, 0, 0, 0, 0, 0, 0, 0, 0, 0, 0, 0, 0, 0, 0, 0, 0, 0, 0, 0, 0, 0, 0, 0, 0, 0, 0, 0, 0, 0, 0
exp, 24, 39, 51, 78, 150, 242, 358, 460, 601, 864, 1159, 1456, 1799, 2120, 2399, 2594, 2704, 2722, 2678, 2531, 2394, 2247, 2080, 1924, 1776, 1640, 1511, 1374, 1251, 1151, 1057, 981, 895, 828, 754, 681, 625, 572, 525, 482, 429, 391, 354, 331, 309, 288, 258, 236, 218, 200, 188, 179, 165, 157, 143, 130, 115, 105, 97, 90, 85, 77, 68, 62, 57, 50, 48, 46, 44, 41, 40, 35, 30, 29, 24, 21, 18, 17, 16, 16, 16, 13, 12, 11, 10, 10, 10, 9, 7, 6, 6, 4, 3, 3, 3, 2, 2, 2, 1, 0, 0, 0, 0, 0, 0, 0, 0, 0, 0, 0, 0, 0, 0, 0, 0, 0, 0, 0, 0, 0, 0, 0, 0, 0, 0, 0, 0, 0, 0, 0
inf, 8, 10, 16, 30, 46, 63, 82, 120, 195, 242, 318, 433, 554, 722, 880, 1070, 1240, 1409, 1533, 1679, 1750, 1800, 1857, 1907, 1923, 1916, 1904, 1927, 1911, 1890, 1853, 1792, 1754, 1728, 1690, 1653, 1554, 1514, 1443, 1387, 1357, 1297, 1241, 1179, 1117, 1063, 1017, 970, 923, 871, 829, 787, 766, 730, 700, 661, 623, 592, 562, 538, 516, 492, 467, 444, 431, 409, 393, 358, 336, 320, 303, 283, 265, 252, 241, 234, 212, 199, 185, 177, 158, 152, 143, 134, 127, 120, 108, 104, 95, 89, 83, 78, 70, 66, 59, 59, 53, 50, 48, 46, 41, 37, 34, 30, 30, 27, 27, 27, 24, 23, 22, 19, 19, 19, 18, 14, 11, 10, 7, 6, 6, 5, 4, 3, 3, 2, 2, 1, 0, 0
dead, 0, 0, 1, 0, 2, 5, 2, 6, 1, 9, 10, 21, 26, 21, 32, 31, 44, 56, 74, 68, 92, 102, 120, 107, 100, 116, 114, 98, 106, 92, 102, 109, 97, 86, 79, 87, 102, 91, 81, 80, 70, 75, 65, 79, 66, 66, 63, 58, 55, 52, 46, 46, 40, 36, 36, 47, 41, 37, 33, 27, 30, 32, 32, 21, 18, 19, 11, 20, 15, 13, 19, 17, 18, 14, 16, 7, 18, 24, 21, 11, 14, 16, 12, 6, 7, 4, 6, 5, 7, 8, 6, 9, 8, 5, 7, 4, 3, 4, 4, 3, 5, 3, 2, 5, 0, 2, 1, 0, 2, 2, 2, 3, 2, 1, 0, 1, 1, 0, 2, 1, 0, 0, 0, 1, 0, 1, 0, 0, 1, 0
rec, 0, 0, 0, 0, 0, 0, 0, 1, 3, 9, 15, 16, 24, 32, 40, 49, 61, 82, 99, 122, 149, 179, 215, 242, 276, 301, 330, 360, 393, 421, 450, 482, 516, 528, 550, 571, 602, 618, 641, 667, 683, 699, 715, 730, 753, 767, 785, 792, 807, 819, 830, 841, 847, 854, 862, 871, 883, 888, 890, 895, 898, 907, 914, 922, 926, 937, 940, 948, 955, 958, 960, 967, 971, 978, 982, 985, 991, 993, 996, 999, 1000, 1002, 1003, 1005, 1009, 1009, 1010, 1010, 1013, 1014, 1015, 1017, 1017, 1018, 1018, 1018, 1019, 1019, 1019, 1020, 1020, 1022, 1022, 1023, 1023, 1023, 1023, 1023, 1023, 1024, 1024, 1024, 1024, 1024, 1025, 1027, 1028, 1028, 1029, 1029, 1029, 1030, 1030, 1030, 1030, 1030, 1030, 1030, 1030, 1030
rem, 0, 0, 0, 2, 4, 5, 12, 17, 24, 29, 38, 46, 66, 92, 116, 161, 211, 271, 341, 423, 508, 608, 689, 798, 911, 1016, 1133, 1235, 1333, 1443, 1537, 1635, 1737, 1830, 1927, 2008, 2117, 2205, 2310, 2384, 2461, 2538, 2625, 2681, 2755, 2816, 2877, 2944, 2997, 3058, 3107, 3147, 3182, 3223, 3259, 3291, 3338, 3378, 3418, 3450, 3471, 3492, 3519, 3551, 3568, 3585, 3608, 3628, 3650, 3668, 3678, 3698, 3716, 3727, 3737, 3753, 3761, 3767, 3782, 3797, 3812, 3817, 3830, 3844, 3847, 3857, 3866, 3872, 3878, 3883, 3890, 3892, 3902, 3908, 3913, 3917, 3923, 3925, 3928, 3931, 3934, 3938, 3942, 3942, 3947, 3948, 3949, 3950, 3951, 3951, 3952, 3954, 3955, 3956, 3957, 3958, 3960, 3962, 3962, 3964, 3965, 3965, 3966, 3966, 3967, 3967, 3968, 3969, 3969, 3970
timesteps, 0, 1, 2, 3, 4, 5, 6, 7, 8, 9, 10, 11, 12, 13, 14, 15, 16, 17, 18, 19, 20, 21, 22, 23, 24, 25, 26, 27, 28, 29, 30, 31, 32, 33, 34, 35, 36, 37, 38, 39, 40, 41, 42, 43, 44, 45, 46, 47, 48, 49, 50, 51, 52, 53, 54, 55, 56, 57, 58, 59, 60, 61, 62, 63, 64, 65, 66, 67, 68, 69, 70, 71, 72, 73, 74, 75, 76, 77, 78, 79, 80, 81, 82, 83, 84, 85, 86, 87, 88, 89, 90, 91, 92, 93, 94, 95, 96, 97, 98, 99, 100, 101, 102, 103, 104, 105, 106, 107, 108, 109, 111, 114, 117, 119, 120, 121, 122, 125, 127, 129, 133, 136, 138, 139, 153, 154, 164, 165, 189
events, 21, 33, 28, 38, 63, 99, 118, 170, 250, 284, 409, 542, 672, 705, 814, 794, 823, 669, 611, 588, 517, 485, 461, 450, 424, 441, 396, 409, 340, 380, 340, 324, 323, 287, 274, 279, 273, 273, 266, 255, 216, 217, 186, 191, 186, 183, 196, 155, 143, 113, 114, 126, 100, 97, 111, 74, 108, 102, 90, 85, 86, 86, 95, 65, 62, 59, 33, 39, 46, 39, 47, 34, 34, 40, 42, 32, 27, 30, 20, 24, 19, 22, 21, 33, 17, 11, 11, 18, 10, 15, 12, 7, 6, 7, 14, 13, 11, 16, 7, 6, 11, 3, 8, 5, 2, 8, 2, 4, 1, 2, 4, 5, 6, 1, 3, 1, 4, 1, 3, 3, 3, 3, 1, 1, 1, 2, 1, 1, 2
sus, 4980, 4948, 4925, 4896, 4847, 4765, 4675, 4540, 4353, 4140, 3834, 3430, 2921, 2428, 1886, 1411, 969, 658, 425, 267, 169, 97, 63, 38, 28, 20, 11, 7, 6, 3, 2, 2, 2, 2, 1, 1, 1, 1, 1, 1, 1, 1, 1, 1, 1, 1, 1, 1, 1, 1, 1, 1, 1, 1, 1, 1, 1, 1, 1, 1, 1, 1, 1, 1, 1, 1, 1, 0, 0, 0, 0, 0, 0, 0, 0, 0, 0, 0, 0, 0, 0, 0, 0, 0, 0, 0, 0, 0, 0, 0, 0, 0, 0, 0, 0, 0, 0, 0, 0, 0, 0, 0, 0, 0, 0, 0, 0, 0, 0, 0, 0, 0, 0, 0, 0, 0, 0, 0, 0, 0, 0, 0, 0, 0, 0, 0, 0, 0, 0
exp, 9, 40, 58, 80, 119, 188, 252, 360, 496, 653, 873, 1153, 1540, 1869, 2208, 2449, 2649, 2725, 2722, 2629, 2502, 2375, 2197, 2010, 1857, 1712, 1585, 1446, 1337, 1221, 1126, 1031, 946, 875, 812, 745, 683, 616, 569, 513, 470, 433, 404, 372, 340, 304, 273, 254, 242, 229, 215, 201, 186, 170, 156, 151, 131, 119, 111, 97, 87, 81, 76, 73, 67, 61, 56, 54, 49, 44, 37, 36, 35, 33, 31, 29, 28, 25, 23, 20, 16, 13, 11, 10, 9, 9, 9, 7, 6, 6, 5, 5, 5, 5, 4, 4, 4, 4, 4, 4, 3, 3, 3, 3, 3, 3, 3, 3, 3, 3, 3, 3, 3, 3, 2, 2, 2, 2, 2, 1, 1, 1, 1, 1, 0, 0, 0, 0, 0
inf, 11, 12, 17, 23, 31, 41, 66, 88, 132, 180, 256, 373, 468, 601, 763, 944, 1102, 1267, 1423, 1576, 1684, 1747, 1840, 1930, 1953, 1949, 1952, 1945, 1924, 1897, 1865, 1831, 1788, 1745, 1695, 1646, 1595, 1546, 1469, 1416, 1364, 1302, 1253, 1191, 1142, 1101, 1046, 995, 937, 894, 856, 805, 780, 753, 714, 686, 655, 612, 579, 552, 517, 479, 438, 415, 391, 368, 356, 340, 323, 311, 296, 276, 260, 245, 227, 212, 197, 187, 179, 172, 168, 160, 153, 135, 128, 121, 113, 107, 104, 92, 87, 85, 82, 78, 70, 65, 57, 50, 46, 41, 38, 36, 32, 30, 29, 25, 24, 22, 21, 20, 18, 14, 11, 10, 10, 10, 8, 7, 6, 6, 4, 3, 2, 2, 3, 2, 1, 1, 0
dead, 0, 0, 0, 0, 0, 2, 1, 2, 3, 3, 6, 6, 13, 23, 28, 36, 54, 54, 61, 57, 65, 108, 108, 120, 124, 119, 98, 105, 111, 122, 108, 118, 104, 98, 97, 90, 84, 88, 99, 91, 88, 87, 68, 77, 72, 69, 63, 50, 42, 45, 41, 47, 39, 37, 36, 27, 28, 35, 31, 37, 42, 45, 38, 24, 21, 21, 24, 22, 23, 20, 21, 26, 22, 15, 13, 13, 15, 12, 12, 10, 8, 7, 5, 6, 4, 3, 6, 5, 3, 10, 10, 7, 5, 4, 9, 4, 6, 3, 3, 7, 3, 4, 3, 2, 1, 1, 1, 1, 1, 1, 0, 2, 0, 1, 1, 0, 0, 1, 0, 0, 1, 0, 1, 0, 0, 0, 1, 0, 0
rec, 0, 0, 0, 0, 0, 0, 1, 2, 3, 4, 4, 4, 10, 14, 22, 35, 46, 63, 74, 95, 127, 142, 165, 184, 209, 248, 284, 315, 342, 365, 392, 411, 443, 461, 481, 508, 529, 551, 569, 596, 616, 635, 653, 673, 686, 696, 709, 726, 743, 752, 760, 772, 775, 782, 792, 798, 811, 824, 828, 833, 842, 847, 856, 860, 867, 872, 875, 880, 882, 885, 888, 892, 897, 900, 902, 906, 910, 912, 914, 915, 918, 922, 923, 928, 930, 934, 936, 937, 938, 940, 941, 941, 943, 945, 945, 947, 950, 951, 952, 952, 954, 954, 955, 955, 956, 956, 956, 956, 957, 957, 958, 959, 961, 961, 961, 961, 961, 961, 961, 961, 961, 961, 961, 961, 961, 961, 961, 961, 961
rem, 0, 0, 0, 1, 3, 4, 5, 8, 13, 20, 27, 34, 48, 65, 93, 125, 180, 233, 295, 376, 453, 531, 627, 718, 829, 952, 1070, 1182, 1280, 1392, 1507, 1607, 1717, 1819, 1914, 2010, 2108, 2198, 2293, 2383, 2461, 2542, 2621, 2686, 2759, 2829, 2908, 2974, 3035, 3079, 3127, 3174, 3219, 3257, 3301, 3337, 3374, 3409, 3450, 3480, 3511, 3547, 3591, 3627, 3653, 3677, 3688, 3704, 3723, 3740, 3758, 3770, 3786, 3807, 3827, 3840, 3850, 3864, 3872, 3883, 3890, 3898, 3908, 3921, 3929, 3933, 3936, 3944, 3949, 3952, 3957, 3962, 3965, 3968, 3972, 3980, 3983, 3992, 3995, 3996, 4002, 4003, 4007, 4010, 4011, 4015, 4016, 4018, 4018, 4019, 4021, 4022, 4025, 4025, 4026, 4027, 4029, 4029, 4031, 4032, 4033, 4035, 4035, 4036, 4036, 4037, 4037, 4038, 4039
timesteps, 0, 1, 2, 3, 4, 5, 6, 7, 8, 9, 10, 11, 12, 13, 14, 15, 16, 17, 18, 19, 20, 21, 22, 23, 24, 25, 26, 27, 28, 29, 30, 31, 32, 33, 34, 35, 36, 37, 38, 39, 40, 41, 42, 43, 44, 45, 46, 47, 48, 49, 50, 51, 52, 53, 54, 55, 56, 57, 58, 59, 60, 61, 62, 63, 64, 65, 66, 67, 68, 69, 70, 71, 72, 73, 74, 75, 76, 77, 78, 79, 80, 81, 82, 83, 84, 85, 86, 87, 88, 89, 90, 91, 92, 93, 94, 95, 96, 97, 98, 99, 100, 101, 102, 104, 105, 106, 107, 108, 109, 110, 111, 112, 113, 114, 115, 116, 117, 119, 121, 122, 124, 125, 126, 127, 128, 129, 130, 134, 135, 136, 140, 142, 175, 177
events, 19, 33, 39, 48, 49, 65, 88, 131, 204, 305, 386, 465, 586, 648, 739, 734, 852, 676, 698, 640, 562, 468, 451, 445, 446, 393, 413, 389, 377, 363, 346, 294, 335, 314, 302, 294, 236, 226, 240, 253, 268, 223, 251, 198, 191, 178, 179, 152, 156, 154, 160, 144, 130, 117, 105, 112, 106, 101, 93, 90, 72, 64, 62, 79, 65, 59, 45, 39, 43, 46, 38, 34, 34, 52, 32, 36, 30, 34, 27, 23, 28, 14, 17, 21, 14, 17, 30, 21, 13, 7, 20, 5, 13, 7, 8, 13, 11, 11, 16, 8, 7, 3, 10, 5, 6, 3, 4, 6, 3, 1, 3, 4, 3, 6, 6, 1, 3, 6, 3, 3, 2, 4, 4, 3, 4, 1, 3, 2, 2, 2, 2, 1, 1, 1
sus, 4977, 4951, 4915, 4877, 4839, 4789, 4723, 4626, 4460, 4224, 3930, 3588, 3161, 2685, 2179, 1723, 1236, 903, 591, 384, 231, 153, 101, 64, 31, 19, 12, 7, 6, 4, 4, 4, 3, 1, 1, 1, 1, 0, 0, 0, 0, 0, 0, 0, 0, 0, 0, 0, 0, 0, 0, 0, 0, 0, 0, 0, 0, 0, 0, 0, 0, 0, 0, 0, 0, 0, 0, 0, 0, 0, 0, 0, 0, 0, 0, 0, 0, 0, 0, 0, 0, 0, 0, 0, 0, 0, 0, 0, 0, 0, 0, 0, 0, 0, 0, 0, 0, 0, 0, 0, 0, 0, 0, 0, 0, 0, 0, 0, 0, 0, 0, 0, 0, 0, 0, 0, 0, 0, 0, 0, 0, 0, 0, 0, 0, 0, 0, 0, 0, 0, 0, 0, 0, 0
exp, 15, 35, 68, 98, 129, 166, 214, 279, 411, 595, 815, 1063, 1373, 1713, 2040, 2284, 2541, 2631, 2702, 2633, 2557, 2433, 2267, 2119, 1976, 1845, 1704, 1567, 1431, 1325, 1212, 1122, 1030, 940, 866, 794, 728, 675, 612, 557, 507, 476, 432, 389, 357, 333, 308, 286, 268, 247, 227, 204, 187, 168, 153, 146, 135, 118, 107, 96, 91, 84, 76, 74, 66, 63, 60, 55, 54, 51, 44, 39, 35, 33, 33, 31, 28, 27, 20, 20, 17, 15, 15, 15, 12, 12, 11, 10, 10, 9, 9, 8, 6, 6, 6, 6, 5, 4, 4, 4, 3, 3, 3, 3, 3, 3, 3, 3, 3, 3, 3, 3, 3, 2, 2, 2, 2, 1, 1, 1, 1, 1, 1, 1, 0, 0, 0, 0, 0, 0, 0, 0, 0, 0
inf, 8, 13, 16, 22, 28, 40, 54, 85, 117, 158, 218, 297, 389, 505, 651, 823, 971, 1148, 1311, 1494, 1616, 1706, 1834, 1887, 1926, 1933, 1935, 1939, 1947, 1920, 1905, 1878, 1842, 1812, 1758, 1711, 1684, 1643, 1602, 1543, 1476, 1403, 1338, 1296, 1236, 1177, 1119, 1068, 1012, 957, 906, 868, 825, 785, 754, 699, 658, 635, 606, 574, 543, 516, 495, 455, 433, 411, 387, 376, 351, 331, 322, 311, 296, 271, 254, 240, 223, 208, 206, 194, 185, 179, 168, 158, 153, 142, 129, 118, 109, 107, 98, 96, 92, 87, 85, 77, 70, 67, 60, 56, 54, 52, 46, 43, 39, 38, 36, 33, 32, 32, 30, 27, 26, 24, 21, 21, 20, 18, 16, 15, 13, 11, 9, 7, 7, 6, 6, 5, 4, 3, 2, 1, 0, 0
dead, 0, 1, 1, 2, 0, 0, 1, 1, 0, 4, 10, 11, 15, 14, 22, 27, 45, 56, 53, 63, 76, 98, 74, 89, 100, 109, 105, 120, 116, 111, 106, 116, 100, 96, 99, 89, 87, 80, 90, 92, 85, 83, 73, 71, 83, 70, 70, 72, 66, 67, 57, 48, 43, 54, 45, 49, 48, 39, 32, 34, 32, 34, 35, 34, 27, 17, 21, 15, 19, 21, 20, 17, 19, 17, 16, 12, 20, 16, 11, 9, 4, 6, 9, 5, 7, 9, 5, 4, 8, 7, 4, 5, 4, 6, 2, 3, 8, 6, 4, 2, 2, 3, 2, 1, 3, 2, 2, 2, 1, 0, 1, 3, 2, 2, 2, 1, 0, 1, 1, 0, 2, 2, 2, 3, 2, 3, 0, 0, 0, 0, 0, 0, 1, 0
rec, 0, 0, 0, 1, 1, 1, 4, 4, 5, 6, 10, 10, 14, 19, 23, 32, 43, 64, 78, 97, 118, 132, 155, 181, 207, 232, 270, 289, 312, 334, 362, 382, 415, 443, 468, 494, 512, 538, 559, 587, 610, 628, 649, 666, 679, 704, 716, 730, 746, 764, 776, 786, 798, 807, 818, 833, 843, 848, 853, 858, 865, 874, 877, 885, 895, 899, 907, 911, 917, 918, 920, 926, 932, 938, 941, 943, 948, 951, 954, 957, 961, 963, 965, 968, 971, 974, 977, 982, 983, 984, 985, 986, 988, 989, 989, 991, 992, 992, 992, 994, 994, 994, 997, 999, 999, 999, 999, 999, 999, 999, 999, 999, 999, 1000, 1000, 1000, 1000, 1000, 1001, 1001, 1001, 1001, 1001, 1001, 1001, 1001, 1001, 1001, 1001, 1001, 1001, 1002, 1002, 1002
rem, 0, 0, 0, 0, 3, 4, 4, 5, 7, 13, 17, 31, 48, 64, 85, 111, 164, 198, 265, 329, 402, 478, 569, 660, 760, 862, 974, 1078, 1188, 1306, 1411, 1498, 1610, 1708, 1808, 1911, 1988, 2064, 2137, 2221, 2322, 2410, 2508, 2578, 2645, 2716, 2787, 2844, 2908, 2965, 3034, 3094, 3147, 3186, 3230, 3273, 3316, 3360, 3402, 3438, 3469, 3492, 3517, 3552, 3579, 3610, 3625, 3643, 3659, 3679, 3694, 3707, 3718, 3741, 3756, 3774, 3781, 3798, 3809, 3820, 3833, 3837, 3843, 3854, 3857, 3863, 3878, 3886, 3890, 3893, 3904, 3905, 3910, 3912, 3918, 3923, 3925, 3931, 3940, 3944, 3947, 3948, 3952, 3954, 3956, 3958, 3960, 3963, 3965, 3966, 3967, 3968, 3970, 3972, 3975, 3976, 3978, 3980, 3981, 3983, 3983, 3985, 3987, 3988, 3990, 3990, 3993, 3994, 3995, 3996, 3997, 3997, 3997, 3998
timesteps, 0, 1, 2, 3, 4, 5, 6, 7, 8, 9, 10, 11, 12, 13, 14, 15, 16, 17, 18, 19, 20, 21, 22, 23, 24, 25, 26, 27, 28, 29, 30, 31, 32, 33, 34, 35, 36, 37, 38, 39, 40, 41, 42, 43, 44, 45, 46, 47, 48, 49, 50, 51, 52, 53, 54, 55, 56, 57, 58, 59, 60, 61, 62, 63, 64, 65, 66, 67, 68, 69, 70, 71, 72, 73, 74, 75, 76, 77, 78, 79, 80, 81, 82, 83, 84, 85, 86, 87, 88, 89, 90, 91, 92, 93, 94, 95, 96, 97, 98, 99, 100, 101, 102, 103, 104, 106, 107, 108, 109, 110, 111, 112, 113, 114, 116, 117, 118, 121, 123, 124, 125, 126, 127, 128, 129, 130, 131, 133, 134, 135, 139, 141, 142
events, 22, 22, 24, 33, 34, 60, 92, 152, 191, 260, 393, 416, 575, 666, 702, 805, 742, 736, 689, 603, 548, 489, 469, 478, 401, 401, 410, 381, 346, 376, 365, 362, 326, 320, 296, 306, 277, 287, 240, 250, 220, 225, 227, 235, 183, 205, 203, 154, 126, 170, 154, 137, 138, 123, 111, 108, 75, 82, 117, 101, 91, 94, 64, 65, 58, 61, 48, 65, 51, 43, 40, 52, 52, 28, 29, 38, 33, 24, 22, 21, 14, 15, 27, 26, 20, 12, 13, 11, 15, 14, 10, 8, 12, 8, 10, 10, 4, 4, 5, 6, 5, 5, 3, 7, 4, 1, 1, 2, 6, 9, 5, 1, 4, 1, 4, 8, 3, 1, 1, 1, 2, 3, 2, 1, 1, 1, 2, 1, 1, 1, 1, 1, 1
sus, 4974, 4954, 4933, 4906, 4878, 4836, 4766, 4648, 4502, 4303, 3991, 3694, 3262, 2783, 2296, 1764, 1321, 933, 622, 405, 256, 143, 90, 54, 34, 24, 16, 9, 7, 6, 6, 4, 3, 2, 2, 1, 1, 1, 0, 0, 0, 0, 0, 0, 0, 0, 0, 0, 0, 0, 0, 0, 0, 0, 0, 0, 0, 0, 0, 0, 0, 0, 0, 0, 0, 0, 0, 0, 0, 0, 0, 0, 0, 0, 0, 0, 0, 0, 0, 0, 0, 0, 0, 0, 0, 0, 0, 0, 0, 0, 0, 0, 0, 0, 0, 0, 0, 0, 0, 0, 0, 0, 0, 0, 0, 0, 0, 0, 0, 0, 0, 0, 0, 0, 0, 0, 0, 0, 0, 0, 0, 0, 0, 0, 0, 0, 0, 0, 0, 0, 0, 0, 0
exp, 18, 36, 54, 76, 99, 124, 175, 267, 374, 524, 776, 978, 1293, 1625, 1942, 2274, 2491, 2637, 2691, 2645, 2567, 2472, 2305, 2144, 1998, 1847, 1708, 1574, 1457, 1327, 1203, 1094, 1012, 937, 862, 781, 722, 661, 612, 568, 526, 483, 442, 399, 368, 340, 310, 287, 265, 238, 217, 196, 178, 161, 143, 137, 128, 119, 109, 97, 92, 83, 73, 69, 64, 60, 51, 46, 41, 37, 34, 31, 27, 27, 23, 22, 22, 19, 17, 15, 14, 13, 11, 11, 10, 9, 8, 8, 7, 7, 6, 5, 4, 3, 2, 1, 1, 1, 1, 1, 1, 1, 1, 1, 1, 1, 1, 1, 1, 1, 1, 1, 1, 1, 1, 1, 1, 0, 0, 0, 0, 0, 0, 0, 0, 0, 0, 0, 0, 0, 0, 0, 0
inf, 8, 10, 13, 17, 22, 38, 55, 75, 110, 150, 198, 279, 379, 498, 643, 798, 975, 1153, 1336, 1533, 1658, 1761, 1865, 1929, 1972, 2003, 2002, 2013, 2005, 2000, 1993, 1961, 1902, 1844, 1792, 1756, 1689, 1630, 1577, 1512, 1450, 1403, 1344, 1286, 1235, 1160, 1099, 1053, 1013, 964, 920, 874, 826, 782, 754, 714, 686, 651, 600, 563, 521, 483, 464, 434, 407, 385, 377, 349, 332, 313, 299, 273, 249, 237, 228, 207, 186, 182, 171, 164, 160, 151, 141, 127, 119, 114, 108, 99, 94, 87, 81, 77, 73, 69, 65, 60, 58, 56, 52, 48, 46, 44, 43, 39, 36, 36, 35, 34, 30, 25, 23, 22, 19, 19, 17, 13, 11, 12, 12, 11, 9, 7, 6, 5, 5, 4, 3, 2, 2, 2, 1, 1, 0
dead, 0, 0, 0, 1, 0, 0, 1, 1, 2, 5, 5, 5, 6, 15, 12, 22, 36, 48, 52, 50, 67, 82, 90, 76, 86, 94, 106, 108, 109, 102, 88, 100, 117, 113, 108, 98, 108, 102, 104, 97, 108, 91, 85, 72, 72, 76, 68, 59, 70, 62, 46, 53, 50, 54, 43, 28, 26, 31, 33, 30, 31, 33, 30, 34, 36, 28, 23, 25, 18, 18, 14, 18, 20, 15, 11, 16, 19, 12, 15, 14, 9, 13, 11, 11, 7, 5, 6, 10, 7, 5, 5, 6, 2, 3, 1, 3, 2, 1, 3, 5, 4, 3, 1, 0, 1, 0, 1, 1, 3, 3, 2, 2, 3, 2, 1, 0, 1, 1, 0, 0, 1, 1, 0, 1, 0, 1, 1, 2, 1, 0, 1, 0, 0
rec, 0, 0, 0, 0, 0, 1, 1, 5, 6, 9, 12, 16, 23, 30, 38, 45, 56, 66, 89, 100, 115, 142, 170, 205, 226, 248, 277, 302, 330, 365, 400, 425, 450, 479, 517, 540, 564, 584, 599, 618, 637, 652, 672, 695, 707, 732, 749, 765, 774, 791, 804, 815, 830, 842, 852, 857, 867, 877, 890, 902, 909, 916, 923, 926, 935, 938, 938, 942, 947, 954, 955, 960, 966, 967, 972, 974, 980, 980, 983, 983, 985, 987, 988, 990, 993, 996, 997, 1000, 1001, 1003, 1008, 1010, 1013, 1015, 1018, 1019, 1020, 1021, 1022, 1022, 1022, 1022, 1023, 1025, 1026, 1026, 1026, 1026, 1026, 1027, 1027, 1028, 1029, 1029, 1030, 1031, 1031, 1031, 1031, 1032, 1033, 1034, 1035, 1035, 1035, 1035, 1035, 1035, 1035, 1035, 1035, 1035, 1036
rem, 0, 0, 0, 0, 1, 1, 2, 4, 6, 9, 18, 28, 37, 49, 69, 97, 121, 163, 210, 267, 337, 400, 480, 592, 684, 784, 891, 994, 1092, 1200, 1310, 1416, 1516, 1625, 1719, 1824, 1916, 2022, 2108, 2205, 2279, 2371, 2457, 2548, 2618, 2692, 2774, 2836, 2878, 2945, 3013, 3062, 3116, 3161, 3208, 3264, 3293, 3322, 3368, 3408, 3447, 3485, 3510, 3537, 3558, 3589, 3611, 3638, 3662, 3678, 3698, 3718, 3738, 3754, 3766, 3781, 3793, 3807, 3814, 3824, 3832, 3836, 3849, 3861, 3871, 3876, 3881, 3883, 3891, 3898, 3900, 3902, 3908, 3910, 3914, 3917, 3919, 3921, 3922, 3924, 3927, 3930, 3932, 3935, 3936, 3937, 3937, 3938, 3940, 3944, 3947, 3947, 3948, 3949, 3951, 3955, 3956, 3956, 3957, 3957, 3957, 3958, 3959, 3959, 3960, 3960, 3961, 3961, 3962, 3963, 3963, 3964, 3964
timesteps, 0, 1, 2, 3, 4, 5, 6, 7, 8, 9, 10, 11, 12, 13, 14, 15, 16, 17, 18, 19, 20, 21, 22, 23, 24, 25, 26, 27, 28, 29, 30, 31, 32, 33, 34, 35, 36, 37, 38, 39, 40, 41, 42, 43, 44, 45, 46, 47, 48, 49, 50, 51, 52, 53, 54, 55, 56, 57, 58, 59, 60, 61, 62, 63, 64, 65, 66, 67, 68, 69, 70, 71, 72, 73, 74, 75, 76, 77, 78, 79, 80, 81, 82, 83, 84, 85, 86, 87, 88, 89, 90, 91, 92, 93, 94, 95, 96, 97, 98, 99, 100, 101, 102, 103, 104, 105, 106, 107, 108, 109, 110, 111, 112, 113, 114, 118, 120, 121, 125, 126, 127, 130, 135, 141, 142, 143, 164, 165
events, 22, 32, 44, 50, 85, 108, 141, 221, 293, 423, 505, 564, 758, 789, 829, 794, 672, 699, 549, 489, 466, 439, 446, 436, 396, 428, 378, 373, 367, 337, 335, 339, 341, 281, 291, 293, 259, 261, 234, 206, 220, 209, 192, 206, 190, 186, 166, 140, 148, 147, 110, 142, 112, 114, 92, 82, 82, 96, 85, 75, 69, 89, 64, 54, 54, 54, 46, 44, 57, 58, 59, 42, 38, 26, 38, 36, 23, 17, 31, 26, 12, 25, 23, 14, 16, 8, 13, 10, 13, 18, 8, 9, 12, 10, 5, 16, 5, 4, 8, 7, 4, 2, 2, 6, 7, 4, 2, 6, 2, 2, 3, 3, 3, 1, 1, 4, 1, 3, 1, 2, 3, 4, 2, 1, 1, 1, 1, 1
sus, 4975, 4950, 4912, 4877, 4812, 4723, 4610, 4453, 4223, 3896, 3514, 3108, 2559, 2036, 1539, 1105, 756, 487, 316, 206, 119, 83, 62, 40, 24, 19, 10, 6, 6, 4, 4, 2, 1, 1, 1, 0, 0, 0, 0, 0, 0, 0, 0, 0, 0, 0, 0, 0, 0, 0, 0, 0, 0, 0, 0, 0, 0, 0, 0, 0, 0, 0, 0, 0, 0, 0, 0, 0, 0, 0, 0, 0, 0, 0, 0, 0, 0, 0, 0, 0, 0, 0, 0, 0, 0, 0, 0, 0, 0, 0, 0, 0, 0, 0, 0, 0, 0, 0, 0, 0, 0, 0, 0, 0, 0, 0, 0, 0, 0, 0, 0, 0, 0, 0, 0, 0, 0, 0, 0, 0, 0, 0, 0, 0, 0, 0, 0, 0
exp, 18, 37, 71, 94, 142, 214, 304, 407, 578, 827, 1114, 1397, 1786, 2108, 2374, 2561, 2697, 2677, 2617, 2503, 2391, 2224, 2065, 1913, 1788, 1639, 1517, 1392, 1270, 1161, 1055, 963, 863, 792, 726, 668, 618, 554, 510, 475, 436, 400, 364, 339, 318, 295, 262, 237, 214, 192, 175, 158, 147, 137, 124, 116, 110, 103, 96, 88, 82, 75, 67, 62, 61, 50, 48, 44, 42, 33, 28, 25, 24, 23, 21, 18, 18, 17, 12, 11, 11, 8, 7, 6, 5, 5, 5, 5, 5, 5, 5, 4, 3, 3, 3, 3, 3, 3, 2, 2, 1, 1, 1, 1, 1, 1, 1, 1, 1, 1, 1, 1, 1, 1, 1, 1, 0, 0, 0, 0, 0, 0, 0, 0, 0, 0, 0, 0
inf, 7, 12, 15, 24, 40, 56, 76, 124, 179, 246, 323, 424, 553, 717, 883, 1062, 1211, 1415, 1559, 1690, 1793, 1887, 1918, 1963, 1965, 1959, 1958, 1960, 1955, 1944, 1931, 1886, 1851, 1812, 1753, 1676, 1605, 1569, 1514, 1454, 1401, 1331, 1282, 1205, 1132, 1065, 1031, 992, 951, 902, 872, 815, 770, 722, 691, 658, 622, 581, 547, 523, 493, 460, 440, 421, 393, 380, 357, 340, 310, 295, 268, 253, 235, 220, 199, 187, 176, 168, 159, 147, 140, 131, 123, 118, 110, 105, 98, 94, 87, 78, 73, 71, 66, 59, 56, 49, 45, 43, 39, 35, 36, 35, 34, 31, 26, 24, 23, 20, 19, 18, 16, 15, 13, 12, 12, 10, 11, 9, 8, 7, 6, 4, 3, 2, 1, 1, 0, 0
dead, 0, 1, 1, 2, 1, 0, 0, 1, 5, 8, 12, 17, 22, 25, 41, 45, 47, 57, 71, 76, 68, 66, 97, 93, 104, 115, 122, 119, 100, 97, 87, 98, 107, 92, 91, 101, 107, 87, 80, 85, 70, 88, 81, 76, 71, 64, 52, 58, 48, 54, 39, 42, 43, 42, 42, 43, 42, 39, 41, 37, 39, 31, 28, 23, 23, 21, 20, 18, 23, 19, 22, 16, 12, 14, 20, 14, 11, 12, 12, 12, 13, 13, 8, 5, 5, 7, 6, 4, 4, 3, 5, 3, 2, 5, 5, 2, 3, 3, 5, 5, 2, 1, 1, 0, 1, 1, 1, 1, 1, 0, 1, 0, 1, 1, 0, 0, 0, 0, 1, 1, 0, 0, 0, 1, 1, 0, 1, 0
rec, 0, 0, 0, 2, 2, 3, 4, 5, 5, 6, 10, 14, 22, 28, 41, 60, 76, 95, 108, 134, 154, 174, 196, 218, 246, 286, 305, 322, 350, 373, 392, 416, 440, 465, 491, 520, 547, 570, 585, 599, 617, 638, 659, 687, 711, 735, 748, 755, 768, 779, 795, 815, 825, 838, 847, 854, 863, 873, 875, 876, 883, 889, 892, 896, 901, 908, 915, 919, 923, 926, 933, 936, 941, 946, 950, 953, 955, 956, 958, 959, 960, 962, 963, 965, 968, 968, 970, 970, 971, 972, 972, 972, 974, 975, 976, 977, 979, 979, 980, 981, 981, 982, 982, 983, 985, 985, 985, 985, 985, 986, 986, 986, 986, 987, 987, 987, 987, 988, 988, 988, 988, 988, 988, 988, 989, 989, 989, 989
rem, 0, 0, 1, 1, 3, 4, 6, 10, 10, 17, 27, 40, 58, 86, 122, 167, 213, 269, 329, 391, 475, 566, 662, 773, 873, 982, 1088, 1201, 1319, 1421, 1531, 1635, 1738, 1838, 1938, 2035, 2123, 2220, 2311, 2387, 2476, 2543, 2614, 2693, 2768, 2841, 2907, 2958, 3019, 3073, 3119, 3170, 3215, 3261, 3296, 3329, 3363, 3404, 3441, 3476, 3503, 3545, 3573, 3598, 3622, 3641, 3660, 3679, 3702, 3727, 3749, 3770, 3788, 3797, 3810, 3828, 3840, 3847, 3859, 3871, 3876, 3886, 3899, 3906, 3912, 3915, 3921, 3927, 3933, 3942, 3945, 3950, 3955, 3958, 3960, 3969, 3970, 3972, 3974, 3977, 3980, 3981, 3982, 3985, 3987, 3989, 3990, 3993, 3994, 3995, 3996, 3998, 3999, 3999, 4000, 4002, 4002, 4003, 4003, 4004, 4006, 4008, 4009, 4009, 4009, 4010, 4010, 4011
timesteps, 0, 1, 2, 3, 4, 5, 6, 7, 8, 9, 10, 11, 12, 13, 14, 15, 16, 17, 18, 19, 20, 21, 22, 23, 24, 25, 26, 27, 28, 29, 30, 31, 32, 33, 34, 35, 36, 37, 38, 39, 40, 41, 42, 43, 44, 45, 46, 47, 48, 49, 50, 51, 52, 53, 54, 55, 56, 57, 58, 59, 60, 61, 62, 63, 64, 65, 66, 67, 68, 69, 70, 71, 72, 73, 74, 75, 76, 77, 78, 79, 80, 81, 82, 83, 84, 85, 86, 87, 88, 89, 90, 91, 92, 93, 94, 95, 96, 97, 98, 99, 100, 101, 102, 103, 104, 105, 106, 107, 108, 109, 110, 111, 112, 113, 114, 117, 121, 122, 123, 124, 125, 129, 131, 132, 133, 142, 166, 191
events, 37, 24, 35, 48, 63, 90, 141, 198, 321, 345, 464, 612, 728, 744, 796, 784, 709, 673, 600, 521, 495, 482, 426, 443, 433, 388, 367, 376, 352, 360, 367, 333, 343, 314, 279, 278, 273, 259, 244, 237, 244, 230, 204, 188, 177, 173, 154, 155, 139, 121, 124, 140, 92, 98, 106, 104, 86, 81, 82, 83, 71, 73, 64, 59, 66, 67, 54, 45, 57, 40, 33, 47, 40, 37, 25, 24, 30, 22, 30, 18, 18, 17, 19, 23, 12, 14, 12, 7, 9, 20, 9, 11, 6, 10, 2, 5, 3, 9, 7, 4, 6, 6, 7, 2, 2, 4, 4, 10, 4, 2, 1, 2, 2, 2, 5, 2, 1, 3, 4, 2, 2, 3, 2, 1, 1, 2, 1, 2
sus, 4959, 4938, 4910, 4871, 4822, 4749, 4641, 4494, 4236, 3969, 3611, 3169, 2651, 2159, 1645, 1183, 814, 527, 328, 205, 120, 68, 48, 28, 18, 13, 9, 5, 4, 1, 1, 1, 1, 1, 1, 1, 1, 1, 1, 1, 1, 1, 1, 1, 1, 1, 1, 1, 1, 1, 1, 1, 0, 0, 0, 0, 0, 0, 0, 0, 0, 0, 0, 0, 0, 0, 0, 0, 0, 0, 0, 0, 0, 0, 0, 0, 0, 0, 0, 0, 0, 0, 0, 0, 0, 0, 0, 0, 0, 0, 0, 0, 0, 0, 0, 0, 0, 0, 0, 0, 0, 0, 0, 0, 0, 0, 0, 0, 0, 0, 0, 0, 0, 0, 0, 0, 0, 0, 0, 0, 0, 0, 0, 0, 0, 0, 0, 0
exp, 31, 49, 70, 100, 139, 197, 276, 380, 582, 788, 1059, 1371, 1734, 2041, 2332, 2563, 2691, 2726, 2692, 2579, 2446, 2275, 2092, 1938, 1784, 1637, 1506, 1386, 1269, 1170, 1065, 993, 904, 833, 765, 714, 648, 577, 530, 488, 450, 409, 380, 349, 317, 292, 268, 246, 226, 205, 184, 166, 157, 142, 125, 113, 101, 93, 81, 73, 68, 63, 51, 46, 44, 38, 35, 32, 28, 24, 24, 20, 20, 17, 16, 14, 11, 10, 10, 8, 8, 8, 7, 7, 5, 5, 4, 3, 3, 3, 3, 3, 3, 3, 3, 3, 3, 3, 3, 3, 3, 2, 2, 2, 2, 2, 2, 2, 2, 2, 2, 2, 2, 1, 1, 1, 1, 1, 1, 1, 1, 1, 1, 1, 1, 1, 0, 0
inf, 9, 12, 19, 28, 35, 49, 75, 114, 164, 216, 292, 392, 513, 664, 852, 1031, 1211, 1391, 1508, 1644, 1763, 1864, 1952, 1980, 2005, 2023, 2030, 2021, 2002, 1966, 1927, 1848, 1805, 1741, 1691, 1614, 1559, 1533, 1468, 1399, 1334, 1275, 1207, 1158, 1112, 1054, 1010, 952, 912, 879, 843, 793, 759, 729, 702, 664, 629, 600, 572, 539, 505, 476, 457, 433, 398, 368, 345, 321, 296, 283, 263, 244, 222, 207, 195, 186, 175, 165, 149, 144, 133, 123, 119, 106, 101, 95, 92, 89, 84, 73, 68, 63, 61, 55, 55, 53, 51, 45, 42, 39, 36, 35, 31, 31, 30, 28, 25, 20, 19, 18, 17, 15, 14, 15, 13, 12, 11, 9, 7, 6, 5, 3, 2, 1, 1, 0, 1, 0
dead, 0, 0, 0, 0, 1, 1, 2, 2, 7, 6, 5, 23, 31, 23, 28, 30, 40, 36, 74, 91, 79, 101, 109, 123, 118, 117, 109, 107, 114, 112, 107, 107, 102, 104, 108, 105, 114, 100, 98, 101, 92, 79, 84, 76, 70, 66, 62, 65, 53, 47, 46, 42, 35, 34, 24, 19, 28, 26, 28, 29, 32, 21, 23, 17, 19, 23, 17, 22, 21, 16, 18, 15, 15, 15, 15, 14, 14, 11, 11, 9, 12, 14, 5, 6, 10, 7, 4, 5, 6, 6, 7, 6, 4, 6, 4, 3, 4, 5, 4, 5, 5, 4, 4, 2, 2, 2, 4, 3, 1, 0, 1, 2, 2, 1, 0, 0, 1, 1, 0, 0, 0, 1, 1, 1, 0, 0, 0, 0
rec, 0, 0, 0, 0, 1, 1, 2, 2, 2, 4, 8, 10, 15, 24, 30, 41, 54, 68, 94, 115, 133, 148, 167, 196, 220, 258, 294, 314, 348, 371, 402, 443, 458, 483, 504, 536, 562, 582, 611, 635, 644, 668, 682, 693, 710, 732, 742, 766, 779, 793, 805, 823, 837, 845, 854, 867, 878, 881, 889, 895, 904, 915, 923, 933, 941, 948, 955, 962, 968, 971, 976, 982, 986, 988, 990, 991, 992, 996, 998, 998, 999, 1000, 1001, 1003, 1003, 1004, 1004, 1005, 1005, 1007, 1007, 1007, 1007, 1007, 1007, 1007, 1007, 1009, 1009, 1010, 1010, 1010, 1011, 1011, 1011, 1011, 1011, 1012, 1012, 1013, 1013, 1014, 1014, 1014, 1014, 1014, 1014, 1015, 1016, 1016, 1016, 1016, 1016, 1017, 1017, 1017, 1017, 1017
rem, 1, 1, 1, 1, 2, 3, 4, 8, 9, 17, 25, 35, 56, 89, 113, 152, 190, 252, 304, 366, 459, 544, 632, 735, 855, 952, 1052, 1167, 1263, 1380, 1498, 1608, 1730, 1838, 1931, 2030, 2116, 2207, 2292, 2376, 2479, 2568, 2646, 2723, 2790, 2855, 2917, 2970, 3029, 3075, 3121, 3175, 3212, 3250, 3295, 3337, 3364, 3400, 3430, 3464, 3491, 3525, 3546, 3571, 3598, 3623, 3648, 3663, 3687, 3706, 3719, 3739, 3757, 3773, 3784, 3795, 3808, 3818, 3832, 3841, 3848, 3855, 3868, 3878, 3881, 3889, 3896, 3898, 3902, 3911, 3915, 3921, 3925, 3929, 3931, 3934, 3935, 3938, 3942, 3943, 3946, 3949, 3952, 3954, 3955, 3957, 3958, 3963, 3966, 3967, 3967, 3967, 3968, 3969, 3972, 3973, 3973, 3974, 3976, 3977, 3978, 3979, 3980, 3980, 3981, 3982, 3982, 3983
timesteps, 0, 1, 2, 3, 4, 5, 6, 7, 8, 9, 10, 11, 12, 13, 14, 15, 16, 17, 18, 19, 20, 21, 22, 23, 24, 25, 26, 27, 28, 29, 30, 31, 32, 33, 34, 35, 36, 37, 38, 39, 40, 41, 42, 43, 44, 45, 46, 47, 48, 49, 50, 51, 52, 53, 54, 55, 56, 57, 58, 59, 60, 61, 62, 63, 64, 65, 66, 67, 68, 69, 70, 71, 72, 73, 74, 75, 76, 77, 78, 79, 80, 81, 82, 83, 84, 85, 86, 87, 88, 89, 90, 91, 92, 93, 94, 95, 96, 97, 98, 99, 100, 101, 102, 103, 104, 105, 106, 107, 108, 109, 110, 111, 112, 113, 116, 117, 118, 120, 121, 123, 124, 125, 126, 131, 132, 133, 134, 135, 137, 138, 140, 147, 152, 162
events, 26, 31, 33, 55, 73, 82, 136, 203, 226, 299, 330, 517, 604, 728, 834, 756, 731, 692, 626, 577, 525, 488, 464, 431, 422, 386, 384, 371, 374, 362, 341, 287, 368, 318, 329, 306, 261, 231, 267, 244, 216, 226, 203, 210, 182, 194, 167, 191, 165, 139, 139, 133, 110, 116, 114, 107, 87, 67, 74, 74, 95, 55, 80, 73, 68, 65, 54, 42, 42, 47, 35, 47, 33, 40, 33, 38, 22, 31, 27, 23, 17, 14, 21, 21, 12, 27, 13, 12, 15, 14, 16, 18, 9, 11, 10, 7, 9, 10, 8, 8, 8, 8, 4, 5, 5, 9, 2, 8, 1, 3, 3, 1, 4, 3, 2, 2, 1, 3, 1, 2, 2, 4, 4, 1, 1, 2, 2, 1, 1, 1, 1, 1, 1, 1
sus, 4968, 4942, 4916, 4878, 4814, 4756, 4653, 4489, 4316, 4074, 3831, 3459, 3030, 2505, 1955, 1489, 1062, 733, 477, 307, 191, 116, 68, 46, 31, 19, 12, 6, 3, 1, 1, 0, 0, 0, 0, 0, 0, 0, 0, 0, 0, 0, 0, 0, 0, 0, 0, 0, 0, 0, 0, 0, 0, 0, 0, 0, 0, 0, 0, 0, 0, 0, 0, 0, 0, 0, 0, 0, 0, 0, 0, 0, 0, 0, 0, 0, 0, 0, 0, 0, 0, 0, 0, 0, 0, 0, 0, 0, 0, 0, 0, 0, 0, 0, 0, 0, 0, 0, 0, 0, 0, 0, 0, 0, 0, 0, 0, 0, 0, 0, 0, 0, 0, 0, 0, 0, 0, 0, 0, 0, 0, 0, 0, 0, 0, 0, 0, 0, 0, 0, 0, 0, 0, 0
exp, 22, 43, 62, 89, 148, 187, 262, 399, 529, 723, 895, 1146, 1440, 1817, 2160, 2408, 2617, 2694, 2704, 2617, 2513, 2379, 2213, 2065, 1880, 1753, 1614, 1500, 1379, 1260, 1167, 1091, 985, 898, 832, 765, 712, 656, 601, 537, 490, 453, 420, 379, 346, 312, 283, 253, 227, 212, 195, 179, 165, 156, 134, 126, 114, 105, 100, 86, 74, 71, 63, 55, 48, 45, 40, 36, 34, 32, 30, 27, 25, 23, 22, 22, 20, 17, 17, 16, 15, 14, 13, 12, 11, 10, 10, 7, 6, 5, 3, 2, 2, 2, 1, 0, 0, 0, 0, 0, 0, 0, 0, 0, 0, 0, 0, 0, 0, 0, 0, 0, 0, 0, 0, 0, 0, 0, 0, 0, 0, 0, 0, 0, 0, 0, 0, 0, 0, 0, 0, 0, 0, 0
inf, 10, 15, 22, 30, 32, 49, 74, 93, 131, 172, 234, 340, 451, 563, 728, 904, 1070, 1253, 1421, 1593, 1705, 1792, 1889, 1931, 2007, 2006, 2018, 2004, 1979, 1974, 1930, 1894, 1853, 1815, 1732, 1668, 1617, 1576, 1507, 1476, 1424, 1356, 1297, 1248, 1200, 1147, 1103, 1038, 992, 939, 889, 842, 807, 759, 735, 681, 652, 631, 599, 577, 546, 515, 486, 461, 431, 409, 389, 369, 344, 324, 310, 294, 276, 259, 242, 225, 215, 202, 190, 181, 172, 165, 156, 145, 141, 125, 120, 117, 111, 104, 100, 92, 86, 80, 77, 74, 68, 63, 59, 55, 50, 47, 45, 41, 39, 34, 33, 28, 28, 27, 26, 25, 23, 21, 20, 18, 18, 15, 14, 12, 11, 10, 8, 7, 7, 6, 5, 4, 3, 3, 2, 1, 1, 0
dead, 0, 0, 0, 0, 1, 0, 1, 2, 2, 6, 4, 7, 10, 21, 19, 24, 32, 49, 61, 65, 74, 93, 98, 83, 92, 105, 108, 102, 121, 108, 102, 104, 106, 101, 101, 103, 85, 87, 98, 89, 96, 91, 84, 79, 72, 67, 55, 69, 59, 60, 50, 44, 43, 34, 24, 35, 37, 33, 30, 37, 28, 35, 27, 24, 32, 20, 15, 19, 30, 23, 20, 12, 18, 13, 16, 12, 14, 17, 10, 7, 8, 9, 6, 8, 5, 10, 7, 9, 8, 9, 6, 5, 6, 6, 3, 4, 5, 4, 2, 2, 4, 2, 1, 3, 2, 2, 2, 3, 2, 1, 0, 1, 0, 0, 0, 1, 0, 0, 0, 2, 2, 0, 0, 1, 0, 0, 0, 1, 1, 0, 0, 1, 0, 0
rec, 0, 0, 0, 0, 1, 1, 1, 4, 4, 5, 9, 12, 17, 23, 32, 39, 49, 59, 79, 95, 113, 134, 161, 193, 225, 257, 291, 320, 352, 378, 410, 425, 455, 479, 514, 535, 553, 570, 595, 614, 636, 662, 683, 699, 719, 738, 758, 773, 788, 799, 821, 836, 839, 855, 865, 879, 884, 890, 898, 903, 915, 924, 934, 938, 943, 943, 949, 955, 958, 964, 966, 968, 971, 976, 977, 977, 979, 980, 984, 985, 988, 990, 993, 995, 997, 1000, 1000, 1001, 1002, 1004, 1005, 1007, 1009, 1010, 1012, 1013, 1015, 1016, 1018, 1018, 1018, 1018, 1019, 1020, 1020, 1021, 1021, 1022, 1022, 1022, 1022, 1022, 1023, 1024, 1024, 1025, 1025, 1028, 1029, 1029, 1029, 1029, 1029, 1029, 1029, 1029, 1029, 1029, 1030, 1030, 1031, 1031, 1031, 1032
rem, 0, 0, 0, 3, 4, 7, 9, 13, 18, 20, 27, 36, 52, 71, 106, 136, 170, 212, 258, 323, 404, 486, 571, 682, 765, 860, 957, 1068, 1166, 1279, 1390, 1486, 1601, 1707, 1821, 1929, 2033, 2111, 2199, 2284, 2354, 2438, 2516, 2595, 2663, 2736, 2801, 2867, 2934, 2990, 3045, 3099, 3146, 3196, 3242, 3279, 3313, 3341, 3373, 3397, 3437, 3455, 3490, 3522, 3546, 3583, 3607, 3621, 3634, 3657, 3674, 3699, 3710, 3729, 3743, 3764, 3772, 3784, 3799, 3811, 3817, 3822, 3832, 3840, 3846, 3855, 3863, 3866, 3873, 3878, 3886, 3894, 3897, 3902, 3907, 3909, 3912, 3917, 3921, 3925, 3928, 3933, 3935, 3936, 3939, 3943, 3944, 3947, 3948, 3950, 3952, 3952, 3954, 3955, 3956, 3956, 3957, 3957, 3957, 3957, 3958, 3961, 3963, 3963, 3964, 3965, 3966, 3966, 3966, 3967, 3967, 3967, 3968, 3968
timesteps, 0, 1, 2, 3, 4, 5, 6, 7, 8, 9, 10, 11, 12, 13, 14, 15, 16, 17, 18, 19, 20, 21, 22, 23, 24, 25, 26, 27, 28, 29, 30, 31, 32, 33, 34, 35, 36, 37, 38, 39, 40, 41, 42, 43, 44, 45, 46, 47, 48, 49, 50, 51, 52, 53, 54, 55, 56, 57, 58, 59, 60, 61, 62, 63, 64, 65, 66, 67, 68, 69, 70, 71, 72, 73, 74, 75, 76, 77, 78, 79, 80, 81, 82, 83, 84, 85, 86, 87, 88, 89, 90, 91, 92, 93, 94, 95, 96, 97, 98, 99, 100, 101, 102, 103, 104, 105, 107, 110, 114, 115, 116, 117, 119, 120, 121, 122, 123, 124, 132, 133, 136, 137, 138, 149
events, 40, 34, 33, 56, 70, 109, 161, 233, 313, 436, 600, 693, 805, 814, 768, 771, 718, 663, 526, 545, 487, 456, 427, 434, 398, 406, 364, 366, 331, 346, 345, 313, 322, 283, 274, 267, 259, 276, 221, 242, 215, 214, 190, 173, 151, 153, 160, 126, 167, 134, 140, 98, 111, 103, 90, 80, 95, 83, 81, 78, 56, 61, 52, 55, 66, 56, 35, 51, 35, 34, 41, 38, 32, 23, 31, 48, 24, 37, 29, 33, 23, 28, 13, 16, 8, 21, 16, 16, 10, 4, 6, 16, 11, 8, 5, 8, 4, 4, 13, 9, 9, 3, 11, 4, 1, 6, 3, 1, 4, 2, 1, 1, 1, 1, 1, 1, 1, 1, 1, 2, 1, 1, 2, 2
sus, 4953, 4923, 4899, 4854, 4805, 4724, 4593, 4423, 4187, 3865, 3431, 2929, 2359, 1822, 1348, 932, 588, 357, 231, 145, 84, 56, 34, 22, 15, 6, 6, 5, 3, 2, 2, 2, 2, 1, 0, 0, 0, 0, 0, 0, 0, 0, 0, 0, 0, 0, 0, 0, 0, 0, 0, 0, 0, 0, 0, 0, 0, 0, 0, 0, 0, 0, 0, 0, 0, 0, 0, 0, 0, 0, 0, 0, 0, 0, 0, 0, 0, 0, 0, 0, 0, 0, 0, 0, 0, 0, 0, 0, 0, 0, 0, 0, 0, 0, 0, 0, 0, 0, 0, 0, 0, 0, 0, 0, 0, 0, 0, 0, 0, 0, 0, 0, 0, 0, 0, 0, 0, 0, 0, 0, 0, 0, 0, 0
exp, 36, 64, 81, 118, 151, 206, 309, 432, 600, 839, 1149, 1497, 1889, 2226, 2473, 2637, 2734, 2699, 2597, 2452, 2282, 2104, 1960, 1800, 1664, 1529, 1395, 1247, 1165, 1066, 964, 876, 800, 733, 678, 608, 557, 506, 464, 431, 389, 351, 317, 293, 274, 247, 228, 218, 198, 184, 162, 150, 138, 128, 115, 109, 97, 89, 80, 71, 64, 60, 59, 56, 51, 45, 42, 36, 34, 31, 29, 22, 20, 19, 17, 14, 12, 12, 10, 9, 9, 9, 9, 8, 7, 6, 6, 4, 4, 4, 4, 4, 3, 3, 3, 3, 3, 2, 1, 0, 0, 0, 0, 0, 0, 0, 0, 0, 0, 0, 0, 0, 0, 0, 0, 0, 0, 0, 0, 0, 0, 0, 0, 0
inf, 11, 11, 17, 23, 37, 62, 88, 124, 184, 247, 345, 480, 623, 773, 965, 1150, 1322, 1491, 1620, 1729, 1840, 1911, 1944, 1971, 1978, 1983, 1984, 2012, 1961, 1925, 1892, 1858, 1799, 1754, 1685, 1651, 1585, 1509, 1453, 1388, 1333, 1280, 1229, 1170, 1113, 1068, 1016, 955, 893, 846, 809, 775, 732, 692, 663, 626, 588, 559, 529, 503, 482, 458, 429, 398, 376, 355, 344, 325, 312, 300, 278, 268, 253, 243, 228, 208, 196, 172, 157, 143, 132, 117, 112, 103, 100, 89, 82, 78, 72, 70, 68, 59, 56, 52, 47, 44, 41, 40, 33, 32, 26, 25, 20, 18, 17, 14, 13, 13, 11, 9, 8, 8, 7, 7, 6, 5, 5, 5, 4, 3, 2, 1, 1, 0
dead, 0, 1, 0, 1, 0, 0, 2, 5, 6, 10, 18, 13, 23, 34, 23, 46, 52, 66, 77, 64, 84, 110, 112, 115, 107, 103, 109, 112, 101, 100, 107, 102, 107, 103, 110, 102, 110, 117, 106, 78, 80, 65, 62, 59, 59, 68, 55, 64, 67, 59, 49, 45, 42, 34, 30, 32, 41, 34, 34, 27, 27, 22, 24, 37, 28, 23, 17, 17, 13, 11, 12, 11, 13, 13, 15, 11, 13, 17, 19, 14, 10, 10, 6, 8, 7, 10, 8, 4, 5, 5, 3, 4, 2, 0, 3, 1, 3, 4, 7, 3, 5, 4, 1, 1, 2, 2, 1, 0, 0, 0, 1, 0, 1, 0, 1, 2, 1, 0, 0, 0, 1, 2, 0, 0
rec, 0, 1, 2, 2, 2, 2, 2, 5, 11, 16, 18, 24, 27, 39, 53, 61, 78, 92, 107, 136, 161, 183, 208, 245, 277, 306, 336, 359, 395, 423, 443, 467, 486, 502, 528, 547, 565, 587, 615, 630, 649, 670, 687, 707, 727, 736, 750, 767, 781, 791, 801, 811, 825, 840, 851, 861, 869, 875, 881, 889, 896, 900, 907, 910, 912, 921, 923, 928, 929, 930, 938, 942, 944, 944, 947, 952, 956, 963, 968, 971, 974, 976, 977, 980, 982, 983, 983, 985, 986, 986, 986, 987, 987, 989, 991, 991, 991, 991, 992, 992, 993, 993, 995, 995, 995, 995, 995, 995, 995, 997, 997, 997, 997, 997, 997, 997, 997, 997, 998, 998, 998, 998, 998, 998
rem, 0, 0, 1, 2, 5, 6, 6, 11, 12, 23, 39, 57, 79, 106, 138, 174, 226, 295, 368, 474, 549, 636, 742, 847, 959, 1073, 1170, 1265, 1375, 1484, 1592, 1695, 1806, 1907, 1999, 2092, 2183, 2281, 2362, 2473, 2549, 2634, 2705, 2771, 2827, 2881, 2951, 2996, 3061, 3120, 3179, 3219, 3263, 3306, 3341, 3372, 3405, 3443, 3476, 3510, 3531, 3560, 3581, 3599, 3633, 3656, 3674, 3694, 3712, 3728, 3743, 3757, 3770, 3781, 3793, 3815, 3823, 3836, 3846, 3863, 3875, 3888, 3896, 3901, 3904, 3912, 3921, 3929, 3933, 3935, 3939, 3946, 3952, 3956, 3956, 3961, 3962, 3963, 3967, 3973, 3976, 3978, 3984, 3986, 3986, 3989, 3991, 3992, 3994, 3994, 3994, 3995, 3995, 3996, 3996, 3996, 3997, 3998, 3998, 3999, 3999, 3999, 4001, 4002
timesteps, 0, 1, 2, 3, 4, 5, 6, 7, 8, 9, 10, 11, 12, 13, 14, 15, 16, 17, 18, 19, 20, 21, 22, 23, 24, 25, 26, 27, 28, 29, 30, 31, 32, 33, 34, 35, 36, 37, 38, 39, 40, 41, 42, 43, 44, 45, 46, 47, 48, 49, 50, 51, 52, 53, 54, 55, 56, 57, 58, 59, 60, 61, 62, 63, 64, 65, 66, 67, 68, 69, 70, 71, 72, 73, 74, 75, 76, 77, 78, 79, 80, 81, 82, 83, 84, 85, 86, 87, 88, 89, 90, 91, 92, 93, 94, 95, 96, 97, 98, 99, 100, 101, 102, 103, 104, 105, 106, 107, 108, 109, 110, 112, 113, 114, 115, 116, 117, 118, 119, 120, 122, 123, 124, 125, 127, 130, 131, 134, 139, 143, 172, 179
events, 25, 31, 44, 36, 58, 89, 135, 199, 245, 342, 435, 563, 674, 761, 819, 807, 786, 722, 589, 532, 495, 460, 483, 420, 389, 396, 368, 325, 383, 404, 323, 319, 340, 314, 292, 276, 253, 282, 249, 254, 208, 223, 178, 170, 178, 145, 151, 148, 139, 139, 128, 137, 119, 107, 102, 106, 103, 86, 78, 101, 81, 80, 66, 69, 65, 48, 55, 52, 40, 58, 44, 36, 24, 36, 32, 24, 41, 24, 15, 18, 24, 26, 15, 17, 17, 13, 13, 15, 14, 13, 9, 17, 16, 13, 3, 9, 6, 7, 3, 9, 7, 5, 11, 3, 4, 8, 7, 5, 3, 4, 8, 2, 3, 3, 5, 1, 6, 6, 3, 4, 1, 2, 1, 1, 1, 3, 1, 1, 1, 1, 2, 1
sus, 4971, 4943, 4905, 4879, 4833, 4766, 4662, 4499, 4329, 4061, 3735, 3328, 2841, 2319, 1807, 1316, 904, 574, 359, 216, 143, 94, 57, 33, 22, 15, 10, 7, 3, 2, 2, 0, 0, 0, 0, 0, 0, 0, 0, 0, 0, 0, 0, 0, 0, 0, 0, 0, 0, 0, 0, 0, 0, 0, 0, 0, 0, 0, 0, 0, 0, 0, 0, 0, 0, 0, 0, 0, 0, 0, 0, 0, 0, 0, 0, 0, 0, 0, 0, 0, 0, 0, 0, 0, 0, 0, 0, 0, 0, 0, 0, 0, 0, 0, 0, 0, 0, 0, 0, 0, 0, 0, 0, 0, 0, 0, 0, 0, 0, 0, 0, 0, 0, 0, 0, 0, 0, 0, 0, 0, 0, 0, 0, 0, 0, 0, 0, 0, 0, 0, 0, 0
exp, 17, 42, 77, 94, 130, 178, 255, 389, 502, 714, 957, 1243, 1580, 1928, 2205, 2473, 2621, 2720, 2716, 2635, 2490, 2336, 2174, 2012, 1850, 1699, 1562, 1438, 1321, 1215, 1124, 1045, 959, 878, 798, 739, 672, 616, 565, 511, 470, 421, 384, 343, 311, 289, 269, 252, 232, 215, 201, 182, 171, 158, 143, 130, 120, 106, 100, 90, 86, 80, 73, 70, 68, 65, 60, 52, 49, 46, 42, 38, 35, 33, 30, 27, 24, 22, 19, 19, 16, 14, 12, 11, 10, 10, 7, 5, 5, 3, 2, 2, 2, 2, 2, 2, 2, 2, 2, 2, 2, 2, 2, 1, 1, 1, 1, 0, 0, 0, 0, 0, 0, 0, 0, 0, 0, 0, 0, 0, 0, 0, 0, 0, 0, 0, 0, 0, 0, 0, 0, 0
inf, 12, 15, 16, 24, 33, 49, 72, 99, 144, 190, 256, 356, 481, 616, 811, 974, 1172, 1309, 1443, 1558, 1661, 1740, 1801, 1862, 1922, 1955, 1973, 1990, 1954, 1895, 1865, 1817, 1759, 1707, 1679, 1620, 1590, 1516, 1469, 1406, 1364, 1315, 1268, 1241, 1184, 1142, 1091, 1037, 994, 940, 892, 847, 797, 759, 727, 692, 649, 629, 600, 559, 523, 488, 463, 427, 395, 373, 353, 330, 314, 289, 274, 261, 252, 235, 220, 213, 198, 188, 184, 173, 165, 152, 147, 139, 132, 127, 124, 119, 110, 106, 103, 92, 83, 80, 78, 72, 68, 64, 63, 57, 54, 50, 47, 47, 44, 39, 36, 35, 33, 31, 27, 26, 24, 22, 18, 18, 16, 12, 11, 9, 9, 7, 7, 7, 6, 4, 4, 3, 3, 2, 1, 0
dead, 0, 0, 0, 0, 0, 3, 6, 3, 6, 7, 10, 12, 20, 21, 22, 41, 50, 61, 58, 89, 89, 97, 102, 114, 106, 100, 101, 96, 121, 113, 98, 91, 98, 110, 92, 93, 83, 91, 76, 87, 66, 63, 69, 61, 66, 57, 58, 58, 51, 62, 54, 52, 54, 52, 51, 47, 46, 38, 31, 31, 26, 27, 24, 26, 22, 18, 12, 22, 19, 15, 11, 11, 13, 14, 14, 11, 5, 5, 6, 8, 8, 9, 9, 11, 9, 4, 5, 6, 8, 6, 5, 8, 8, 1, 2, 4, 4, 4, 3, 5, 3, 6, 1, 1, 2, 3, 2, 1, 2, 2, 0, 0, 1, 2, 4, 3, 1, 2, 1, 1, 0, 2, 1, 0, 1, 1, 0, 1, 0, 0, 0, 0
rec, 0, 0, 1, 2, 2, 2, 3, 3, 6, 7, 12, 17, 22, 34, 41, 49, 62, 78, 96, 118, 144, 176, 200, 228, 257, 282, 308, 338, 369, 413, 438, 467, 494, 515, 537, 555, 573, 599, 612, 635, 655, 680, 701, 716, 743, 757, 767, 778, 792, 801, 819, 831, 843, 853, 861, 868, 882, 886, 891, 902, 910, 917, 925, 935, 944, 953, 959, 967, 971, 976, 978, 980, 981, 984, 991, 993, 997, 999, 1000, 1002, 1003, 1008, 1009, 1009, 1011, 1013, 1014, 1014, 1016, 1019, 1020, 1022, 1024, 1024, 1024, 1025, 1027, 1028, 1028, 1029, 1030, 1030, 1030, 1030, 1031, 1032, 1032, 1033, 1033, 1033, 1035, 1035, 1035, 1035, 1036, 1036, 1036, 1037, 1037, 1037, 1037, 1037, 1037, 1037, 1037, 1038, 1038, 1038, 1038, 1039, 1039, 1040
rem, 0, 0, 1, 1, 2, 2, 2, 7, 13, 21, 30, 44, 56, 82, 114, 147, 191, 258, 328, 384, 473, 557, 666, 751, 843, 949, 1046, 1131, 1232, 1362, 1473, 1580, 1690, 1790, 1894, 1993, 2082, 2178, 2278, 2361, 2445, 2521, 2578, 2639, 2696, 2755, 2815, 2875, 2931, 2982, 3034, 3088, 3135, 3178, 3218, 3263, 3303, 3341, 3378, 3418, 3455, 3488, 3515, 3542, 3571, 3591, 3616, 3629, 3647, 3674, 3695, 3710, 3719, 3734, 3745, 3756, 3776, 3786, 3791, 3798, 3808, 3817, 3823, 3830, 3838, 3846, 3850, 3856, 3861, 3866, 3870, 3876, 3883, 3893, 3894, 3897, 3899, 3902, 3904, 3907, 3911, 3912, 3920, 3921, 3922, 3925, 3929, 3931, 3932, 3934, 3938, 3939, 3940, 3941, 3942, 3943, 3947, 3949, 3951, 3953, 3954, 3954, 3955, 3956, 3956, 3957, 3958, 3958, 3959, 3959, 3960, 3960
timesteps, 0, 1, 2, 3, 4, 5, 6, 7, 8, 9, 10, 11, 12, 13, 14, 15, 16, 17, 18, 19, 20, 21, 22, 23, 24, 25, 26, 27, 28, 29, 30, 31, 32, 33, 34, 35, 36, 37, 38, 39, 40, 41, 42, 43, 44, 45, 46, 47, 48, 49, 50, 51, 52, 53, 54, 55, 56, 57, 58, 59, 60, 61, 62, 63, 64, 65, 66, 67, 68, 69, 70, 71, 72, 73, 74, 75, 76, 77, 78, 79, 80, 81, 82, 83, 84, 85, 86, 87, 88, 89, 90, 91, 92, 93, 94, 95, 96, 97, 98, 99, 100, 101, 102, 103, 104, 105, 106, 107, 108, 109, 110, 111, 112, 113, 114, 115, 116, 117, 118, 119, 120, 121, 122, 124, 126, 128, 129, 130, 131, 134, 135, 136, 143, 144, 148, 157
events, 37, 42, 60, 56, 68, 113, 150, 224, 335, 426, 501, 579, 731, 784, 756, 810, 714, 663, 591, 547, 492, 423, 435, 416, 393, 406, 394, 395, 394, 362, 341, 343, 321, 276, 276, 285, 257, 235, 261, 215, 236, 201, 204, 177, 155, 138, 155, 136, 140, 134, 126, 134, 134, 119, 99, 84, 87, 69, 81, 82, 70, 55, 60, 51, 58, 66, 45, 44, 46, 48, 44, 23, 41, 31, 23, 34, 32, 32, 27, 25, 14, 21, 21, 30, 13, 17, 14, 12, 8, 17, 15, 4, 8, 16, 11, 4, 4, 11, 7, 6, 4, 3, 8, 2, 6, 1, 2, 7, 1, 5, 3, 3, 1, 1, 2, 5, 2, 2, 2, 1, 1, 1, 2, 1, 1, 1, 1, 1, 2, 2, 4, 1, 3, 1, 2, 1
sus, 4963, 4928, 4883, 4839, 4787, 4703, 4584, 4418, 4159, 3836, 3458, 3046, 2532, 2005, 1525, 1067, 701, 452, 275, 171, 101, 59, 38, 25, 16, 9, 8, 7, 4, 2, 2, 1, 1, 1, 1, 1, 1, 1, 1, 1, 1, 1, 1, 1, 1, 1, 1, 1, 1, 1, 0, 0, 0, 0, 0, 0, 0, 0, 0, 0, 0, 0, 0, 0, 0, 0, 0, 0, 0, 0, 0, 0, 0, 0, 0, 0, 0, 0, 0, 0, 0, 0, 0, 0, 0, 0, 0, 0, 0, 0, 0, 0, 0, 0, 0, 0, 0, 0, 0, 0, 0, 0, 0, 0, 0, 0, 0, 0, 0, 0, 0, 0, 0, 0, 0, 0, 0, 0, 0, 0, 0, 0, 0, 0, 0, 0, 0, 0, 0, 0, 0, 0, 0, 0, 0, 0
exp, 25, 54, 91, 126, 163, 221, 318, 439, 642, 876, 1159, 1444, 1790, 2131, 2413, 2611, 2742, 2715, 2653, 2511, 2374, 2233, 2073, 1914, 1764, 1609, 1468, 1327, 1194, 1102, 1016, 927, 853, 776, 718, 645, 592, 541, 499, 461, 416, 384, 348, 318, 295, 270, 241, 224, 207, 189, 176, 165, 155, 143, 137, 126, 114, 106, 98, 83, 79, 78, 72, 69, 63, 59, 56, 52, 48, 40, 36, 33, 31, 27, 24, 22, 21, 18, 16, 16, 16, 15, 14, 12, 11, 11, 11, 9, 9, 7, 7, 6, 6, 5, 5, 5, 4, 4, 4, 4, 4, 4, 4, 4, 4, 4, 3, 3, 3, 2, 2, 2, 2, 2, 2, 1, 0, 0, 0, 0, 0, 0, 0, 0, 0, 0, 0, 0, 0, 0, 0, 0, 0, 0, 0, 0
inf, 10, 15, 19, 27, 41, 65, 80, 119, 164, 242, 320, 426, 561, 701, 856, 1067, 1231, 1424, 1557, 1684, 1763, 1842, 1886, 1934, 1966, 1995, 1985, 1993, 1991, 1931, 1879, 1832, 1775, 1749, 1681, 1644, 1591, 1534, 1448, 1393, 1328, 1270, 1218, 1172, 1123, 1086, 1053, 1002, 950, 908, 868, 812, 745, 705, 655, 629, 602, 577, 542, 525, 491, 464, 442, 416, 396, 365, 344, 328, 308, 294, 278, 269, 250, 238, 230, 214, 200, 187, 176, 164, 156, 143, 131, 118, 112, 103, 97, 92, 87, 80, 73, 73, 67, 62, 55, 54, 53, 47, 44, 40, 38, 37, 32, 31, 28, 28, 28, 23, 23, 21, 19, 18, 17, 17, 16, 15, 16, 15, 14, 13, 13, 12, 11, 11, 10, 10, 9, 9, 8, 7, 4, 4, 2, 2, 1, 0
dead, 1, 2, 2, 0, 0, 1, 5, 4, 2, 8, 11, 11, 22, 35, 34, 33, 48, 57, 63, 81, 100, 89, 103, 98, 107, 113, 138, 124, 115, 128, 125, 122, 107, 92, 107, 90, 83, 90, 96, 85, 88, 78, 71, 61, 61, 62, 53, 61, 63, 58, 44, 43, 53, 42, 46, 37, 32, 31, 38, 27, 28, 24, 21, 28, 23, 21, 24, 21, 20, 20, 16, 16, 15, 14, 14, 16, 12, 13, 11, 4, 4, 6, 10, 10, 10, 9, 6, 9, 8, 9, 7, 5, 9, 4, 5, 3, 3, 4, 2, 2, 2, 1, 2, 2, 1, 0, 0, 2, 1, 2, 2, 1, 2, 1, 1, 1, 0, 0, 0, 1, 0, 1, 1, 0, 1, 0, 1, 0, 0, 0, 1, 0, 1, 0, 0, 0
rec, 1, 1, 2, 3, 4, 4, 5, 5, 9, 11, 14, 16, 22, 30, 39, 46, 60, 79, 110, 133, 155, 176, 203, 225, 245, 268, 296, 326, 356, 385, 409, 434, 464, 486, 505, 530, 545, 570, 601, 621, 647, 668, 683, 698, 710, 720, 727, 736, 749, 758, 769, 781, 801, 809, 824, 834, 842, 848, 854, 862, 871, 877, 882, 885, 890, 900, 903, 906, 913, 917, 921, 925, 929, 935, 937, 939, 942, 944, 947, 953, 955, 961, 963, 965, 967, 969, 970, 971, 974, 976, 977, 978, 978, 980, 982, 982, 983, 983, 984, 986, 986, 986, 987, 987, 988, 988, 989, 990, 990, 991, 992, 992, 992, 992, 992, 992, 992, 992, 992, 992, 992, 992, 992, 992, 992, 992, 992, 992, 992, 992, 993, 993, 993, 993, 993, 994
rem, 0, 0, 3, 5, 5, 6, 8, 15, 24, 27, 38, 57, 73, 98, 133, 176, 218, 273, 342, 420, 507, 601, 697, 804, 902, 1006, 1105, 1223, 1340, 1452, 1569, 1684, 1800, 1896, 1988, 2090, 2188, 2264, 2355, 2439, 2520, 2599, 2679, 2750, 2810, 2861, 2925, 2976, 3030, 3086, 3143, 3199, 3246, 3301, 3338, 3374, 3410, 3438, 3468, 3503, 3531, 3557, 3583, 3602, 3628, 3655, 3673, 3693, 3711, 3729, 3749, 3757, 3775, 3786, 3795, 3809, 3825, 3838, 3850, 3863, 3869, 3875, 3882, 3895, 3900, 3908, 3916, 3919, 3922, 3928, 3936, 3938, 3940, 3949, 3953, 3956, 3957, 3962, 3966, 3968, 3970, 3972, 3975, 3976, 3979, 3980, 3980, 3982, 3983, 3984, 3985, 3987, 3987, 3988, 3989, 3991, 3992, 3993, 3994, 3994, 3995, 3995, 3996, 3997, 3997, 3998, 3998, 3999, 4000, 4001, 4002, 4003, 4004, 4005, 4006, 4006
timesteps, 0, 1, 2, 3, 4, 5, 6, 7, 8, 9, 10, 11, 12, 13, 14, 15, 16, 17, 18, 19, 20, 21, 22, 23, 24, 25, 26, 27, 28, 29, 30, 31, 32, 33, 34, 35, 36, 37, 38, 39, 40, 41, 42, 43, 44, 45, 46, 47, 48, 49, 50, 51, 52, 53, 54, 55, 56, 57, 58, 59, 60, 61, 62, 63, 64, 65, 66, 67, 68, 69, 70, 71, 72, 73, 74, 75, 76, 77, 78, 79, 80, 81, 82, 83, 84, 85, 86, 87, 88, 89, 90, 91, 92, 93, 94, 95, 96, 97, 98, 99, 100, 101, 102, 103, 104, 105, 106, 107, 108, 109, 110, 111, 112, 113, 114, 115, 117, 118, 119, 120, 121, 122, 126, 127, 132, 133, 142, 150, 152, 154
events, 45, 28, 43, 48, 48, 76, 119, 178, 289, 362, 400, 510, 588, 734, 765, 794, 772, 680, 642, 556, 449, 520, 477, 422, 423, 425, 412, 371, 350, 349, 356, 314, 339, 311, 274, 279, 277, 298, 251, 264, 225, 217, 220, 206, 190, 154, 168, 152, 157, 124, 128, 114, 114, 125, 121, 119, 83, 92, 84, 81, 64, 82, 58, 66, 47, 56, 30, 61, 35, 42, 41, 38, 42, 40, 29, 31, 37, 30, 37, 34, 18, 26, 12, 17, 11, 20, 12, 16, 11, 15, 11, 8, 11, 9, 9, 10, 8, 5, 8, 2, 12, 5, 7, 13, 3, 5, 4, 2, 10, 5, 6, 6, 2, 3, 8, 2, 2, 2, 4, 1, 1, 1, 2, 1, 2, 3, 2, 1, 2, 1
sus, 4948, 4926, 4889, 4848, 4812, 4748, 4661, 4531, 4296, 4015, 3709, 3320, 2918, 2401, 1879, 1409, 1000, 668, 435, 274, 183, 105, 53, 28, 15, 11, 5, 4, 4, 4, 3, 2, 1, 1, 1, 1, 1, 1, 0, 0, 0, 0, 0, 0, 0, 0, 0, 0, 0, 0, 0, 0, 0, 0, 0, 0, 0, 0, 0, 0, 0, 0, 0, 0, 0, 0, 0, 0, 0, 0, 0, 0, 0, 0, 0, 0, 0, 0, 0, 0, 0, 0, 0, 0, 0, 0, 0, 0, 0, 0, 0, 0, 0, 0, 0, 0, 0, 0, 0, 0, 0, 0, 0, 0, 0, 0, 0, 0, 0, 0, 0, 0, 0, 0, 0, 0, 0, 0, 0, 0, 0, 0, 0, 0, 0, 0, 0, 0, 0, 0
exp, 42, 60, 92, 127, 151, 203, 264, 351, 538, 759, 988, 1291, 1547, 1890, 2243, 2473, 2639, 2739, 2714, 2621, 2503, 2359, 2192, 2030, 1877, 1711, 1576, 1446, 1319, 1205, 1109, 1030, 937, 862, 787, 724, 663, 606, 551, 506, 458, 428, 386, 366, 338, 309, 277, 263, 238, 215, 191, 178, 163, 151, 135, 124, 115, 97, 84, 79, 74, 69, 67, 63, 61, 57, 52, 46, 42, 39, 36, 35, 31, 26, 24, 23, 21, 20, 17, 16, 14, 14, 13, 11, 10, 8, 8, 8, 7, 7, 6, 6, 6, 6, 6, 6, 5, 5, 5, 5, 4, 4, 4, 4, 4, 4, 3, 2, 2, 2, 2, 2, 2, 2, 1, 1, 0, 0, 0, 0, 0, 0, 0, 0, 0, 0, 0, 0, 0, 0
inf, 9, 12, 17, 22, 34, 46, 69, 107, 150, 198, 264, 329, 456, 601, 724, 915, 1084, 1245, 1412, 1576, 1700, 1789, 1894, 1959, 1987, 2029, 2013, 2019, 2015, 1998, 1946, 1895, 1864, 1811, 1766, 1711, 1653, 1585, 1537, 1459, 1412, 1331, 1272, 1201, 1138, 1096, 1055, 996, 949, 916, 889, 849, 810, 760, 714, 665, 635, 612, 586, 550, 526, 487, 457, 433, 413, 392, 380, 358, 343, 323, 308, 289, 271, 258, 245, 232, 212, 198, 180, 161, 159, 147, 141, 135, 129, 123, 116, 107, 103, 96, 92, 88, 82, 76, 72, 65, 62, 60, 57, 56, 51, 48, 45, 39, 37, 33, 32, 33, 27, 25, 22, 18, 17, 15, 13, 12, 12, 11, 9, 8, 8, 8, 7, 6, 5, 3, 2, 1, 0, 0
dead, 1, 1, 0, 1, 1, 1, 0, 5, 7, 9, 9, 13, 7, 13, 27, 34, 47, 55, 60, 74, 77, 102, 101, 110, 116, 94, 108, 94, 99, 106, 113, 114, 99, 96, 111, 100, 104, 94, 91, 94, 84, 88, 91, 73, 71, 73, 68, 65, 63, 63, 52, 50, 48, 44, 49, 45, 35, 36, 39, 41, 33, 35, 36, 25, 22, 16, 23, 17, 22, 22, 16, 16, 15, 13, 14, 11, 14, 12, 16, 15, 7, 3, 5, 6, 8, 5, 6, 7, 6, 5, 5, 4, 3, 3, 1, 4, 5, 4, 2, 2, 2, 3, 1, 0, 0, 2, 3, 2, 4, 3, 1, 2, 2, 3, 1, 0, 1, 1, 1, 2, 1, 0, 0, 1, 0, 0, 0, 1, 1, 0
rec, 0, 0, 0, 0, 0, 0, 1, 1, 3, 4, 9, 12, 16, 25, 29, 36, 51, 69, 95, 120, 138, 159, 182, 207, 233, 260, 295, 320, 354, 374, 407, 435, 456, 479, 505, 536, 554, 573, 590, 614, 637, 668, 689, 703, 725, 740, 755, 766, 780, 791, 800, 807, 818, 833, 847, 863, 877, 884, 888, 892, 899, 908, 915, 920, 922, 926, 928, 935, 937, 944, 948, 951, 958, 961, 963, 964, 970, 973, 977, 985, 985, 987, 988, 988, 990, 991, 992, 993, 994, 994, 994, 995, 997, 1000, 1001, 1002, 1002, 1002, 1002, 1002, 1003, 1003, 1004, 1004, 1005, 1006, 1006, 1006, 1006, 1006, 1008, 1009, 1009, 1009, 1010, 1011, 1011, 1011, 1011, 1011, 1011, 1011, 1011, 1011, 1012, 1013, 1013, 1013, 1013, 1013
rem, 0, 1, 2, 2, 2, 2, 5, 5, 6, 15, 21, 35, 56, 70, 98, 133, 179, 224, 284, 335, 399, 486, 578, 666, 772, 895, 1003, 1117, 1209, 1313, 1422, 1524, 1643, 1751, 1830, 1928, 2025, 2141, 2231, 2327, 2409, 2485, 2562, 2657, 2728, 2782, 2845, 2910, 2970, 3015, 3068, 3116, 3161, 3212, 3255, 3303, 3338, 3371, 3403, 3438, 3468, 3501, 3525, 3559, 3582, 3609, 3617, 3644, 3656, 3672, 3692, 3709, 3725, 3742, 3754, 3770, 3783, 3797, 3810, 3823, 3835, 3849, 3853, 3860, 3863, 3873, 3878, 3885, 3890, 3898, 3903, 3907, 3912, 3915, 3920, 3923, 3926, 3929, 3934, 3935, 3940, 3942, 3946, 3953, 3954, 3955, 3956, 3957, 3961, 3964, 3967, 3969, 3970, 3971, 3975, 3976, 3976, 3977, 3979, 3979, 3980, 3981, 3982, 3982, 3983, 3984, 3985, 3985, 3986, 3987
timesteps, 0, 1, 2, 3, 4, 5, 6, 7, 8, 9, 10, 11, 12, 13, 14, 15, 16, 17, 18, 19, 20, 21, 22, 23, 24, 25, 26, 27, 28, 29, 30, 31, 32, 33, 34, 35, 36, 37, 38, 39, 40, 41, 42, 43, 44, 45, 46, 47, 48, 49, 50, 51, 52, 53, 54, 55, 56, 57, 58, 59, 60, 61, 62, 63, 64, 65, 66, 67, 68, 69, 70, 71, 72, 73, 74, 75, 76, 77, 78, 79, 80, 81, 82, 83, 84, 85, 86, 87, 88, 89, 90, 91, 92, 93, 94, 95, 96, 97, 98, 99, 100, 101, 102, 103, 104, 105, 106, 107, 108, 109, 110, 111, 112, 113, 114, 115, 116, 118, 119, 120, 122, 123, 124, 126, 127, 132, 136, 138, 143
events, 32, 28, 28, 53, 75, 96, 149, 227, 369, 426, 469, 555, 640, 771, 781, 777, 703, 637, 580, 565, 501, 499, 467, 400, 447, 368, 364, 419, 346, 354, 318, 383, 329, 328, 302, 273, 259, 226, 259, 256, 232, 191, 165, 193, 156, 156, 163, 167, 138, 130, 139, 117, 107, 131, 83, 86, 95, 96, 77, 85, 74, 64, 61, 58, 46, 53, 55, 42, 46, 35, 43, 39, 32, 26, 25, 27, 20, 26, 32, 21, 30, 27, 18, 17, 26, 19, 10, 21, 11, 10, 8, 6, 13, 7, 9, 13, 8, 13, 9, 5, 3, 6, 2, 2, 7, 6, 5, 5, 2, 6, 2, 5, 1, 2, 2, 4, 3, 3, 1, 1, 1, 1, 2, 2, 4, 2, 2, 1, 2
sus, 4964, 4940, 4919, 4879, 4815, 4743, 4633, 4461, 4178, 3844, 3479, 3075, 2631, 2109, 1598, 1156, 791, 541, 338, 199, 116, 65, 35, 22, 11, 7, 6, 6, 5, 4, 2, 1, 1, 1, 0, 0, 0, 0, 0, 0, 0, 0, 0, 0, 0, 0, 0, 0, 0, 0, 0, 0, 0, 0, 0, 0, 0, 0, 0, 0, 0, 0, 0, 0, 0, 0, 0, 0, 0, 0, 0, 0, 0, 0, 0, 0, 0, 0, 0, 0, 0, 0, 0, 0, 0, 0, 0, 0, 0, 0, 0, 0, 0, 0, 0, 0, 0, 0, 0, 0, 0, 0, 0, 0, 0, 0, 0, 0, 0, 0, 0, 0, 0, 0, 0, 0, 0, 0, 0, 0, 0, 0, 0, 0, 0, 0, 0, 0, 0
exp, 28, 49, 64, 93, 147, 197, 275, 399, 614, 876, 1162, 1453, 1734, 2069, 2380, 2578, 2714, 2715, 2689, 2560, 2408, 2242, 2077, 1902, 1741, 1614, 1493, 1353, 1258, 1172, 1089, 985, 910, 810, 744, 666, 596, 551, 503, 454, 404, 371, 341, 303, 281, 263, 248, 231, 215, 203, 185, 173, 160, 145, 135, 125, 115, 101, 95, 88, 80, 74, 72, 68, 64, 59, 57, 51, 48, 43, 39, 38, 34, 32, 30, 28, 27, 25, 20, 19, 16, 13, 11, 11, 10, 9, 9, 7, 7, 5, 5, 5, 5, 5, 4, 4, 3, 3, 3, 3, 3, 3, 3, 3, 2, 2, 1, 1, 1, 0, 0, 0, 0, 0, 0, 0, 0, 0, 0, 0, 0, 0, 0, 0, 0, 0, 0, 0, 0
inf, 7, 9, 15, 25, 34, 55, 83, 127, 183, 242, 304, 393, 537, 687, 848, 1038, 1204, 1371, 1509, 1687, 1816, 1902, 1954, 2033, 2055, 2046, 2027, 2018, 1979, 1916, 1862, 1811, 1759, 1729, 1663, 1633, 1598, 1545, 1476, 1412, 1368, 1309, 1257, 1215, 1166, 1112, 1042, 974, 928, 876, 831, 786, 746, 706, 674, 642, 607, 576, 540, 510, 480, 456, 431, 407, 388, 366, 341, 327, 310, 295, 278, 254, 243, 232, 221, 207, 197, 184, 177, 167, 155, 147, 140, 129, 118, 110, 105, 97, 90, 87, 83, 80, 72, 67, 64, 55, 54, 46, 43, 41, 39, 36, 35, 34, 31, 27, 27, 25, 23, 21, 20, 19, 19, 18, 17, 13, 11, 10, 10, 9, 9, 8, 6, 6, 4, 3, 2, 1, 0
dead, 0, 1, 0, 0, 1, 0, 1, 2, 4, 6, 12, 17, 21, 25, 28, 34, 35, 43, 63, 70, 80, 82, 99, 95, 96, 113, 125, 110, 101, 104, 119, 125, 97, 96, 98, 94, 92, 80, 82, 77, 64, 71, 84, 78, 76, 65, 70, 75, 65, 55, 47, 45, 48, 36, 40, 39, 34, 31, 37, 32, 37, 34, 21, 21, 22, 22, 22, 19, 10, 16, 14, 18, 18, 14, 10, 12, 13, 14, 10, 11, 14, 8, 7, 11, 8, 5, 3, 1, 4, 6, 6, 5, 5, 7, 5, 8, 5, 7, 4, 2, 3, 1, 1, 1, 2, 4, 2, 1, 3, 4, 4, 1, 0, 0, 0, 2, 2, 1, 0, 1, 0, 1, 2, 0, 0, 0, 0, 0, 0
rec, 0, 0, 0, 0, 0, 1, 1, 1, 5, 9, 12, 17, 18, 26, 31, 42, 58, 76, 90, 105, 124, 153, 180, 203, 238, 268, 297, 331, 361, 392, 424, 453, 481, 514, 544, 569, 592, 619, 640, 664, 683, 702, 718, 729, 739, 756, 773, 788, 800, 820, 833, 844, 853, 859, 866, 875, 885, 896, 903, 904, 909, 914, 922, 924, 927, 933, 934, 941, 947, 951, 956, 964, 966, 972, 979, 984, 986, 991, 992, 993, 993, 997, 1000, 1001, 1003, 1006, 1008, 1011, 1011, 1011, 1011, 1012, 1015, 1016, 1018, 1020, 1020, 1021, 1021, 1022, 1022, 1024, 1024, 1024, 1025, 1025, 1025, 1025, 1025, 1025, 1025, 1025, 1025, 1025, 1025, 1027, 1028, 1028, 1028, 1028, 1028, 1028, 1029, 1029, 1029, 1029, 1029, 1030, 1030
rem, 1, 1, 2, 3, 3, 4, 7, 10, 16, 23, 31, 45, 59, 84, 115, 152, 198, 254, 311, 379, 456, 556, 655, 745, 859, 952, 1052, 1182, 1296, 1412, 1504, 1625, 1752, 1850, 1951, 2038, 2122, 2205, 2299, 2393, 2481, 2547, 2600, 2675, 2738, 2804, 2867, 2932, 2992, 3046, 3104, 3152, 3193, 3254, 3285, 3319, 3359, 3396, 3425, 3466, 3494, 3522, 3554, 3580, 3599, 3620, 3646, 3662, 3685, 3695, 3713, 3726, 3739, 3750, 3760, 3769, 3777, 3786, 3801, 3810, 3822, 3835, 3842, 3848, 3861, 3870, 3875, 3884, 3888, 3891, 3895, 3898, 3903, 3905, 3909, 3913, 3918, 3923, 3929, 3932, 3933, 3936, 3937, 3938, 3940, 3942, 3945, 3948, 3948, 3950, 3951, 3955, 3956, 3957, 3958, 3958, 3959, 3961, 3962, 3962, 3963, 3963, 3963, 3965, 3967, 3968, 3969, 3969, 3970
