timesteps, 0, 1, 2, 3, 4, 5, 6, 7, 8, 9, 10, 11, 12, 13, 14, 15, 16, 17, 18, 19, 20, 21, 22, 23, 24, 25, 26, 27, 28, 29, 30, 31, 32, 33, 34, 35, 36, 37, 38, 39, 40, 41, 42, 43, 44, 45, 46, 47, 48, 49, 50, 51, 52, 53, 54, 55, 56, 57, 58, 59, 60, 61, 63, 64, 66, 67, 68, 69, 70, 72, 73, 99, 100
events, 196, 245, 151, 139, 120, 154, 126, 93, 111, 74, 96, 69, 98, 63, 73, 89, 64, 44, 50, 57, 43, 39, 53, 29, 37, 32, 33, 26, 13, 9, 17, 9, 12, 9, 15, 18, 7, 9, 25, 12, 14, 11, 15, 13, 8, 7, 4, 7, 4, 6, 8, 1, 2, 3, 4, 3, 5, 2, 2, 1, 1, 1, 3, 3, 3, 2, 1, 1, 1, 1, 1, 1, 1
sus, 537, 396, 321, 258, 219, 163, 122, 106, 84, 77, 61, 49, 30, 29, 23, 16, 15, 13, 10, 8, 7, 7, 6, 6, 5, 5, 5, 5, 5, 5, 5, 5, 4, 3, 3, 2, 2, 2, 2, 2, 1, 1, 1, 1, 1, 1, 1, 1, 1, 1, 1, 1, 1, 1, 1, 1, 1, 1, 1, 1, 1, 1, 1, 1, 1, 1, 1, 1, 1, 1, 1, 1, 1
exp, 102, 222, 267, 299, 310, 330, 349, 337, 328, 312, 298, 281, 276, 249, 231, 216, 204, 198, 181, 171, 154, 141, 125, 119, 112, 102, 95, 89, 86, 82, 77, 77, 73, 71, 65, 58, 56, 51, 41, 38, 34, 33, 29, 24, 22, 21, 20, 18, 18, 16, 14, 14, 14, 14, 10, 8, 7, 7, 7, 7, 6, 5, 4, 4, 3, 3, 2, 2, 2, 1, 1, 0, 0
inf, 83, 56, 59, 61, 61, 62, 49, 53, 53, 54, 55, 68, 63, 75, 72, 58, 48, 40, 44, 37, 41, 38, 35, 28, 22, 23, 16, 14, 10, 13, 11, 6, 8, 7, 9, 12, 11, 14, 15, 13, 15, 8, 9, 9, 7, 6, 5, 6, 4, 4, 3, 2, 1, 0, 4, 5, 3, 2, 1, 1, 2, 3, 3, 1, 1, 0, 1, 0, 0, 1, 0, 1, 0
dead, 14, 18, 20, 27, 25, 25, 30, 21, 21, 17, 23, 25, 26, 21, 25, 27, 20, 16, 19, 11, 13, 14, 16, 18, 14, 9, 9, 3, 6, 3, 4, 5, 4, 4, 2, 2, 2, 2, 5, 6, 4, 7, 2, 3, 5, 3, 4, 1, 1, 0, 0, 1, 1, 0, 0, 1, 2, 1, 1, 0, 0, 0, 0, 0, 0, 0, 0, 1, 0, 0, 0, 0, 0
rec, 10, 19, 25, 31, 36, 44, 46, 54, 58, 62, 64, 66, 68, 71, 78, 88, 91, 93, 95, 98, 100, 105, 108, 109, 113, 114, 116, 118, 119, 119, 120, 120, 121, 124, 125, 126, 127, 127, 127, 127, 127, 130, 130, 131, 131, 131, 131, 131, 131, 132, 132, 132, 132, 132, 132, 132, 133, 134, 134, 134, 134, 134, 134, 135, 135, 135, 135, 135, 135, 135, 136, 136, 137
rem, 17, 52, 71, 87, 112, 139, 167, 192, 219, 241, 262, 274, 300, 318, 334, 358, 385, 403, 414, 438, 448, 458, 473, 483, 497, 510, 522, 534, 537, 541, 546, 550, 553, 554, 559, 563, 565, 567, 573, 577, 582, 584, 592, 595, 597, 601, 602, 606, 608, 610, 613, 613, 614, 616, 616, 616, 617, 618, 619, 620, 620, 620, 621, 622, 623, 624, 624, 624, 625, 625, 625, 625, 625
timesteps, 0, 1, 2, 3, 4, 5, 6, 7, 8, 9, 10, 11, 12, 13, 14, 15, 16, 17, 18, 19, 20, 21, 22, 23, 24, 25, 26, 27, 28, 29, 30, 31, 32, 33, 34, 35, 36, 37, 38, 39, 40, 41, 42, 43, 44, 45, 46, 47, 48, 49, 50, 51, 52, 55, 57, 58, 59, 60, 61, 63
events, 177, 186, 209, 140, 155, 135, 106, 103, 96, 106, 103, 81, 80, 72, 67, 47, 56, 73, 42, 67, 50, 36, 30, 39, 29, 42, 35, 33, 26, 18, 24, 20, 13, 16, 10, 11, 19, 16, 10, 17, 6, 5, 5, 4, 9, 3, 6, 3, 6, 7, 7, 2, 4, 2, 3, 1, 2, 2, 5, 2
sus, 544, 432, 314, 245, 193, 149, 119, 95, 79, 62, 43, 33, 26, 24, 20, 19, 15, 11, 10, 7, 7, 7, 7, 7, 6, 6, 5, 5, 5, 5, 4, 4, 4, 4, 4, 3, 3, 3, 3, 3, 3, 3, 3, 3, 3, 3, 3, 3, 3, 3, 3, 3, 3, 3, 3, 3, 3, 3, 3, 3
exp, 99, 183, 274, 320, 335, 349, 349, 346, 330, 322, 310, 298, 279, 252, 236, 221, 211, 198, 182, 159, 150, 141, 134, 121, 111, 97, 86, 84, 78, 69, 65, 59, 54, 49, 47, 42, 35, 31, 28, 23, 21, 20, 18, 17, 16, 14, 13, 12, 10, 5, 5, 5, 5, 4, 3, 3, 2, 1, 0, 0
inf, 85, 86, 75, 71, 71, 64, 70, 69, 76, 60, 63, 58, 58, 61, 57, 57, 53, 46, 45, 49, 34, 30, 29, 28, 27, 29, 28, 14, 13, 18, 13, 12, 11, 11, 8, 12, 13, 11, 9, 8, 8, 6, 6, 6, 3, 5, 4, 3, 4, 7, 4, 2, 1, 1, 1, 1, 1, 2, 1, 0
dead, 13, 18, 25, 25, 22, 23, 20, 19, 16, 23, 21, 20, 20, 23, 23, 24, 20, 15, 20, 19, 19, 15, 8, 9, 14, 8, 10, 11, 4, 2, 3, 2, 5, 4, 5, 5, 5, 3, 4, 1, 1, 3, 4, 3, 3, 2, 1, 3, 1, 3, 2, 3, 0, 1, 1, 0, 1, 0, 0, 0
rec, 7, 10, 15, 21, 32, 44, 49, 54, 59, 70, 75, 81, 86, 94, 99, 100, 102, 103, 110, 117, 124, 127, 127, 128, 130, 132, 134, 134, 135, 136, 137, 138, 139, 139, 140, 140, 140, 142, 144, 147, 147, 147, 147, 147, 147, 147, 147, 147, 147, 147, 147, 148, 149, 149, 149, 149, 149, 149, 149, 149
rem, 15, 34, 60, 81, 110, 134, 156, 180, 203, 226, 251, 273, 294, 309, 328, 342, 362, 390, 396, 412, 429, 443, 458, 470, 475, 491, 500, 515, 528, 533, 541, 548, 550, 556, 559, 561, 567, 573, 575, 581, 583, 584, 585, 587, 591, 592, 595, 595, 598, 598, 602, 602, 605, 605, 606, 607, 607, 608, 610, 611
timesteps, 0, 1, 2, 3, 4, 5, 6, 7, 8, 9, 10, 11, 12, 13, 14, 15, 16, 17, 18, 19, 20, 21, 22, 23, 24, 25, 26, 27, 28, 29, 30, 31, 32, 33, 34, 35, 36, 37, 38, 39, 40, 41, 42, 43, 44, 45, 46, 47, 48, 49, 50, 51, 52, 53, 54, 55, 57, 59, 61, 62, 66, 68, 103, 104, 111
events, 212, 192, 112, 143, 142, 113, 117, 128, 126, 111, 84, 87, 85, 76, 82, 62, 66, 58, 32, 53, 53, 41, 52, 34, 50, 32, 31, 31, 18, 21, 21, 21, 4, 13, 11, 11, 15, 16, 9, 11, 18, 9, 7, 5, 7, 2, 5, 6, 1, 3, 5, 4, 2, 4, 4, 2, 3, 2, 5, 1, 1, 1, 1, 1, 1
sus, 512, 408, 353, 286, 236, 194, 158, 122, 92, 71, 61, 48, 43, 32, 27, 21, 16, 13, 13, 11, 10, 9, 7, 6, 5, 4, 4, 4, 4, 4, 4, 4, 4, 4, 4, 4, 4, 4, 4, 4, 4, 4, 4, 4, 4, 4, 4, 4, 4, 4, 4, 4, 4, 4, 4, 4, 4, 4, 4, 4, 4, 4, 4, 4, 4
exp, 131, 207, 244, 285, 295, 313, 319, 326, 321, 315, 294, 285, 260, 255, 235, 223, 206, 196, 188, 171, 155, 140, 122, 114, 103, 98, 89, 84, 80, 69, 64, 60, 58, 54, 50, 46, 39, 34, 29, 26, 25, 23, 20, 20, 17, 15, 15, 14, 13, 12, 9, 8, 7, 5, 5, 5, 4, 3, 2, 2, 1, 1, 0, 0, 0
inf, 81, 73, 64, 66, 77, 72, 71, 62, 67, 59, 64, 57, 64, 52, 52, 51, 50, 41, 34, 37, 36, 41, 45, 39, 31, 25, 20, 13, 11, 19, 13, 9, 10, 9, 10, 8, 11, 9, 12, 11, 4, 4, 6, 2, 4, 6, 2, 1, 2, 2, 3, 2, 3, 4, 1, 0, 1, 2, 1, 0, 1, 0, 1, 0, 0
dead, 14, 19, 22, 18, 17, 20, 22, 30, 22, 24, 24, 27, 20, 25, 17, 14, 15, 12, 16, 15, 14, 10, 11, 14, 14, 9, 14, 10, 7, 3, 8, 6, 5, 6, 4, 7, 6, 8, 8, 7, 5, 2, 0, 2, 0, 0, 2, 1, 1, 1, 3, 3, 2, 2, 4, 3, 1, 0, 0, 0, 0, 0, 0, 1, 0
rec, 5, 12, 24, 26, 33, 41, 50, 55, 62, 67, 76, 79, 82, 84, 90, 93, 99, 104, 106, 107, 109, 111, 112, 115, 118, 122, 123, 125, 126, 126, 127, 128, 129, 129, 130, 132, 133, 134, 134, 135, 136, 136, 136, 137, 137, 137, 138, 138, 138, 138, 138, 139, 139, 139, 139, 140, 140, 140, 140, 141, 141, 142, 142, 142, 142
rem, 20, 44, 56, 82, 105, 123, 143, 168, 199, 227, 244, 267, 294, 315, 342, 361, 377, 397, 406, 422, 439, 452, 466, 475, 492, 505, 513, 527, 535, 542, 547, 556, 557, 561, 565, 566, 570, 574, 576, 580, 589, 594, 597, 598, 601, 601, 602, 605, 605, 606, 606, 607, 608, 609, 610, 611, 613, 614, 616, 616, 616, 616, 616, 616, 617
timesteps, 0, 1, 2, 3, 4, 5, 6, 7, 8, 9, 10, 11, 12, 13, 14, 15, 16, 17, 18, 19, 20, 21, 22, 23, 24, 25, 26, 27, 28, 29, 30, 31, 32, 33, 34, 35, 36, 37, 38, 39, 40, 41, 42, 43, 44, 45, 46, 47, 48, 49, 50, 51, 52, 53, 58, 59, 60, 61, 63, 64, 65, 67, 68, 70, 71, 72, 73, 75, 76, 79, 81, 84, 86
events, 247, 154, 147, 134, 109, 139, 128, 117, 104, 96, 90, 96, 92, 76, 67, 64, 83, 71, 54, 50, 35, 43, 35, 43, 38, 36, 36, 28, 24, 17, 15, 16, 22, 21, 21, 15, 12, 13, 9, 6, 4, 1, 6, 6, 5, 3, 5, 4, 4, 8, 3, 4, 1, 1, 3, 1, 2, 1, 3, 1, 3, 1, 1, 1, 3, 3, 1, 1, 1, 3, 1, 1, 1
sus, 508, 411, 333, 275, 232, 182, 143, 117, 94, 79, 58, 47, 38, 30, 22, 20, 17, 13, 11, 10, 10, 10, 10, 10, 9, 8, 8, 7, 7, 7, 7, 7, 7, 6, 6, 6, 6, 6, 6, 5, 5, 5, 5, 5, 5, 5, 5, 5, 5, 5, 5, 5, 5, 5, 5, 5, 5, 5, 5, 5, 5, 5, 5, 5, 5, 5, 5, 5, 5, 5, 5, 5, 5
exp, 151, 230, 282, 308, 325, 344, 350, 340, 332, 322, 313, 299, 285, 267, 255, 234, 209, 196, 186, 174, 161, 145, 133, 118, 107, 99, 91, 86, 79, 74, 67, 59, 52, 46, 38, 34, 30, 28, 28, 28, 28, 27, 25, 24, 21, 20, 18, 17, 15, 12, 12, 12, 12, 11, 10, 9, 9, 9, 7, 7, 7, 6, 5, 4, 3, 3, 3, 3, 2, 1, 1, 0, 0
inf, 55, 48, 50, 59, 59, 56, 60, 70, 70, 63, 72, 67, 55, 61, 55, 55, 55, 45, 36, 31, 33, 36, 35, 36, 33, 26, 19, 14, 11, 10, 12, 16, 14, 15, 17, 14, 13, 10, 3, 3, 2, 3, 3, 2, 4, 4, 3, 3, 4, 4, 2, 1, 0, 1, 1, 2, 1, 0, 2, 1, 0, 1, 2, 3, 2, 1, 0, 0, 1, 1, 0, 1, 0
dead, 14, 19, 20, 17, 24, 27, 22, 17, 20, 21, 22, 19, 18, 14, 19, 20, 20, 20, 18, 18, 16, 11, 12, 9, 11, 13, 10, 8, 6, 6, 5, 5, 6, 4, 1, 2, 3, 1, 5, 3, 1, 1, 1, 0, 0, 0, 3, 2, 1, 1, 2, 0, 0, 0, 0, 0, 0, 1, 0, 1, 0, 0, 0, 0, 2, 1, 1, 0, 0, 0, 0, 0, 0
rec, 8, 14, 18, 23, 28, 35, 42, 44, 53, 60, 62, 65, 76, 78, 86, 92, 96, 100, 104, 104, 106, 110, 112, 115, 118, 122, 127, 130, 135, 135, 138, 138, 140, 141, 143, 145, 146, 147, 148, 148, 148, 148, 148, 148, 148, 148, 148, 148, 149, 150, 150, 150, 151, 151, 151, 151, 151, 151, 151, 151, 151, 151, 151, 151, 151, 151, 152, 152, 152, 152, 153, 153, 154
rem, 27, 41, 60, 81, 95, 119, 146, 175, 194, 218, 236, 266, 291, 313, 326, 342, 366, 389, 408, 426, 437, 451, 461, 475, 485, 495, 508, 518, 525, 531, 534, 538, 544, 551, 558, 562, 565, 571, 573, 576, 579, 579, 581, 584, 585, 586, 586, 588, 589, 591, 592, 595, 595, 595, 596, 596, 597, 597, 598, 598, 600, 600, 600, 600, 600, 602, 602, 603, 603, 604, 604, 604, 604
timesteps, 0, 1, 2, 3, 4, 5, 6, 7, 8, 9, 10, 11, 12, 13, 14, 15, 16, 17, 18, 19, 20, 21, 22, 23, 24, 25, 26, 27, 28, 29, 30, 31, 32, 33, 34, 35, 36, 37, 38, 39, 40, 41, 42, 43, 44, 45, 46, 47, 48, 49, 50, 51, 52, 53, 54, 56, 57, 58, 59, 60, 61, 62, 63, 68, 78, 83, 84
events, 226, 143, 132, 111, 107, 126, 118, 113, 126, 109, 115, 112, 89, 86, 70, 82, 67, 62, 66, 41, 49, 50, 37, 40, 38, 31, 31, 32, 20, 15, 20, 18, 24, 16, 8, 6, 15, 16, 4, 17, 9, 8, 13, 7, 12, 8, 4, 5, 6, 2, 2, 7, 2, 1, 1, 3, 2, 1, 2, 1, 2, 1, 4, 1, 1, 2, 1
sus, 521, 438, 365, 314, 269, 218, 177, 138, 108, 86, 67, 48, 39, 31, 29, 26, 23, 22, 18, 16, 15, 13, 13, 11, 9, 9, 9, 9, 8, 8, 8, 8, 7, 6, 6, 6, 6, 6, 6, 6, 6, 6, 6, 5, 5, 5, 5, 5, 5, 5, 5, 5, 5, 5, 5, 5, 5, 5, 5, 5, 5, 5, 5, 5, 5, 5, 5
exp, 138, 205, 261, 289, 305, 334, 330, 342, 330, 327, 308, 299, 283, 272, 254, 229, 211, 193, 180, 169, 156, 142, 130, 122, 115, 97, 91, 83, 78, 70, 67, 59, 57, 54, 52, 47, 42, 39, 37, 30, 26, 23, 19, 19, 16, 12, 12, 12, 9, 8, 8, 8, 8, 8, 7, 5, 5, 5, 3, 3, 2, 2, 2, 2, 1, 0, 0
inf, 59, 48, 43, 46, 57, 47, 77, 76, 84, 73, 79, 70, 65, 53, 49, 49, 48, 46, 43, 39, 33, 34, 32, 23, 19, 28, 22, 17, 16, 20, 11, 16, 10, 9, 8, 12, 11, 6, 8, 10, 11, 9, 9, 7, 6, 8, 6, 3, 5, 5, 4, 1, 0, 0, 1, 2, 1, 1, 3, 2, 3, 2, 0, 0, 1, 1, 0
dead, 13, 17, 15, 14, 13, 19, 15, 22, 33, 32, 32, 29, 31, 27, 23, 21, 21, 18, 10, 14, 16, 12, 9, 14, 9, 11, 9, 9, 5, 5, 10, 6, 4, 3, 2, 2, 2, 3, 1, 1, 1, 5, 4, 5, 2, 1, 1, 2, 1, 2, 2, 1, 1, 0, 0, 1, 1, 0, 0, 1, 0, 1, 1, 0, 0, 0, 0
rec, 9, 15, 19, 23, 27, 32, 34, 36, 39, 50, 56, 68, 71, 78, 82, 89, 90, 93, 96, 100, 104, 106, 112, 117, 121, 124, 125, 127, 132, 133, 135, 135, 135, 135, 136, 137, 139, 141, 141, 141, 142, 143, 143, 143, 145, 146, 146, 146, 146, 146, 146, 146, 146, 146, 146, 146, 146, 146, 146, 146, 146, 146, 146, 146, 146, 147, 148
rem, 23, 40, 60, 77, 92, 113, 130, 149, 169, 195, 221, 249, 274, 302, 326, 349, 370, 391, 416, 425, 439, 456, 467, 476, 490, 494, 507, 518, 524, 527, 532, 539, 550, 556, 559, 559, 563, 568, 570, 575, 577, 577, 582, 584, 589, 591, 593, 595, 597, 597, 598, 602, 603, 604, 604, 604, 605, 606, 606, 606, 607, 607, 609, 610, 610, 610, 610
timesteps, 0, 1, 2, 3, 4, 5, 6, 7, 8, 9, 10, 11, 12, 13, 14, 15, 16, 17, 18, 19, 20, 21, 22, 23, 24, 25, 26, 27, 28, 29, 30, 31, 32, 33, 34, 35, 36, 37, 38, 39, 40, 41, 42, 43, 44, 45, 46, 47, 48, 49, 50, 51, 52, 53, 54, 55, 56, 58, 59, 61, 63, 64, 66, 67, 68, 71, 74, 76, 77
events, 234, 205, 142, 118, 149, 120, 117, 86, 107, 110, 97, 81, 108, 84, 75, 76, 69, 64, 42, 54, 46, 41, 35, 31, 21, 25, 30, 32, 22, 23, 19, 18, 20, 22, 14, 12, 8, 16, 13, 9, 3, 4, 1, 14, 6, 5, 8, 6, 3, 4, 3, 3, 4, 3, 7, 1, 1, 1, 2, 1, 2, 2, 2, 3, 1, 1, 1, 1, 2
sus, 503, 380, 305, 262, 194, 157, 132, 107, 86, 64, 52, 45, 36, 28, 21, 15, 12, 10, 10, 9, 7, 7, 6, 3, 3, 3, 3, 3, 3, 3, 3, 3, 3, 3, 3, 3, 3, 3, 3, 3, 3, 3, 3, 3, 3, 3, 3, 3, 3, 3, 3, 3, 3, 3, 3, 3, 3, 3, 3, 3, 3, 3, 3, 3, 3, 3, 3, 3, 3
exp, 143, 251, 303, 312, 349, 354, 349, 345, 335, 323, 301, 283, 265, 253, 240, 221, 204, 190, 179, 161, 148, 137, 133, 129, 120, 109, 98, 86, 80, 73, 70, 62, 56, 50, 47, 41, 36, 33, 32, 29, 28, 27, 26, 24, 23, 19, 17, 16, 15, 13, 12, 10, 9, 6, 6, 6, 6, 6, 6, 5, 3, 3, 3, 2, 2, 1, 1, 0, 0
inf, 68, 47, 49, 59, 60, 65, 66, 73, 71, 74, 83, 74, 64, 57, 51, 51, 47, 38, 35, 33, 35, 27, 17, 16, 19, 23, 23, 23, 19, 16, 11, 13, 14, 12, 8, 12, 15, 11, 4, 5, 6, 4, 5, 2, 1, 4, 2, 1, 2, 2, 1, 3, 3, 6, 2, 1, 1, 1, 0, 1, 3, 1, 1, 1, 0, 1, 0, 1, 0
dead, 24, 24, 18, 19, 26, 22, 16, 24, 24, 23, 18, 30, 29, 20, 21, 21, 19, 20, 14, 17, 12, 15, 12, 5, 3, 2, 3, 4, 6, 10, 9, 10, 6, 3, 4, 2, 3, 2, 5, 3, 1, 4, 4, 2, 1, 2, 4, 3, 1, 3, 5, 4, 3, 3, 2, 3, 2, 1, 0, 0, 0, 2, 0, 0, 0, 0, 0, 0, 0
rec, 7, 12, 16, 22, 25, 32, 34, 38, 49, 58, 62, 69, 72, 79, 82, 87, 91, 94, 97, 102, 104, 109, 113, 115, 117, 118, 120, 123, 125, 125, 126, 127, 127, 130, 132, 132, 132, 134, 135, 135, 135, 135, 135, 135, 135, 135, 135, 135, 135, 135, 135, 135, 135, 135, 137, 137, 137, 137, 138, 138, 138, 138, 138, 138, 139, 139, 140, 140, 140
rem, 18, 49, 72, 89, 109, 133, 166, 176, 198, 221, 247, 262, 297, 326, 348, 368, 390, 411, 428, 441, 457, 468, 482, 495, 501, 508, 516, 524, 530, 536, 544, 548, 557, 565, 569, 573, 574, 580, 584, 588, 590, 590, 590, 597, 600, 600, 602, 605, 607, 607, 607, 608, 610, 610, 613, 613, 614, 615, 616, 616, 616, 616, 618, 619, 619, 619, 619, 619, 620
timesteps, 0, 1, 2, 3, 4, 5, 6, 7, 8, 9, 10, 11, 12, 13, 14, 15, 16, 17, 18, 19, 20, 21, 22, 23, 24, 25, 26, 27, 28, 29, 30, 31, 32, 33, 34, 35, 36, 37, 38, 39, 40, 41, 42, 43, 44, 45, 46, 47, 48, 49, 50, 51, 52, 53, 55, 56, 57, 59, 61, 62, 64, 65, 67, 68, 69, 71, 72, 74, 76, 81, 82, 85
events, 237, 185, 164, 106, 150, 127, 125, 99, 112, 118, 88, 105, 93, 60, 89, 67, 74, 60, 50, 51, 33, 40, 43, 42, 33, 32, 20, 30, 26, 21, 19, 23, 18, 10, 15, 9, 12, 6, 10, 5, 9, 6, 6, 4, 4, 2, 1, 2, 1, 4, 1, 5, 7, 6, 1, 4, 3, 1, 2, 1, 1, 2, 2, 1, 1, 1, 2, 1, 2, 2, 2, 2
sus, 508, 398, 314, 274, 208, 170, 126, 98, 76, 56, 47, 34, 28, 24, 19, 15, 9, 8, 5, 5, 5, 4, 3, 3, 3, 3, 3, 3, 3, 3, 3, 3, 3, 3, 3, 3, 3, 3, 3, 3, 3, 3, 3, 3, 3, 3, 3, 3, 3, 3, 3, 3, 3, 3, 3, 3, 3, 3, 3, 3, 3, 3, 3, 3, 3, 3, 3, 3, 3, 3, 3, 3
exp, 147, 236, 288, 297, 332, 337, 355, 358, 346, 330, 307, 289, 268, 249, 233, 210, 194, 184, 178, 162, 154, 141, 126, 115, 104, 96, 90, 82, 72, 66, 59, 52, 47, 43, 40, 38, 36, 33, 30, 28, 26, 23, 21, 21, 21, 21, 21, 20, 19, 18, 17, 14, 12, 10, 9, 9, 9, 8, 8, 7, 6, 6, 5, 4, 4, 3, 3, 2, 2, 0, 0, 0
inf, 63, 49, 56, 71, 69, 74, 65, 61, 70, 70, 74, 72, 70, 73, 59, 65, 60, 45, 34, 36, 25, 31, 32, 28, 29, 25, 22, 16, 19, 15, 15, 15, 14, 13, 10, 10, 6, 7, 6, 6, 5, 6, 6, 4, 1, 0, 0, 1, 2, 1, 2, 4, 3, 3, 4, 1, 0, 1, 0, 1, 2, 1, 1, 2, 1, 2, 0, 1, 0, 2, 1, 0
dead, 19, 26, 22, 16, 20, 15, 24, 29, 19, 27, 30, 29, 20, 21, 17, 21, 26, 25, 24, 13, 22, 9, 12, 9, 5, 2, 4, 9, 7, 8, 9, 6, 4, 5, 4, 1, 2, 2, 3, 4, 3, 3, 2, 2, 2, 2, 1, 0, 0, 1, 1, 1, 2, 1, 1, 1, 0, 0, 0, 0, 0, 0, 0, 0, 0, 0, 0, 0, 0, 0, 0, 0
rec, 7, 16, 22, 25, 34, 39, 45, 52, 56, 58, 64, 70, 77, 83, 94, 96, 99, 104, 107, 111, 115, 119, 120, 122, 124, 127, 129, 130, 130, 134, 135, 136, 137, 140, 141, 141, 142, 143, 143, 143, 143, 144, 145, 145, 147, 147, 147, 147, 147, 147, 147, 147, 147, 148, 148, 150, 150, 150, 150, 150, 150, 150, 151, 151, 152, 152, 154, 154, 154, 154, 154, 154
rem, 19, 38, 61, 80, 100, 128, 148, 165, 196, 222, 241, 269, 300, 313, 341, 356, 375, 397, 415, 436, 442, 459, 470, 486, 498, 510, 515, 523, 532, 537, 542, 551, 558, 559, 565, 570, 574, 575, 578, 579, 583, 584, 586, 588, 589, 590, 591, 592, 592, 593, 593, 594, 596, 598, 598, 599, 601, 601, 602, 602, 602, 603, 603, 603, 603, 603, 603, 603, 604, 604, 605, 606
timesteps, 0, 1, 2, 3, 4, 5, 6, 7, 8, 9, 10, 11, 12, 13, 14, 15, 16, 17, 18, 19, 20, 21, 22, 23, 24, 25, 26, 27, 28, 29, 30, 31, 32, 33, 34, 35, 36, 37, 38, 39, 40, 41, 42, 43, 44, 45, 46, 47, 48, 49, 50, 51, 52, 54, 55, 57, 59, 60, 62, 64, 65, 66, 68, 69, 71
events, 228, 178, 156, 127, 150, 146, 111, 95, 97, 89, 94, 80, 88, 103, 84, 73, 63, 56, 66, 61, 52, 43, 43, 30, 34, 38, 43, 24, 12, 20, 22, 21, 21, 14, 18, 13, 18, 10, 6, 10, 7, 7, 3, 6, 3, 3, 1, 2, 5, 2, 2, 2, 1, 1, 3, 1, 1, 2, 1, 1, 1, 2, 1, 2, 1
sus, 508, 404, 322, 269, 219, 166, 133, 109, 85, 69, 53, 47, 35, 21, 17, 14, 11, 10, 9, 8, 7, 7, 6, 5, 5, 3, 3, 2, 2, 2, 2, 2, 2, 2, 2, 2, 2, 2, 2, 2, 2, 2, 2, 2, 2, 2, 2, 2, 2, 2, 2, 2, 2, 2, 2, 2, 2, 2, 2, 2, 2, 2, 2, 2, 2
exp, 142, 226, 278, 296, 313, 341, 350, 346, 346, 335, 321, 303, 280, 268, 240, 224, 212, 189, 174, 156, 137, 126, 119, 110, 103, 92, 81, 73, 70, 63, 56, 46, 43, 39, 35, 28, 24, 22, 20, 16, 14, 13, 13, 12, 12, 11, 11, 9, 6, 6, 6, 5, 5, 5, 4, 4, 3, 3, 3, 2, 1, 1, 0, 0, 0
inf, 67, 58, 65, 75, 70, 56, 56, 56, 54, 59, 59, 56, 69, 61, 66, 56, 46, 56, 43, 45, 47, 40, 29, 29, 26, 27, 21, 20, 19, 18, 20, 26, 17, 14, 11, 16, 12, 10, 10, 10, 7, 4, 3, 2, 1, 1, 0, 2, 4, 2, 1, 1, 1, 1, 1, 0, 1, 0, 0, 1, 2, 1, 2, 1, 0
dead, 22, 19, 17, 21, 21, 27, 18, 24, 23, 17, 24, 25, 26, 25, 27, 27, 28, 24, 26, 17, 19, 21, 20, 18, 10, 10, 11, 12, 10, 13, 8, 4, 7, 9, 6, 3, 4, 0, 0, 1, 5, 4, 3, 1, 0, 0, 0, 0, 0, 2, 1, 2, 1, 0, 0, 1, 1, 1, 0, 0, 0, 0, 0, 0, 0
rec, 6, 13, 17, 24, 33, 37, 40, 47, 51, 55, 60, 63, 65, 71, 75, 82, 86, 87, 94, 96, 99, 101, 106, 109, 110, 111, 112, 117, 118, 118, 118, 119, 122, 124, 127, 128, 129, 133, 133, 134, 135, 138, 138, 139, 139, 139, 140, 140, 140, 140, 141, 141, 141, 141, 141, 141, 141, 141, 141, 141, 141, 141, 141, 141, 142
rem, 18, 43, 64, 78, 107, 136, 166, 181, 204, 228, 246, 269, 288, 317, 338, 360, 380, 397, 417, 441, 454, 468, 483, 492, 509, 520, 535, 539, 544, 549, 559, 566, 572, 575, 582, 586, 592, 596, 598, 600, 600, 602, 604, 607, 609, 610, 610, 610, 611, 611, 612, 612, 613, 614, 615, 615, 615, 616, 617, 617, 617, 618, 618, 619, 619
timesteps, 0, 1, 2, 3, 4, 5, 6, 7, 8, 9, 10, 11, 12, 13, 14, 15, 16, 17, 18, 19, 20, 21, 22, 23, 24, 25, 26, 27, 28, 29, 30, 31, 32, 33, 34, 35, 36, 37, 38, 39, 40, 41, 42, 43, 44, 45, 46, 47, 48, 49, 50, 51, 52, 53, 54, 55, 56, 58, 60, 61, 65, 66, 67, 68, 71, 72, 73, 74, 82, 83, 84, 87, 88, 89
events, 177, 215, 133, 144, 96, 112, 121, 154, 131, 93, 88, 91, 109, 79, 78, 65, 57, 55, 52, 47, 45, 54, 44, 42, 45, 42, 35, 21, 24, 21, 21, 24, 23, 18, 13, 9, 14, 14, 8, 12, 11, 8, 7, 4, 7, 5, 5, 4, 3, 6, 3, 4, 2, 2, 2, 3, 2, 1, 1, 1, 2, 2, 2, 1, 1, 3, 2, 1, 1, 1, 1, 1, 1, 1
sus, 548, 412, 352, 279, 246, 204, 159, 117, 83, 69, 59, 46, 35, 28, 20, 17, 14, 13, 12, 10, 8, 5, 4, 4, 4, 4, 4, 4, 3, 3, 3, 3, 2, 2, 2, 2, 2, 2, 2, 2, 2, 2, 2, 2, 2, 2, 2, 2, 2, 2, 2, 2, 2, 2, 2, 2, 2, 2, 2, 2, 2, 2, 2, 2, 2, 2, 2, 2, 2, 2, 2, 2, 2, 2
exp, 114, 227, 262, 312, 323, 333, 347, 345, 357, 338, 321, 306, 281, 269, 260, 244, 230, 209, 188, 178, 164, 153, 140, 128, 119, 108, 94, 84, 79, 75, 69, 61, 54, 51, 46, 41, 36, 35, 34, 31, 27, 24, 22, 22, 20, 20, 17, 16, 14, 12, 12, 12, 10, 9, 9, 8, 8, 7, 7, 7, 5, 5, 5, 4, 3, 3, 2, 2, 1, 1, 1, 0, 0, 0
inf, 69, 61, 59, 54, 55, 68, 71, 83, 60, 73, 69, 72, 69, 58, 46, 42, 40, 50, 54, 43, 43, 38, 35, 35, 27, 20, 23, 28, 24, 18, 17, 15, 15, 10, 12, 16, 17, 12, 8, 5, 6, 6, 5, 3, 3, 1, 3, 2, 3, 2, 2, 0, 2, 2, 1, 1, 0, 1, 0, 0, 2, 1, 0, 1, 2, 0, 1, 0, 1, 0, 0, 1, 0, 0
dead, 19, 19, 18, 20, 19, 16, 27, 18, 29, 23, 27, 18, 25, 25, 25, 22, 20, 9, 11, 21, 22, 20, 22, 13, 9, 10, 10, 7, 8, 9, 7, 10, 10, 8, 5, 3, 2, 0, 1, 2, 1, 2, 3, 3, 2, 1, 1, 1, 2, 3, 0, 0, 0, 1, 1, 0, 0, 0, 1, 0, 0, 0, 0, 0, 0, 1, 0, 0, 0, 1, 0, 0, 1, 0
rec, 4, 10, 17, 23, 25, 28, 28, 33, 37, 37, 44, 53, 62, 69, 74, 80, 83, 86, 91, 94, 98, 101, 104, 107, 109, 113, 114, 116, 118, 120, 121, 122, 124, 127, 128, 128, 128, 129, 131, 133, 133, 133, 133, 133, 133, 133, 133, 134, 134, 135, 135, 135, 135, 135, 135, 136, 136, 136, 136, 136, 136, 136, 136, 136, 136, 136, 136, 137, 137, 137, 137, 137, 137, 137
rem, 9, 34, 55, 75, 95, 114, 131, 167, 197, 223, 243, 268, 291, 314, 338, 358, 376, 396, 407, 417, 428, 446, 458, 476, 495, 508, 518, 524, 531, 538, 546, 552, 558, 565, 570, 573, 578, 585, 587, 590, 594, 596, 598, 600, 603, 606, 607, 608, 608, 609, 612, 614, 614, 614, 615, 616, 617, 617, 617, 618, 618, 619, 620, 620, 620, 621, 622, 622, 622, 622, 623, 623, 623, 624
timesteps, 0, 1, 2, 3, 4, 5, 6, 7, 8, 9, 10, 11, 12, 13, 14, 15, 16, 17, 18, 19, 20, 21, 22, 23, 24, 25, 26, 27, 28, 29, 30, 31, 32, 33, 34, 35, 36, 37, 38, 39, 40, 41, 42, 43, 44, 45, 46, 47, 48, 49, 50, 51, 52, 53, 54, 55, 56, 57, 58, 59, 60, 61, 62, 63, 64, 65, 66, 67, 68, 69, 70, 72, 73, 74, 75, 76
events, 206, 163, 79, 95, 110, 163, 104, 113, 94, 87, 100, 89, 98, 87, 91, 70, 78, 73, 66, 61, 46, 46, 45, 35, 28, 40, 35, 36, 34, 25, 16, 19, 24, 16, 14, 16, 22, 18, 10, 14, 12, 6, 14, 9, 5, 10, 2, 4, 4, 2, 4, 5, 4, 1, 2, 4, 7, 1, 4, 2, 3, 1, 4, 1, 1, 2, 1, 1, 1, 6, 3, 1, 1, 2, 1, 1
sus, 532, 430, 395, 351, 309, 230, 197, 164, 144, 126, 106, 87, 70, 54, 44, 37, 31, 25, 22, 17, 16, 14, 13, 12, 12, 11, 10, 6, 4, 4, 4, 4, 3, 3, 3, 2, 2, 2, 2, 2, 2, 2, 1, 1, 1, 1, 1, 1, 1, 1, 1, 1, 1, 1, 1, 1, 1, 1, 1, 1, 1, 1, 1, 1, 1, 1, 1, 1, 1, 1, 1, 1, 1, 1, 1, 1
exp, 127, 217, 231, 252, 267, 320, 332, 329, 323, 315, 310, 295, 278, 272, 264, 251, 235, 221, 203, 191, 178, 162, 148, 139, 133, 120, 114, 106, 99, 89, 87, 79, 72, 70, 62, 58, 53, 47, 42, 38, 35, 34, 33, 29, 28, 26, 25, 23, 22, 22, 19, 18, 18, 17, 16, 12, 12, 11, 10, 10, 8, 7, 7, 7, 6, 6, 6, 5, 4, 2, 1, 1, 1, 0, 0, 0
inf, 63, 47, 53, 58, 59, 57, 51, 62, 59, 60, 58, 69, 75, 66, 53, 50, 45, 40, 44, 36, 31, 36, 38, 32, 22, 25, 16, 20, 17, 19, 14, 16, 18, 12, 16, 16, 11, 12, 14, 13, 12, 8, 5, 7, 6, 4, 4, 4, 2, 2, 4, 2, 0, 1, 1, 5, 1, 2, 1, 0, 2, 3, 0, 0, 1, 0, 0, 1, 2, 2, 2, 1, 0, 1, 0, 0
dead, 13, 11, 12, 16, 22, 19, 15, 15, 16, 18, 16, 20, 23, 31, 23, 21, 21, 19, 8, 15, 18, 16, 9, 11, 15, 11, 12, 7, 8, 6, 4, 5, 1, 2, 4, 3, 5, 1, 2, 2, 1, 5, 3, 2, 2, 0, 0, 0, 2, 0, 1, 2, 0, 0, 0, 0, 0, 0, 1, 1, 0, 0, 2, 1, 1, 1, 0, 0, 0, 0, 0, 0, 1, 0, 1, 0
rec, 10, 19, 25, 29, 34, 35, 43, 49, 58, 63, 64, 70, 76, 81, 88, 93, 97, 102, 105, 109, 113, 115, 119, 125, 131, 132, 136, 137, 137, 140, 142, 142, 143, 144, 144, 145, 146, 148, 148, 148, 148, 149, 150, 150, 150, 152, 153, 155, 156, 156, 156, 157, 159, 159, 160, 160, 161, 161, 161, 161, 161, 161, 161, 161, 161, 161, 161, 161, 161, 161, 161, 162, 162, 162, 162, 162
rem, 18, 39, 47, 57, 72, 102, 125, 144, 163, 181, 209, 222, 241, 259, 291, 311, 334, 356, 381, 395, 407, 420, 436, 444, 450, 464, 475, 487, 498, 505, 512, 517, 526, 532, 534, 539, 546, 553, 555, 560, 565, 565, 571, 574, 576, 580, 580, 580, 580, 582, 582, 583, 585, 585, 585, 585, 588, 588, 589, 590, 591, 591, 592, 593, 593, 594, 595, 595, 595, 597, 598, 598, 598, 599, 599, 600
timesteps, 0, 1, 2, 3, 4, 5, 6, 7, 8, 9, 10, 11, 12, 13, 14, 15, 16, 17, 18, 19, 20, 21, 22, 23, 24, 25, 26, 27, 28, 29, 30, 31, 32, 33, 34, 35, 36, 37, 38, 39, 40, 41, 42, 43, 44, 45, 46, 47, 48, 49, 50, 51, 52, 53, 54, 55, 56, 57, 58, 59, 60, 61, 62, 63, 64, 65, 71, 73, 75, 76, 77, 93, 95, 97
events, 209, 189, 124, 129, 127, 110, 149, 83, 108, 121, 95, 80, 85, 60, 79, 78, 72, 49, 71, 46, 46, 44, 41, 40, 40, 36, 21, 31, 23, 19, 16, 20, 20, 17, 19, 15, 10, 6, 6, 6, 6, 6, 7, 8, 6, 9, 9, 6, 11, 2, 6, 7, 6, 6, 5, 4, 4, 1, 4, 2, 1, 1, 1, 2, 2, 1, 1, 1, 3, 1, 2, 1, 1, 1
sus, 523, 407, 347, 288, 241, 206, 152, 133, 110, 79, 68, 59, 49, 44, 34, 31, 27, 25, 21, 19, 16, 16, 16, 14, 11, 10, 10, 9, 8, 8, 8, 8, 8, 8, 8, 7, 7, 6, 6, 6, 6, 6, 6, 6, 6, 6, 6, 6, 6, 6, 6, 6, 5, 5, 5, 4, 4, 4, 4, 4, 4, 4, 4, 4, 4, 4, 4, 4, 4, 4, 4, 4, 4, 4
exp, 130, 230, 264, 302, 313, 324, 343, 331, 324, 325, 304, 293, 275, 263, 251, 228, 217, 197, 181, 167, 153, 140, 132, 120, 111, 104, 99, 92, 84, 78, 72, 67, 60, 55, 50, 48, 46, 47, 44, 44, 40, 38, 33, 31, 28, 24, 23, 19, 17, 17, 16, 13, 12, 10, 9, 10, 9, 9, 8, 7, 6, 5, 5, 5, 4, 4, 3, 2, 2, 1, 1, 0, 0, 0
inf, 70, 56, 61, 51, 65, 58, 65, 75, 68, 64, 71, 62, 65, 61, 58, 55, 39, 47, 42, 43, 46, 40, 29, 32, 28, 22, 19, 16, 19, 17, 17, 15, 14, 13, 12, 11, 6, 3, 5, 2, 6, 6, 10, 8, 9, 9, 5, 9, 7, 5, 4, 5, 4, 4, 2, 0, 1, 1, 1, 1, 2, 3, 2, 1, 1, 0, 1, 2, 0, 1, 0, 1, 0, 0
dead, 18, 17, 17, 24, 19, 26, 19, 19, 26, 26, 21, 20, 18, 16, 16, 16, 16, 16, 15, 11, 12, 14, 12, 9, 13, 12, 9, 7, 5, 6, 6, 4, 7, 7, 5, 0, 3, 4, 3, 3, 1, 0, 0, 1, 2, 5, 4, 2, 1, 2, 1, 0, 2, 2, 4, 5, 2, 1, 0, 0, 0, 0, 0, 0, 0, 0, 0, 0, 1, 1, 0, 0, 1, 0
rec, 5, 9, 13, 19, 24, 28, 31, 40, 52, 60, 63, 71, 76, 82, 85, 94, 103, 106, 110, 116, 117, 122, 129, 130, 133, 135, 138, 140, 141, 143, 145, 146, 146, 146, 146, 148, 151, 151, 151, 151, 151, 152, 152, 153, 153, 153, 156, 156, 156, 157, 157, 158, 159, 159, 159, 159, 159, 159, 159, 160, 160, 160, 161, 161, 162, 163, 163, 163, 163, 163, 164, 164, 164, 164
rem, 17, 44, 61, 79, 101, 121, 153, 165, 183, 209, 236, 258, 280, 297, 319, 339, 361, 372, 394, 407, 419, 431, 445, 458, 467, 480, 488, 499, 506, 511, 515, 523, 528, 534, 542, 549, 550, 552, 554, 557, 559, 561, 562, 564, 565, 566, 569, 571, 576, 576, 579, 581, 581, 583, 584, 585, 588, 589, 591, 591, 591, 591, 591, 592, 592, 592, 592, 592, 593, 593, 594, 594, 594, 595
timesteps, 0, 1, 2, 3, 4, 5, 6, 7, 8, 9, 10, 11, 12, 13, 14, 15, 16, 17, 18, 19, 20, 21, 22, 23, 24, 25, 26, 27, 28, 29, 30, 31, 32, 33, 34, 35, 36, 37, 38, 39, 40, 41, 42, 43, 44, 45, 46, 47, 48, 49, 50, 51, 52, 53, 54, 55, 56, 57, 58, 59, 61, 62, 63, 64, 65, 66, 67, 68, 70, 71, 73, 74, 75, 77, 78, 84, 85, 86, 90, 101, 105
events, 175, 154, 147, 158, 126, 103, 145, 117, 117, 91, 99, 88, 97, 79, 74, 81, 66, 73, 49, 51, 46, 36, 43, 31, 44, 38, 38, 25, 22, 17, 23, 20, 13, 14, 14, 15, 11, 16, 10, 8, 9, 8, 12, 13, 13, 10, 8, 8, 5, 5, 2, 6, 2, 4, 3, 3, 2, 1, 3, 2, 1, 1, 2, 1, 1, 1, 2, 2, 1, 1, 1, 1, 1, 1, 2, 1, 1, 1, 1, 1, 2
sus, 567, 467, 392, 312, 256, 217, 171, 134, 106, 91, 73, 61, 48, 41, 34, 30, 26, 20, 16, 15, 15, 15, 15, 14, 12, 8, 7, 7, 7, 7, 7, 7, 7, 7, 6, 5, 5, 5, 4, 4, 4, 4, 4, 4, 4, 4, 4, 4, 4, 4, 4, 4, 4, 4, 4, 4, 4, 4, 4, 4, 4, 4, 4, 4, 4, 4, 4, 4, 4, 4, 4, 4, 4, 4, 4, 4, 4, 4, 4, 4, 4
exp, 102, 183, 229, 281, 312, 326, 337, 348, 339, 326, 315, 306, 292, 276, 260, 235, 221, 206, 196, 183, 167, 160, 144, 135, 125, 114, 111, 100, 92, 86, 80, 74, 69, 64, 61, 60, 54, 49, 47, 44, 42, 38, 33, 31, 26, 23, 20, 18, 18, 15, 15, 14, 14, 13, 12, 11, 11, 11, 10, 10, 9, 8, 8, 8, 7, 7, 6, 6, 5, 5, 5, 4, 4, 3, 3, 2, 2, 1, 1, 0, 0
inf, 57, 54, 57, 59, 63, 65, 66, 62, 70, 68, 70, 64, 56, 52, 53, 57, 49, 43, 39, 36, 37, 26, 32, 28, 23, 29, 15, 20, 19, 19, 16, 13, 14, 14, 13, 9, 13, 12, 11, 13, 9, 11, 12, 9, 8, 8, 9, 8, 5, 7, 5, 4, 3, 2, 3, 2, 1, 1, 1, 0, 1, 2, 0, 0, 1, 0, 1, 0, 1, 0, 0, 1, 0, 1, 0, 1, 0, 1, 0, 1, 0
dead, 13, 18, 24, 22, 17, 19, 17, 18, 18, 22, 18, 16, 23, 23, 19, 19, 20, 22, 24, 19, 15, 17, 6, 9, 11, 9, 9, 7, 9, 9, 8, 9, 7, 7, 7, 4, 3, 3, 5, 1, 4, 3, 4, 2, 3, 2, 1, 1, 1, 1, 3, 2, 1, 2, 0, 2, 1, 0, 0, 0, 0, 0, 1, 0, 0, 1, 0, 0, 0, 1, 0, 0, 0, 0, 0, 0, 0, 0, 0, 0, 0
rec, 6, 10, 13, 17, 19, 24, 30, 35, 41, 49, 55, 56, 62, 67, 71, 73, 80, 86, 89, 92, 96, 101, 105, 110, 112, 113, 116, 116, 118, 119, 121, 124, 126, 127, 128, 131, 131, 132, 132, 133, 135, 136, 136, 137, 140, 140, 140, 140, 141, 141, 141, 141, 142, 142, 142, 142, 143, 143, 143, 143, 143, 143, 144, 144, 144, 144, 144, 144, 144, 144, 144, 144, 145, 145, 145, 145, 146, 146, 147, 147, 147
rem, 18, 31, 48, 72, 96, 112, 142, 166, 189, 207, 232, 260, 282, 304, 326, 349, 367, 386, 399, 418, 433, 444, 461, 467, 480, 490, 505, 513, 518, 523, 531, 536, 540, 544, 548, 554, 557, 562, 564, 568, 569, 571, 574, 580, 582, 586, 589, 592, 594, 595, 595, 598, 599, 600, 602, 602, 603, 604, 605, 606, 606, 606, 606, 607, 607, 607, 608, 609, 609, 609, 610, 610, 610, 610, 611, 611, 611, 611, 611, 611, 612
timesteps, 0, 1, 2, 3, 4, 5, 6, 7, 8, 9, 10, 11, 12, 13, 14, 15, 16, 17, 18, 19, 20, 21, 22, 23, 24, 25, 26, 27, 28, 29, 30, 31, 32, 33, 34, 35, 36, 37, 38, 39, 40, 41, 42, 43, 44, 45, 46, 47, 48, 49, 50, 52, 53, 54, 55, 56, 57, 58, 59, 60, 61, 62, 64, 65, 67, 68, 69
events, 217, 190, 152, 136, 139, 127, 138, 112, 100, 114, 76, 100, 72, 90, 65, 69, 55, 61, 47, 50, 55, 48, 42, 35, 29, 29, 28, 24, 23, 25, 20, 26, 20, 23, 17, 21, 11, 7, 10, 7, 4, 10, 2, 5, 5, 5, 6, 3, 3, 2, 4, 4, 2, 2, 5, 2, 4, 3, 4, 3, 2, 1, 2, 1, 1, 1, 1
sus, 514, 396, 315, 253, 200, 160, 124, 96, 78, 60, 47, 35, 33, 26, 25, 20, 15, 11, 8, 8, 6, 5, 5, 4, 4, 3, 2, 2, 2, 2, 2, 2, 2, 2, 2, 2, 2, 1, 1, 1, 1, 1, 1, 1, 1, 1, 1, 1, 0, 0, 0, 0, 0, 0, 0, 0, 0, 0, 0, 0, 0, 0, 0, 0, 0, 0, 0
exp, 133, 236, 289, 317, 337, 349, 351, 348, 336, 327, 319, 298, 269, 244, 234, 216, 206, 194, 186, 171, 154, 138, 126, 116, 109, 103, 93, 88, 82, 73, 65, 57, 50, 42, 36, 32, 31, 30, 27, 26, 23, 21, 20, 17, 16, 15, 14, 13, 13, 11, 11, 11, 10, 9, 7, 6, 4, 2, 2, 2, 2, 1, 1, 1, 0, 0, 0
inf, 69, 53, 54, 66, 72, 66, 66, 68, 67, 56, 55, 63, 68, 72, 47, 47, 44, 37, 35, 34, 35, 32, 29, 24, 23, 17, 21, 16, 13, 16, 17, 15, 14, 16, 14, 12, 5, 6, 7, 5, 8, 4, 4, 6, 5, 4, 3, 3, 3, 5, 3, 1, 2, 2, 3, 3, 4, 5, 2, 1, 0, 1, 0, 0, 1, 0, 0
dead, 16, 18, 23, 25, 24, 26, 22, 26, 30, 27, 20, 11, 16, 16, 28, 30, 27, 26, 17, 13, 11, 15, 14, 20, 13, 16, 13, 12, 10, 5, 7, 6, 8, 4, 8, 3, 7, 5, 2, 2, 1, 2, 3, 3, 3, 3, 0, 0, 1, 1, 1, 1, 0, 1, 0, 0, 0, 1, 3, 2, 1, 1, 1, 0, 0, 1, 0
rec, 8, 11, 17, 19, 21, 28, 32, 33, 39, 49, 58, 62, 70, 75, 82, 85, 89, 95, 97, 98, 102, 108, 109, 112, 113, 115, 116, 118, 121, 122, 122, 125, 126, 127, 128, 128, 130, 130, 130, 130, 130, 133, 133, 133, 133, 133, 135, 135, 135, 135, 135, 135, 135, 135, 135, 136, 136, 136, 136, 136, 137, 137, 137, 137, 137, 137, 137
rem, 23, 49, 65, 83, 109, 134, 168, 192, 213, 244, 264, 294, 307, 330, 347, 365, 382, 400, 420, 439, 455, 465, 480, 487, 501, 509, 518, 527, 535, 545, 550, 558, 563, 572, 575, 586, 588, 591, 596, 599, 600, 602, 602, 603, 605, 607, 610, 611, 611, 611, 613, 615, 616, 616, 618, 618, 619, 619, 620, 622, 623, 623, 624, 625, 625, 625, 626
timesteps, 0, 1, 2, 3, 4, 5, 6, 7, 8, 9, 10, 11, 12, 13, 14, 15, 16, 17, 18, 19, 20, 21, 22, 23, 24, 25, 26, 27, 28, 29, 30, 31, 32, 33, 34, 35, 36, 37, 38, 39, 40, 41, 42, 43, 44, 45, 46, 47, 48, 49, 50, 51, 52, 53, 54, 55, 57, 58, 60, 64
events, 232, 158, 152, 153, 136, 145, 137, 114, 126, 92, 101, 82, 84, 70, 78, 62, 49, 56, 44, 44, 51, 36, 56, 41, 33, 31, 22, 25, 26, 14, 12, 12, 13, 20, 11, 11, 6, 3, 6, 5, 11, 10, 9, 7, 12, 10, 2, 3, 4, 6, 4, 5, 5, 2, 8, 3, 3, 3, 1, 2
sus, 505, 415, 331, 266, 214, 160, 115, 101, 79, 68, 50, 41, 33, 30, 22, 20, 16, 13, 11, 10, 10, 10, 9, 9, 9, 9, 9, 9, 9, 9, 9, 9, 9, 8, 8, 8, 8, 8, 8, 8, 8, 8, 7, 7, 6, 6, 6, 6, 6, 6, 6, 6, 6, 6, 6, 6, 6, 6, 6, 6
exp, 137, 203, 269, 294, 313, 338, 352, 323, 317, 296, 287, 274, 257, 238, 219, 211, 198, 183, 169, 158, 143, 130, 117, 101, 91, 83, 78, 72, 65, 61, 56, 51, 47, 43, 41, 41, 37, 36, 34, 32, 28, 23, 23, 22, 17, 15, 14, 12, 10, 9, 8, 6, 6, 4, 3, 3, 0, 0, 0, 0
inf, 78, 70, 59, 74, 78, 68, 65, 80, 65, 68, 68, 59, 58, 54, 58, 40, 44, 44, 46, 40, 36, 37, 29, 34, 27, 24, 20, 17, 14, 13, 13, 13, 12, 9, 7, 2, 6, 6, 5, 6, 5, 8, 5, 3, 7, 4, 5, 6, 6, 5, 5, 6, 2, 4, 2, 0, 3, 1, 1, 0
dead, 13, 21, 21, 17, 19, 32, 33, 22, 26, 32, 28, 28, 22, 24, 21, 21, 15, 14, 14, 16, 13, 12, 11, 7, 10, 8, 9, 6, 4, 2, 2, 3, 4, 5, 4, 2, 0, 0, 2, 1, 4, 2, 3, 3, 1, 2, 1, 2, 3, 2, 1, 0, 3, 3, 0, 0, 0, 1, 0, 0
rec, 6, 18, 26, 32, 37, 40, 46, 56, 62, 65, 67, 78, 85, 90, 96, 102, 106, 108, 110, 113, 118, 120, 124, 125, 133, 134, 134, 136, 139, 141, 144, 146, 146, 147, 147, 148, 148, 148, 148, 148, 148, 149, 149, 149, 150, 151, 151, 151, 152, 152, 152, 152, 152, 152, 154, 155, 155, 155, 155, 155
rem, 24, 36, 57, 80, 102, 125, 152, 181, 214, 234, 263, 283, 308, 327, 347, 369, 384, 401, 413, 426, 443, 454, 473, 487, 493, 505, 513, 523, 532, 537, 539, 541, 545, 551, 556, 562, 564, 565, 566, 568, 570, 573, 576, 579, 582, 585, 586, 586, 586, 589, 591, 593, 594, 594, 598, 599, 599, 600, 601, 602
timesteps, 0, 1, 2, 3, 4, 5, 6, 7, 8, 9, 10, 11, 12, 13, 14, 15, 16, 17, 18, 19, 20, 21, 22, 23, 24, 25, 26, 27, 28, 29, 30, 31, 32, 33, 34, 35, 36, 37, 38, 39, 40, 41, 42, 43, 44, 45, 46, 47, 48, 49, 50, 51, 52, 53, 54, 55, 56, 57, 58, 59, 60, 61, 62, 66, 67, 68, 69, 71, 72, 73, 74, 76, 90, 91, 92, 93, 94, 105, 108, 109
events, 196, 165, 127, 129, 123, 103, 106, 101, 126, 110, 115, 78, 72, 74, 72, 72, 58, 63, 62, 39, 58, 50, 40, 27, 47, 28, 32, 33, 21, 28, 17, 22, 26, 25, 15, 9, 17, 15, 16, 12, 7, 9, 19, 10, 7, 13, 9, 5, 6, 5, 6, 5, 3, 4, 5, 4, 2, 4, 1, 4, 2, 4, 1, 1, 2, 1, 2, 2, 1, 3, 2, 1, 1, 1, 2, 1, 1, 1, 1, 1
sus, 527, 430, 368, 306, 254, 215, 187, 154, 120, 88, 67, 55, 49, 37, 34, 29, 25, 17, 12, 12, 10, 10, 8, 8, 6, 5, 4, 3, 3, 3, 3, 3, 3, 3, 2, 2, 2, 2, 2, 2, 2, 2, 2, 2, 1, 1, 1, 0, 0, 0, 0, 0, 0, 0, 0, 0, 0, 0, 0, 0, 0, 0, 0, 0, 0, 0, 0, 0, 0, 0, 0, 0, 0, 0, 0, 0, 0, 0, 0, 0
exp, 124, 204, 244, 283, 305, 321, 320, 329, 329, 332, 323, 312, 294, 286, 259, 249, 235, 226, 214, 203, 183, 167, 157, 144, 135, 127, 125, 116, 109, 100, 95, 83, 74, 69, 67, 65, 59, 55, 52, 48, 46, 40, 33, 32, 31, 26, 25, 23, 21, 20, 19, 19, 16, 16, 14, 13, 13, 10, 10, 10, 8, 8, 8, 7, 6, 6, 6, 4, 3, 3, 3, 3, 2, 1, 1, 1, 1, 0, 0, 0
inf, 74, 62, 63, 57, 65, 64, 65, 64, 62, 61, 55, 56, 55, 53, 62, 46, 48, 43, 40, 34, 35, 36, 34, 39, 29, 27, 17, 17, 17, 15, 15, 22, 22, 14, 12, 11, 11, 9, 6, 7, 5, 9, 11, 6, 6, 8, 3, 5, 5, 4, 2, 1, 4, 1, 2, 1, 0, 3, 3, 1, 3, 1, 0, 1, 1, 1, 0, 2, 3, 1, 0, 0, 1, 2, 1, 0, 0, 1, 0, 0
dead, 20, 19, 12, 18, 17, 18, 15, 15, 19, 28, 29, 23, 25, 25, 22, 28, 21, 21, 15, 17, 17, 10, 6, 5, 12, 15, 12, 8, 7, 9, 6, 6, 7, 9, 7, 5, 4, 4, 3, 1, 4, 4, 2, 4, 4, 2, 3, 4, 4, 4, 5, 1, 1, 3, 2, 2, 2, 1, 0, 0, 0, 0, 0, 0, 1, 0, 0, 0, 0, 1, 1, 0, 0, 0, 0, 1, 0, 0, 1, 0
rec, 6, 14, 20, 28, 32, 38, 48, 54, 64, 66, 73, 80, 86, 88, 94, 98, 101, 107, 113, 117, 125, 128, 134, 137, 138, 139, 140, 142, 143, 144, 145, 145, 145, 149, 150, 151, 153, 154, 154, 154, 154, 155, 155, 156, 156, 156, 159, 159, 159, 159, 159, 160, 160, 160, 160, 161, 161, 161, 161, 161, 161, 161, 162, 162, 162, 162, 162, 162, 162, 162, 162, 162, 162, 162, 162, 162, 162, 162, 162, 162
rem, 12, 34, 56, 71, 90, 107, 128, 147, 169, 188, 216, 237, 254, 274, 292, 313, 333, 349, 369, 380, 393, 412, 424, 430, 443, 450, 465, 477, 484, 492, 499, 504, 512, 519, 525, 529, 534, 539, 546, 551, 552, 553, 560, 563, 565, 570, 572, 572, 574, 576, 578, 582, 582, 583, 585, 586, 587, 588, 589, 591, 591, 593, 593, 593, 593, 594, 595, 595, 595, 596, 597, 598, 598, 598, 599, 599, 600, 600, 600, 601
timesteps, 0, 1, 2, 3, 4, 5, 6, 7, 8, 9, 10, 11, 12, 13, 14, 15, 16, 17, 18, 19, 20, 21, 22, 23, 24, 25, 26, 27, 28, 29, 30, 31, 32, 33, 34, 35, 36, 37, 38, 39, 40, 41, 42, 43, 44, 45, 46, 47, 48, 49, 50, 51, 52, 53, 54, 55, 56, 57, 58, 60, 61, 62, 63, 64, 65, 66, 82, 83, 89, 91, 92, 94, 96, 98, 101
events, 244, 187, 154, 166, 134, 128, 111, 111, 93, 76, 86, 99, 86, 71, 63, 77, 59, 57, 72, 48, 46, 36, 37, 34, 39, 31, 19, 27, 17, 21, 20, 18, 19, 18, 24, 7, 12, 5, 5, 7, 5, 7, 5, 8, 11, 3, 5, 5, 5, 3, 2, 1, 2, 5, 3, 2, 3, 3, 2, 4, 3, 1, 3, 6, 1, 2, 1, 2, 2, 3, 1, 1, 1, 1, 2
sus, 495, 382, 313, 244, 195, 157, 122, 101, 90, 76, 64, 52, 40, 35, 31, 23, 20, 19, 13, 11, 10, 9, 9, 8, 8, 8, 8, 7, 6, 6, 6, 6, 5, 3, 3, 3, 3, 3, 3, 3, 3, 3, 3, 3, 2, 2, 2, 1, 1, 1, 1, 1, 1, 1, 1, 1, 1, 1, 1, 1, 1, 1, 1, 1, 1, 1, 1, 1, 1, 1, 1, 1, 1, 1, 1
exp, 147, 238, 268, 301, 319, 327, 342, 324, 312, 302, 292, 273, 262, 238, 225, 208, 196, 176, 170, 160, 146, 133, 119, 111, 102, 91, 89, 82, 80, 70, 62, 56, 48, 45, 41, 40, 39, 38, 34, 31, 30, 28, 26, 24, 23, 22, 21, 21, 20, 19, 19, 19, 17, 16, 15, 14, 12, 12, 10, 9, 9, 9, 7, 5, 5, 5, 4, 4, 2, 1, 1, 1, 1, 0, 0
inf, 68, 60, 73, 73, 75, 71, 59, 71, 62, 61, 54, 55, 48, 58, 53, 56, 48, 48, 34, 28, 27, 31, 30, 27, 21, 21, 15, 15, 12, 16, 18, 16, 20, 17, 11, 9, 7, 5, 9, 9, 7, 7, 8, 6, 3, 3, 3, 2, 1, 1, 0, 0, 2, 1, 1, 1, 3, 1, 3, 2, 0, 0, 2, 2, 1, 0, 1, 0, 2, 2, 1, 0, 0, 1, 0
dead, 25, 24, 24, 25, 23, 26, 24, 20, 18, 24, 24, 21, 25, 20, 18, 16, 16, 18, 13, 13, 14, 11, 14, 10, 9, 11, 10, 6, 4, 4, 3, 3, 3, 8, 7, 7, 2, 3, 2, 3, 5, 3, 2, 2, 3, 2, 0, 1, 1, 1, 1, 0, 0, 0, 0, 1, 0, 0, 0, 1, 2, 1, 0, 0, 1, 0, 0, 0, 0, 0, 0, 1, 0, 0, 0
rec, 10, 19, 25, 35, 41, 46, 56, 63, 70, 76, 82, 89, 94, 100, 104, 106, 111, 116, 119, 121, 122, 124, 128, 132, 133, 133, 133, 135, 136, 137, 138, 142, 143, 143, 144, 144, 144, 145, 145, 146, 146, 147, 147, 149, 150, 151, 151, 151, 151, 151, 151, 151, 151, 151, 151, 151, 151, 152, 152, 152, 152, 152, 152, 152, 152, 153, 153, 153, 153, 153, 154, 154, 154, 154, 154
rem, 18, 40, 60, 85, 110, 136, 160, 184, 211, 224, 247, 273, 294, 312, 332, 354, 372, 386, 414, 430, 444, 455, 463, 475, 490, 499, 508, 518, 525, 530, 536, 540, 544, 547, 557, 560, 568, 569, 570, 571, 572, 575, 577, 579, 582, 583, 586, 587, 589, 590, 591, 592, 592, 594, 595, 595, 596, 597, 597, 598, 599, 600, 601, 603, 603, 604, 604, 605, 605, 606, 606, 606, 607, 607, 608
timesteps, 0, 1, 2, 3, 4, 5, 6, 7, 8, 9, 10, 11, 12, 13, 14, 15, 16, 17, 18, 19, 20, 21, 22, 23, 24, 25, 26, 27, 28, 29, 30, 31, 32, 33, 34, 35, 36, 37, 38, 39, 40, 41, 42, 43, 44, 45, 46, 47, 48, 49, 50, 51, 52, 54, 55, 56, 57, 58, 59, 61, 62, 63, 67, 70, 71, 72, 73, 74, 76, 77, 95, 99
events, 239, 157, 111, 138, 157, 119, 126, 129, 134, 105, 98, 93, 75, 65, 66, 73, 64, 58, 64, 50, 40, 37, 51, 37, 36, 30, 27, 25, 27, 22, 25, 15, 17, 12, 12, 9, 16, 8, 4, 7, 7, 8, 9, 8, 3, 4, 2, 7, 2, 4, 2, 1, 4, 2, 2, 2, 2, 1, 3, 1, 3, 2, 1, 1, 1, 4, 1, 1, 1, 1, 1, 2
sus, 500, 409, 356, 292, 222, 180, 143, 109, 82, 60, 49, 37, 32, 29, 26, 23, 16, 15, 13, 12, 10, 10, 8, 7, 7, 7, 7, 7, 7, 7, 7, 7, 7, 7, 7, 7, 7, 7, 7, 7, 7, 7, 7, 5, 5, 5, 5, 5, 5, 5, 5, 5, 5, 5, 5, 5, 5, 5, 5, 5, 5, 5, 5, 5, 5, 5, 5, 5, 5, 5, 5, 5
exp, 147, 218, 247, 281, 322, 336, 331, 330, 326, 324, 310, 290, 272, 253, 235, 218, 204, 183, 171, 160, 148, 135, 125, 116, 104, 97, 87, 77, 68, 61, 52, 49, 43, 40, 40, 35, 34, 31, 28, 26, 22, 21, 19, 21, 20, 17, 16, 14, 14, 12, 12, 11, 11, 10, 9, 9, 8, 7, 7, 6, 5, 5, 4, 4, 3, 1, 1, 1, 1, 1, 0, 0
inf, 69, 61, 67, 71, 62, 63, 75, 79, 70, 62, 55, 61, 58, 57, 57, 51, 54, 57, 43, 38, 38, 38, 29, 24, 22, 16, 19, 20, 21, 19, 18, 16, 15, 12, 6, 10, 4, 4, 7, 7, 9, 6, 4, 0, 1, 4, 4, 3, 3, 3, 2, 3, 1, 2, 2, 0, 1, 2, 0, 1, 1, 0, 1, 0, 1, 2, 2, 1, 0, 0, 1, 0
dead, 11, 11, 8, 14, 26, 22, 30, 27, 26, 28, 23, 21, 20, 22, 20, 14, 14, 14, 19, 12, 12, 12, 11, 12, 13, 12, 9, 8, 4, 5, 7, 3, 4, 5, 4, 2, 1, 2, 1, 0, 1, 2, 2, 4, 2, 1, 2, 2, 0, 1, 1, 1, 1, 0, 0, 1, 0, 0, 0, 0, 0, 0, 0, 1, 1, 1, 0, 0, 1, 0, 0, 0
rec, 9, 19, 24, 26, 32, 41, 46, 51, 56, 59, 66, 71, 77, 81, 83, 91, 91, 94, 97, 101, 105, 107, 113, 116, 119, 123, 123, 127, 129, 131, 133, 135, 137, 139, 140, 140, 140, 140, 140, 140, 140, 140, 141, 141, 141, 141, 141, 142, 142, 143, 143, 143, 143, 143, 144, 145, 145, 145, 146, 146, 146, 146, 146, 146, 146, 146, 146, 147, 147, 147, 147, 147
rem, 27, 45, 61, 79, 99, 121, 138, 167, 203, 230, 260, 283, 304, 321, 342, 366, 384, 400, 420, 440, 450, 461, 477, 488, 498, 508, 518, 524, 534, 540, 546, 553, 557, 560, 566, 569, 577, 579, 580, 583, 584, 587, 590, 592, 594, 595, 595, 597, 599, 599, 600, 600, 602, 603, 603, 603, 604, 604, 605, 605, 606, 607, 607, 607, 607, 608, 609, 609, 609, 610, 610, 611
timesteps, 0, 1, 2, 3, 4, 5, 6, 7, 8, 9, 10, 11, 12, 13, 14, 15, 16, 17, 18, 19, 20, 21, 22, 23, 24, 25, 26, 27, 28, 29, 30, 31, 32, 33, 34, 35, 36, 37, 38, 39, 40, 41, 42, 43, 44, 45, 46, 47, 48, 49, 50, 51, 52, 53, 54, 55, 56, 58, 59, 60, 61, 63, 64, 65, 67, 68, 69, 70, 72, 73, 75
events, 209, 173, 141, 137, 122, 127, 154, 106, 106, 119, 103, 94, 78, 76, 66, 63, 69, 47, 48, 55, 45, 53, 42, 47, 30, 31, 25, 23, 25, 27, 24, 19, 24, 9, 10, 11, 13, 15, 16, 7, 3, 8, 10, 7, 3, 6, 3, 2, 3, 4, 2, 2, 3, 2, 2, 3, 2, 4, 2, 2, 3, 1, 3, 2, 1, 1, 2, 1, 2, 1, 1
sus, 523, 415, 346, 280, 234, 184, 139, 110, 90, 72, 54, 45, 36, 32, 29, 27, 23, 19, 16, 13, 12, 11, 9, 9, 9, 9, 9, 8, 8, 6, 6, 5, 5, 5, 5, 5, 5, 5, 5, 5, 5, 5, 5, 5, 5, 5, 5, 5, 5, 5, 5, 5, 5, 5, 5, 5, 5, 4, 4, 4, 4, 4, 4, 4, 4, 4, 4, 4, 4, 4, 4
exp, 124, 216, 259, 298, 313, 329, 332, 338, 329, 315, 302, 283, 276, 257, 233, 219, 198, 191, 181, 166, 149, 138, 124, 116, 106, 94, 87, 82, 73, 68, 62, 58, 50, 45, 41, 37, 33, 31, 28, 26, 24, 23, 21, 19, 17, 15, 14, 14, 13, 11, 11, 10, 9, 9, 8, 7, 7, 7, 7, 5, 4, 4, 3, 3, 2, 1, 1, 0, 0, 0, 0
inf, 72, 59, 63, 63, 71, 77, 82, 76, 74, 67, 68, 67, 53, 49, 55, 45, 50, 43, 38, 37, 38, 29, 31, 21, 22, 20, 20, 20, 19, 18, 13, 10, 12, 14, 15, 17, 16, 13, 8, 7, 8, 4, 3, 2, 3, 3, 3, 2, 2, 3, 2, 3, 2, 1, 2, 2, 1, 1, 0, 2, 2, 1, 1, 0, 1, 2, 1, 2, 0, 0, 0
dead, 21, 23, 15, 22, 19, 27, 28, 24, 21, 27, 26, 21, 22, 17, 19, 20, 18, 14, 11, 13, 17, 17, 18, 13, 9, 15, 11, 5, 8, 5, 9, 10, 5, 7, 7, 4, 5, 2, 2, 3, 3, 5, 3, 2, 2, 2, 1, 1, 1, 1, 1, 0, 1, 1, 0, 0, 0, 0, 0, 0, 0, 0, 0, 0, 0, 0, 0, 0, 2, 1, 0
rec, 8, 15, 21, 24, 28, 33, 39, 47, 55, 58, 65, 71, 77, 87, 91, 97, 99, 107, 114, 116, 120, 122, 125, 127, 129, 132, 132, 134, 135, 136, 136, 138, 139, 139, 139, 139, 139, 139, 142, 142, 143, 144, 144, 146, 147, 147, 148, 148, 148, 148, 148, 148, 149, 149, 149, 149, 149, 149, 149, 149, 149, 150, 150, 150, 150, 150, 150, 150, 150, 150, 150
rem, 15, 35, 59, 76, 98, 113, 143, 168, 194, 224, 248, 276, 299, 321, 336, 355, 375, 389, 403, 418, 427, 446, 456, 477, 488, 493, 504, 514, 520, 530, 537, 542, 552, 553, 556, 561, 565, 573, 578, 580, 580, 582, 587, 589, 589, 591, 592, 593, 594, 595, 596, 597, 597, 598, 599, 600, 601, 602, 603, 603, 604, 604, 605, 606, 606, 606, 607, 607, 607, 608, 609
timesteps, 0, 1, 2, 3, 4, 5, 6, 7, 8, 9, 10, 11, 12, 13, 14, 15, 16, 17, 18, 19, 20, 21, 22, 23, 24, 25, 26, 27, 28, 29, 30, 31, 32, 33, 34, 35, 36, 37, 38, 39, 40, 41, 42, 43, 44, 45, 46, 47, 48, 49, 50, 51, 52, 53, 54, 55, 57, 58, 59, 60, 61, 62, 63, 65, 66, 67, 69, 70, 73, 80, 82
events, 200, 215, 161, 169, 126, 131, 114, 100, 121, 97, 92, 80, 83, 66, 70, 68, 58, 50, 50, 60, 42, 48, 39, 31, 35, 28, 31, 20, 21, 16, 16, 18, 27, 16, 22, 15, 13, 9, 7, 7, 8, 4, 2, 6, 4, 3, 4, 3, 3, 2, 6, 2, 2, 4, 3, 1, 1, 1, 1, 3, 3, 1, 3, 1, 1, 1, 1, 2, 2, 1, 1
sus, 513, 392, 308, 239, 194, 156, 120, 99, 73, 61, 51, 40, 34, 27, 22, 19, 13, 11, 11, 9, 9, 6, 6, 6, 6, 4, 4, 4, 4, 4, 4, 3, 2, 2, 1, 1, 1, 1, 1, 1, 1, 1, 1, 1, 1, 1, 1, 1, 1, 1, 1, 1, 1, 1, 1, 1, 1, 1, 1, 1, 1, 1, 1, 1, 1, 1, 1, 1, 1, 1, 1
exp, 127, 224, 280, 312, 329, 331, 335, 329, 328, 305, 288, 284, 263, 251, 233, 214, 202, 188, 173, 151, 139, 130, 119, 107, 99, 91, 82, 77, 72, 67, 60, 55, 49, 40, 37, 35, 29, 27, 24, 22, 21, 20, 19, 19, 17, 16, 15, 14, 14, 12, 10, 9, 9, 8, 8, 8, 7, 7, 7, 4, 4, 4, 3, 3, 3, 2, 1, 1, 1, 0, 0
inf, 81, 59, 61, 67, 66, 73, 75, 71, 61, 68, 63, 48, 47, 43, 48, 46, 45, 40, 39, 44, 37, 33, 31, 34, 26, 27, 26, 20, 17, 16, 20, 18, 13, 18, 13, 8, 11, 9, 9, 7, 5, 5, 6, 3, 4, 4, 3, 3, 1, 3, 3, 3, 2, 2, 0, 0, 1, 0, 0, 3, 1, 1, 1, 0, 0, 1, 2, 1, 0, 1, 0
dead, 17, 28, 22, 19, 15, 11, 20, 20, 22, 22, 22, 23, 21, 22, 14, 14, 15, 22, 14, 15, 19, 14, 11, 8, 7, 8, 2, 6, 4, 5, 1, 4, 4, 5, 5, 4, 2, 2, 1, 4, 3, 2, 1, 1, 1, 1, 1, 0, 1, 1, 0, 1, 1, 0, 1, 0, 0, 1, 0, 0, 1, 0, 0, 1, 0, 0, 0, 0, 0, 0, 0
rec, 8, 19, 28, 30, 39, 44, 49, 59, 63, 69, 78, 83, 91, 96, 98, 103, 106, 109, 114, 117, 121, 125, 126, 128, 134, 135, 139, 142, 144, 144, 145, 147, 152, 152, 153, 155, 156, 157, 160, 160, 160, 160, 160, 160, 160, 160, 161, 162, 162, 162, 163, 163, 163, 163, 163, 163, 163, 163, 163, 163, 163, 163, 163, 163, 163, 163, 163, 163, 163, 163, 164
rem, 17, 41, 64, 96, 120, 148, 164, 185, 216, 238, 261, 285, 307, 324, 348, 367, 382, 393, 412, 427, 438, 455, 470, 480, 491, 498, 510, 514, 522, 527, 533, 536, 543, 546, 554, 560, 564, 567, 568, 569, 573, 575, 576, 579, 580, 581, 582, 583, 584, 584, 586, 586, 587, 589, 590, 591, 591, 591, 592, 592, 593, 594, 595, 595, 596, 596, 596, 597, 598, 598, 598
timesteps, 0, 1, 2, 3, 4, 5, 6, 7, 8, 9, 10, 11, 12, 13, 14, 15, 16, 17, 18, 19, 20, 21, 22, 23, 24, 25, 26, 27, 28, 29, 30, 31, 32, 33, 34, 35, 36, 37, 38, 39, 40, 41, 42, 43, 44, 45, 46, 47, 48, 49, 50, 51, 52, 53, 54, 55, 56, 58, 59, 60, 61, 62, 63, 64, 65, 66, 67, 68, 69, 70, 71, 72, 76, 78, 102, 103
events, 237, 136, 117, 138, 130, 99, 119, 112, 125, 122, 85, 73, 71, 80, 68, 66, 81, 56, 43, 53, 51, 62, 54, 49, 39, 33, 28, 26, 23, 20, 13, 24, 25, 17, 15, 14, 22, 16, 14, 10, 12, 8, 2, 6, 6, 8, 3, 5, 8, 4, 7, 4, 4, 9, 7, 4, 1, 2, 3, 5, 2, 1, 4, 2, 2, 1, 2, 1, 1, 1, 1, 1, 1, 2, 1, 2
sus, 513, 432, 376, 305, 252, 222, 178, 142, 111, 81, 67, 52, 43, 37, 32, 27, 20, 19, 19, 16, 14, 10, 8, 8, 7, 7, 6, 3, 2, 2, 2, 2, 2, 2, 2, 2, 2, 2, 2, 1, 1, 1, 1, 1, 1, 1, 1, 1, 1, 1, 1, 1, 1, 1, 1, 1, 1, 1, 1, 1, 1, 1, 1, 0, 0, 0, 0, 0, 0, 0, 0, 0, 0, 0, 0, 0
exp, 141, 204, 237, 287, 307, 308, 326, 336, 327, 323, 319, 317, 299, 280, 263, 246, 238, 220, 206, 192, 175, 163, 147, 136, 126, 117, 107, 103, 98, 92, 86, 78, 67, 64, 60, 56, 49, 45, 39, 36, 33, 33, 32, 32, 27, 26, 25, 24, 21, 18, 15, 13, 12, 11, 10, 9, 9, 9, 7, 7, 5, 4, 3, 4, 4, 3, 3, 3, 3, 2, 2, 2, 1, 1, 0, 0
inf, 62, 62, 61, 57, 63, 71, 67, 66, 74, 77, 67, 61, 67, 64, 62, 62, 44, 45, 42, 40, 44, 36, 37, 27, 24, 17, 22, 19, 20, 18, 21, 18, 21, 14, 14, 15, 13, 10, 10, 12, 9, 6, 7, 4, 9, 7, 7, 4, 4, 7, 9, 9, 9, 4, 3, 2, 2, 1, 2, 0, 2, 3, 2, 1, 1, 2, 0, 0, 0, 1, 0, 0, 1, 0, 1, 0
dead, 19, 15, 18, 14, 19, 17, 20, 19, 27, 23, 17, 17, 15, 13, 16, 18, 20, 16, 16, 17, 14, 17, 14, 16, 14, 16, 9, 10, 4, 6, 3, 5, 5, 10, 6, 2, 1, 2, 5, 4, 7, 4, 3, 2, 1, 0, 0, 3, 3, 2, 0, 2, 1, 2, 0, 1, 0, 0, 1, 0, 0, 0, 1, 2, 0, 0, 2, 1, 0, 0, 1, 0, 0, 0, 0, 0
rec, 9, 12, 19, 27, 32, 36, 44, 49, 51, 59, 68, 73, 82, 91, 95, 98, 103, 107, 112, 116, 119, 122, 125, 127, 130, 136, 139, 142, 142, 142, 144, 148, 150, 151, 152, 152, 156, 157, 158, 158, 158, 159, 159, 160, 160, 160, 160, 161, 162, 162, 162, 162, 162, 165, 165, 165, 165, 165, 165, 165, 165, 165, 165, 165, 165, 165, 165, 165, 165, 165, 165, 165, 165, 165, 165, 165
rem, 19, 38, 52, 73, 90, 109, 128, 151, 173, 200, 225, 243, 257, 278, 295, 312, 338, 356, 368, 382, 397, 415, 432, 449, 462, 470, 480, 486, 497, 503, 507, 512, 518, 522, 529, 536, 542, 547, 549, 552, 555, 560, 561, 564, 565, 569, 570, 570, 572, 573, 576, 576, 578, 580, 584, 585, 586, 587, 587, 590, 590, 590, 591, 591, 593, 593, 593, 594, 595, 595, 595, 596, 596, 597, 597, 598
timesteps, 0, 1, 2, 3, 4, 5, 6, 7, 8, 9, 10, 11, 12, 13, 14, 15, 16, 17, 18, 19, 20, 21, 22, 23, 24, 25, 26, 27, 28, 29, 30, 31, 32, 33, 34, 35, 36, 37, 38, 39, 40, 41, 42, 43, 44, 45, 46, 47, 48, 49, 50, 51, 52, 55, 56, 57, 58, 59, 60, 138, 66, 72, 73, 74, 75, 77, 78, 79, 80, 81, 140
events, 236, 193, 140, 95, 116, 104, 134, 94, 99, 90, 111, 99, 88, 82, 74, 79, 56, 56, 53, 55, 29, 46, 39, 47, 42, 30, 28, 38, 35, 25, 16, 21, 25, 17, 23, 16, 10, 8, 11, 7, 13, 3, 2, 7, 4, 6, 9, 8, 9, 2, 4, 2, 1, 1, 3, 2, 1, 2, 2, 1, 1, 1, 2, 3, 1, 1, 2, 3, 1, 1, 2
sus, 504, 383, 320, 285, 238, 203, 160, 131, 108, 90, 66, 53, 41, 36, 33, 26, 21, 15, 12, 8, 7, 7, 7, 7, 5, 5, 5, 5, 4, 4, 4, 4, 4, 4, 4, 4, 4, 4, 3, 3, 3, 3, 3, 3, 3, 3, 3, 3, 3, 3, 3, 3, 3, 3, 3, 3, 3, 3, 3, 3, 3, 3, 3, 3, 3, 3, 3, 3, 3, 3, 3
exp, 142, 244, 277, 297, 315, 323, 327, 336, 329, 317, 308, 293, 294, 264, 242, 225, 218, 207, 193, 188, 177, 158, 140, 130, 118, 109, 101, 91, 82, 72, 68, 61, 51, 47, 43, 38, 36, 33, 31, 26, 25, 25, 25, 23, 20, 17, 14, 14, 10, 10, 10, 9, 9, 8, 8, 7, 7, 7, 7, 0, 6, 6, 5, 4, 4, 3, 2, 1, 1, 1, 0
inf, 69, 56, 58, 49, 55, 57, 71, 63, 66, 70, 72, 66, 44, 57, 59, 55, 46, 41, 40, 26, 31, 37, 42, 34, 32, 31, 29, 22, 21, 22, 21, 21, 23, 18, 12, 12, 9, 7, 9, 12, 7, 6, 5, 4, 6, 8, 8, 4, 5, 4, 2, 2, 2, 3, 2, 2, 2, 1, 0, 1, 1, 0, 1, 1, 0, 1, 1, 1, 0, 0, 0
dead, 15, 18, 21, 19, 19, 20, 15, 18, 20, 25, 26, 32, 25, 21, 16, 16, 13, 21, 21, 18, 13, 10, 13, 11, 14, 9, 7, 11, 8, 9, 6, 5, 5, 8, 7, 5, 4, 8, 3, 5, 4, 3, 3, 3, 4, 3, 3, 2, 2, 2, 1, 2, 1, 1, 0, 1, 0, 0, 0, 0, 0, 1, 0, 0, 0, 0, 0, 0, 1, 0, 0
rec, 9, 17, 23, 28, 34, 41, 44, 52, 58, 63, 70, 74, 82, 88, 93, 101, 107, 110, 113, 120, 123, 125, 127, 128, 131, 135, 137, 139, 140, 142, 143, 144, 145, 147, 149, 150, 153, 154, 154, 154, 155, 155, 155, 156, 156, 156, 156, 157, 158, 158, 159, 159, 159, 159, 159, 159, 159, 159, 159, 161, 159, 159, 159, 159, 160, 160, 161, 161, 161, 161, 161
rem, 24, 45, 64, 85, 102, 119, 146, 163, 182, 198, 221, 245, 277, 297, 320, 340, 358, 369, 384, 403, 412, 426, 434, 453, 463, 474, 484, 495, 508, 514, 521, 528, 535, 539, 548, 554, 557, 557, 563, 563, 569, 571, 572, 574, 574, 576, 579, 583, 585, 586, 588, 588, 589, 589, 591, 591, 592, 593, 594, 598, 594, 594, 595, 596, 596, 596, 596, 597, 597, 598, 599
timesteps, 0, 1, 2, 3, 4, 5, 6, 7, 8, 9, 10, 11, 12, 13, 14, 15, 16, 17, 18, 19, 20, 21, 22, 23, 24, 25, 26, 27, 28, 29, 30, 31, 32, 33, 34, 35, 36, 37, 38, 39, 40, 41, 42, 43, 44, 45, 46, 47, 48, 49, 50, 52, 53, 54, 55, 56, 57, 65, 69, 70, 71, 80, 81
events, 218, 217, 169, 118, 124, 134, 120, 131, 95, 118, 108, 75, 96, 56, 67, 63, 68, 50, 43, 54, 46, 48, 53, 34, 30, 38, 36, 26, 30, 29, 27, 14, 12, 16, 8, 13, 12, 17, 13, 13, 8, 5, 10, 10, 3, 4, 5, 2, 1, 1, 2, 1, 1, 1, 5, 1, 2, 1, 1, 3, 1, 1, 1
sus, 522, 384, 286, 243, 197, 153, 118, 80, 63, 45, 30, 24, 18, 16, 15, 13, 8, 7, 7, 7, 5, 4, 3, 3, 3, 3, 2, 2, 2, 2, 1, 1, 1, 1, 1, 1, 1, 1, 0, 0, 0, 0, 0, 0, 0, 0, 0, 0, 0, 0, 0, 0, 0, 0, 0, 0, 0, 0, 0, 0, 0, 0, 0
exp, 129, 245, 317, 323, 334, 345, 350, 359, 345, 328, 316, 299, 283, 264, 247, 224, 214, 195, 182, 165, 156, 142, 124, 112, 100, 92, 83, 73, 64, 55, 54, 52, 49, 45, 42, 36, 32, 27, 21, 19, 18, 16, 14, 10, 10, 10, 8, 8, 7, 7, 7, 6, 5, 4, 4, 3, 3, 2, 1, 1, 1, 0, 0
inf, 67, 55, 58, 73, 78, 78, 82, 74, 80, 78, 66, 68, 59, 62, 53, 61, 49, 51, 45, 44, 33, 32, 34, 38, 41, 28, 27, 27, 27, 24, 13, 11, 11, 8, 9, 11, 9, 8, 12, 7, 4, 4, 4, 6, 4, 1, 2, 0, 1, 0, 0, 1, 2, 3, 0, 1, 0, 1, 2, 0, 0, 1, 0
dead, 21, 24, 19, 21, 31, 30, 24, 29, 30, 32, 39, 33, 23, 21, 23, 19, 17, 18, 21, 16, 20, 18, 16, 9, 6, 17, 13, 14, 9, 13, 14, 9, 6, 5, 2, 2, 5, 4, 4, 5, 6, 6, 2, 0, 0, 2, 1, 2, 2, 2, 0, 0, 0, 0, 0, 0, 0, 0, 0, 1, 0, 0, 0
rec, 6, 14, 20, 24, 31, 41, 44, 49, 51, 58, 63, 65, 69, 74, 78, 80, 88, 94, 99, 103, 110, 112, 115, 116, 119, 120, 121, 124, 126, 126, 127, 128, 128, 131, 133, 134, 135, 136, 137, 139, 139, 140, 140, 140, 141, 141, 141, 142, 142, 143, 143, 143, 143, 143, 144, 144, 144, 144, 144, 144, 144, 144, 145
rem, 18, 41, 63, 79, 92, 116, 145, 172, 194, 222, 249, 274, 311, 326, 347, 366, 387, 398, 409, 428, 439, 455, 471, 485, 494, 503, 517, 523, 535, 543, 554, 562, 568, 573, 576, 579, 581, 587, 589, 593, 596, 597, 603, 607, 608, 609, 611, 611, 611, 611, 613, 613, 613, 613, 615, 615, 616, 616, 616, 617, 618, 618, 618
timesteps, 0, 1, 2, 3, 4, 5, 6, 7, 8, 9, 10, 11, 12, 13, 14, 15, 16, 17, 18, 19, 20, 21, 22, 23, 24, 25, 26, 27, 28, 29, 30, 31, 32, 33, 34, 35, 36, 37, 38, 39, 40, 41, 42, 43, 44, 45, 46, 47, 48, 49, 50, 51, 52, 53, 54, 55, 56, 57, 58, 60, 61, 62, 63, 64, 65, 66, 69, 71, 72, 82, 84
events, 222, 194, 120, 129, 140, 131, 85, 127, 92, 91, 103, 97, 84, 82, 90, 81, 60, 79, 53, 61, 46, 41, 46, 33, 36, 27, 28, 25, 26, 21, 22, 15, 15, 14, 18, 19, 16, 10, 10, 17, 4, 8, 3, 5, 3, 1, 7, 10, 6, 4, 2, 4, 5, 4, 2, 3, 4, 3, 4, 4, 2, 4, 1, 1, 1, 1, 1, 1, 3, 1, 2
sus, 515, 398, 337, 283, 224, 176, 154, 119, 97, 81, 61, 46, 35, 30, 22, 13, 11, 8, 6, 4, 4, 4, 3, 2, 2, 2, 1, 1, 1, 1, 1, 1, 1, 1, 1, 1, 1, 1, 1, 1, 1, 1, 1, 1, 1, 1, 1, 1, 1, 1, 1, 1, 1, 1, 1, 1, 1, 1, 1, 1, 1, 1, 1, 1, 1, 1, 1, 1, 1, 1, 1
exp, 140, 237, 277, 297, 327, 349, 348, 354, 348, 338, 333, 313, 297, 270, 258, 246, 225, 202, 191, 176, 160, 153, 141, 131, 124, 112, 102, 91, 83, 77, 70, 67, 62, 57, 53, 46, 43, 37, 35, 31, 28, 28, 28, 27, 26, 25, 21, 17, 16, 16, 15, 12, 12, 12, 11, 8, 8, 6, 6, 6, 5, 3, 3, 3, 3, 2, 2, 1, 1, 0, 0
inf, 65, 53, 53, 65, 63, 55, 55, 53, 59, 57, 47, 62, 66, 71, 55, 50, 53, 51, 42, 36, 38, 26, 22, 23, 16, 21, 22, 24, 23, 19, 16, 13, 13, 13, 11, 12, 8, 12, 8, 6, 8, 4, 3, 1, 2, 3, 6, 7, 5, 3, 4, 6, 2, 1, 2, 5, 2, 4, 2, 0, 1, 2, 1, 1, 0, 1, 0, 1, 0, 1, 0
dead, 18, 19, 21, 21, 22, 27, 29, 22, 21, 23, 29, 19, 17, 22, 23, 20, 24, 24, 26, 21, 15, 14, 14, 11, 10, 8, 8, 10, 6, 7, 9, 7, 6, 5, 2, 1, 1, 1, 5, 3, 4, 3, 2, 3, 1, 1, 0, 0, 1, 1, 0, 1, 4, 2, 1, 1, 3, 2, 2, 2, 1, 0, 1, 0, 0, 0, 1, 1, 0, 0, 0
rec, 10, 16, 18, 21, 30, 36, 40, 46, 49, 54, 60, 63, 65, 69, 78, 82, 83, 89, 93, 102, 106, 111, 113, 115, 115, 116, 120, 122, 126, 130, 133, 135, 136, 138, 139, 140, 141, 141, 141, 142, 142, 143, 143, 144, 144, 144, 144, 144, 144, 144, 144, 144, 144, 144, 144, 144, 144, 144, 144, 144, 144, 145, 145, 145, 146, 146, 146, 146, 146, 146, 146
rem, 15, 40, 57, 76, 97, 120, 137, 169, 189, 210, 233, 260, 283, 301, 327, 352, 367, 389, 405, 424, 440, 455, 470, 481, 496, 504, 510, 515, 524, 529, 534, 540, 545, 549, 557, 563, 569, 571, 573, 580, 580, 584, 586, 587, 589, 589, 591, 594, 596, 598, 599, 599, 600, 603, 604, 604, 605, 606, 608, 610, 611, 612, 612, 613, 613, 613, 613, 613, 615, 615, 616
timesteps, 0, 1, 2, 3, 4, 5, 6, 7, 8, 9, 10, 11, 12, 13, 14, 15, 16, 17, 18, 19, 20, 21, 22, 23, 24, 25, 26, 27, 28, 29, 30, 31, 32, 33, 34, 35, 36, 37, 38, 39, 40, 41, 42, 43, 44, 45, 46, 47, 48, 49, 50, 51, 52, 53, 54, 55, 56, 57, 60, 61, 62, 64, 65, 66
events, 185, 177, 153, 146, 80, 112, 116, 120, 125, 103, 101, 89, 87, 78, 81, 68, 65, 72, 66, 44, 56, 49, 49, 48, 35, 39, 24, 27, 22, 26, 23, 16, 22, 26, 15, 10, 19, 17, 13, 14, 10, 12, 15, 7, 9, 14, 3, 5, 4, 2, 3, 3, 3, 1, 4, 2, 1, 1, 2, 1, 1, 1, 1, 2
sus, 552, 440, 357, 292, 265, 225, 185, 155, 114, 92, 75, 58, 47, 39, 33, 23, 20, 19, 16, 14, 13, 12, 9, 7, 5, 5, 4, 4, 3, 3, 3, 3, 3, 3, 3, 3, 3, 3, 3, 3, 3, 3, 3, 3, 3, 3, 3, 3, 3, 3, 3, 3, 3, 3, 3, 3, 3, 3, 3, 3, 3, 3, 3, 3
exp, 119, 210, 267, 307, 314, 316, 324, 328, 343, 334, 314, 315, 303, 276, 259, 258, 238, 221, 199, 185, 171, 154, 137, 129, 124, 115, 108, 100, 92, 87, 78, 73, 65, 56, 54, 51, 46, 38, 36, 30, 27, 20, 18, 17, 14, 11, 9, 8, 8, 8, 6, 5, 5, 4, 3, 2, 2, 1, 1, 1, 1, 0, 0, 0
inf, 57, 50, 52, 51, 55, 72, 74, 64, 61, 64, 80, 60, 53, 69, 65, 50, 52, 41, 45, 46, 36, 41, 44, 33, 28, 20, 23, 20, 23, 16, 18, 18, 20, 20, 13, 13, 9, 13, 7, 10, 10, 14, 8, 7, 6, 4, 6, 4, 2, 1, 3, 3, 1, 2, 1, 1, 1, 2, 1, 0, 0, 1, 1, 0
dead, 15, 21, 22, 11, 8, 13, 25, 27, 20, 22, 15, 21, 21, 21, 21, 20, 17, 14, 11, 13, 20, 13, 17, 18, 14, 14, 8, 8, 7, 9, 7, 6, 4, 3, 6, 2, 6, 4, 6, 4, 2, 1, 4, 1, 3, 1, 0, 2, 2, 2, 1, 1, 1, 1, 1, 2, 1, 1, 1, 2, 1, 1, 0, 0
rec, 3, 9, 12, 19, 21, 24, 28, 34, 41, 45, 47, 57, 64, 67, 69, 75, 81, 89, 96, 98, 101, 104, 108, 113, 115, 119, 120, 123, 124, 125, 127, 127, 127, 129, 131, 134, 134, 135, 138, 138, 139, 141, 141, 142, 142, 143, 143, 143, 143, 143, 143, 143, 144, 144, 145, 145, 145, 145, 145, 145, 145, 145, 145, 145
rem, 17, 33, 53, 83, 100, 113, 127, 155, 184, 206, 232, 252, 275, 291, 316, 337, 355, 379, 396, 407, 422, 439, 448, 463, 477, 490, 500, 508, 514, 523, 530, 536, 544, 552, 556, 560, 565, 570, 573, 578, 582, 584, 589, 593, 595, 601, 602, 603, 605, 606, 607, 608, 609, 609, 610, 610, 611, 611, 612, 612, 613, 613, 614, 615
timesteps, 0, 1, 2, 3, 4, 5, 6, 7, 8, 9, 10, 11, 12, 13, 14, 15, 16, 17, 18, 19, 20, 21, 22, 23, 24, 25, 26, 27, 28, 29, 30, 31, 32, 33, 34, 35, 36, 37, 38, 39, 40, 41, 42, 43, 44, 45, 46, 47, 48, 49, 50, 51, 52, 53, 55, 56, 57, 59, 65, 66, 67, 71, 78, 90, 91, 95, 97
events, 218, 185, 170, 141, 138, 142, 116, 106, 102, 105, 94, 71, 74, 96, 77, 78, 50, 60, 57, 38, 46, 47, 40, 42, 26, 26, 33, 32, 21, 23, 32, 16, 16, 6, 10, 12, 11, 14, 10, 9, 9, 10, 12, 6, 1, 2, 2, 5, 4, 2, 4, 6, 7, 2, 5, 1, 2, 2, 2, 2, 2, 1, 1, 1, 2, 1, 1
sus, 517, 403, 308, 248, 199, 150, 121, 94, 75, 57, 45, 40, 36, 28, 22, 16, 14, 14, 12, 12, 11, 10, 10, 7, 7, 6, 5, 5, 5, 5, 5, 5, 5, 5, 5, 5, 4, 4, 4, 4, 4, 4, 4, 4, 4, 4, 4, 4, 4, 4, 4, 4, 4, 4, 3, 3, 3, 3, 3, 3, 3, 3, 3, 3, 3, 3, 3
exp, 133, 224, 293, 318, 336, 356, 352, 352, 344, 338, 326, 310, 278, 254, 238, 224, 207, 185, 175, 162, 150, 134, 120, 112, 104, 96, 89, 82, 76, 68, 55, 54, 53, 51, 47, 40, 38, 31, 29, 28, 24, 22, 20, 19, 19, 18, 17, 16, 13, 12, 11, 8, 7, 6, 6, 6, 5, 5, 3, 3, 3, 2, 2, 1, 1, 0, 0
inf, 67, 63, 62, 72, 71, 66, 72, 67, 63, 53, 54, 47, 62, 67, 59, 53, 53, 56, 44, 42, 36, 36, 35, 32, 32, 32, 26, 19, 18, 16, 21, 14, 7, 7, 8, 12, 10, 13, 11, 7, 9, 5, 2, 2, 1, 2, 3, 1, 3, 4, 3, 4, 2, 2, 1, 0, 1, 0, 2, 1, 0, 1, 0, 1, 0, 1, 0
dead, 23, 26, 28, 25, 27, 25, 17, 25, 25, 26, 12, 19, 22, 14, 16, 13, 17, 10, 12, 12, 12, 14, 14, 12, 8, 9, 10, 9, 7, 9, 4, 4, 3, 3, 3, 3, 3, 4, 3, 4, 3, 7, 5, 2, 3, 2, 1, 1, 1, 0, 1, 0, 0, 1, 1, 2, 1, 0, 0, 0, 0, 0, 0, 0, 0, 0, 0
rec, 8, 11, 14, 21, 25, 31, 39, 43, 49, 53, 55, 59, 64, 70, 79, 82, 87, 94, 97, 102, 108, 111, 115, 117, 119, 120, 123, 127, 128, 131, 133, 134, 136, 136, 136, 137, 140, 140, 141, 142, 142, 142, 144, 144, 144, 144, 144, 146, 147, 147, 147, 149, 149, 149, 150, 150, 150, 151, 151, 151, 151, 151, 152, 152, 152, 152, 153
rem, 15, 36, 58, 79, 105, 135, 162, 182, 207, 236, 271, 288, 301, 330, 349, 375, 385, 404, 423, 433, 446, 458, 469, 483, 493, 500, 510, 521, 529, 534, 545, 552, 559, 561, 564, 566, 568, 571, 575, 578, 581, 583, 588, 592, 592, 593, 594, 595, 595, 596, 597, 598, 601, 601, 602, 602, 603, 604, 604, 605, 606, 606, 606, 606, 607, 607, 607
timesteps, 0, 1, 2, 3, 4, 5, 6, 7, 8, 9, 10, 11, 12, 13, 14, 15, 16, 17, 18, 19, 20, 21, 22, 23, 24, 25, 26, 27, 28, 29, 30, 31, 32, 33, 34, 35, 36, 37, 38, 39, 40, 41, 42, 43, 44, 45, 46, 47, 48, 49, 50, 51, 52, 53, 54, 55, 56, 57, 58, 59, 60, 61, 62, 63, 65, 67, 70, 71, 72, 74, 101, 104, 106
events, 287, 162, 166, 114, 161, 144, 129, 103, 113, 86, 97, 94, 89, 75, 68, 74, 40, 60, 50, 57, 46, 34, 39, 32, 37, 30, 23, 25, 11, 16, 12, 11, 12, 9, 6, 15, 11, 13, 6, 8, 12, 9, 2, 7, 7, 9, 7, 6, 5, 1, 8, 2, 5, 2, 4, 3, 2, 1, 3, 4, 1, 2, 4, 1, 2, 1, 1, 1, 1, 2, 1, 1, 1
sus, 464, 366, 277, 232, 170, 121, 91, 72, 56, 48, 37, 29, 24, 18, 15, 14, 13, 11, 8, 6, 6, 6, 6, 6, 5, 5, 5, 4, 4, 4, 3, 3, 3, 2, 2, 2, 2, 2, 2, 2, 2, 2, 2, 2, 2, 2, 2, 2, 2, 2, 2, 2, 2, 2, 2, 2, 2, 2, 2, 2, 2, 2, 2, 2, 2, 2, 2, 2, 2, 2, 2, 2, 2
exp, 169, 252, 315, 330, 357, 368, 361, 357, 344, 316, 301, 280, 261, 241, 227, 212, 195, 182, 165, 151, 135, 123, 116, 107, 91, 85, 78, 72, 70, 69, 66, 60, 55, 54, 53, 47, 42, 40, 38, 37, 31, 28, 28, 25, 24, 22, 19, 18, 15, 14, 13, 13, 11, 11, 9, 9, 9, 8, 6, 6, 5, 4, 3, 3, 3, 2, 1, 1, 1, 1, 0, 0, 0
inf, 76, 69, 66, 73, 72, 75, 84, 69, 62, 74, 66, 65, 55, 57, 47, 34, 40, 37, 39, 36, 33, 31, 21, 20, 28, 19, 18, 18, 16, 8, 10, 13, 13, 11, 10, 11, 12, 6, 6, 4, 7, 7, 5, 6, 4, 3, 4, 3, 5, 6, 3, 1, 2, 2, 2, 0, 0, 1, 3, 0, 1, 2, 1, 1, 0, 1, 2, 1, 1, 0, 1, 0, 0
dead, 25, 17, 19, 23, 26, 34, 27, 34, 29, 28, 28, 22, 22, 23, 24, 19, 19, 10, 13, 12, 15, 16, 15, 10, 8, 11, 9, 6, 5, 6, 2, 1, 1, 3, 1, 1, 2, 6, 6, 5, 3, 2, 3, 3, 3, 1, 1, 0, 0, 0, 1, 3, 2, 0, 2, 3, 1, 1, 0, 1, 1, 0, 1, 0, 0, 0, 0, 1, 0, 0, 0, 1, 0
rec, 7, 10, 15, 18, 23, 28, 29, 37, 46, 53, 61, 70, 78, 82, 87, 93, 96, 98, 104, 104, 109, 114, 117, 119, 120, 123, 125, 125, 125, 127, 128, 130, 133, 133, 134, 135, 136, 137, 137, 137, 139, 140, 141, 141, 141, 142, 142, 142, 142, 142, 142, 142, 142, 142, 142, 142, 142, 142, 142, 143, 143, 143, 143, 143, 143, 143, 143, 143, 143, 143, 143, 143, 143
rem, 22, 49, 71, 87, 115, 137, 171, 194, 226, 244, 270, 297, 323, 342, 363, 391, 400, 425, 434, 454, 465, 473, 488, 501, 511, 520, 528, 538, 543, 549, 554, 556, 558, 560, 563, 567, 569, 572, 574, 578, 581, 584, 584, 586, 589, 593, 595, 598, 599, 599, 602, 602, 604, 606, 606, 607, 609, 609, 610, 611, 611, 612, 613, 614, 615, 615, 615, 615, 616, 617, 617, 617, 618
timesteps, 0, 1, 2, 3, 4, 5, 6, 7, 8, 9, 10, 11, 12, 13, 14, 15, 16, 17, 18, 19, 20, 21, 22, 23, 24, 25, 26, 27, 28, 29, 30, 31, 32, 33, 34, 35, 36, 37, 38, 39, 40, 41, 42, 43, 44, 45, 46, 47, 48, 49, 50, 51, 52, 53, 54, 55, 56, 57, 58, 59, 61, 62, 64, 68, 69, 70, 73, 74, 76, 82, 83
events, 238, 183, 150, 120, 111, 167, 98, 112, 114, 106, 81, 89, 88, 84, 54, 49, 44, 53, 51, 43, 46, 41, 38, 38, 42, 26, 30, 24, 33, 28, 30, 28, 17, 21, 15, 16, 15, 7, 19, 14, 6, 6, 6, 5, 5, 5, 7, 2, 6, 5, 7, 2, 4, 5, 3, 6, 3, 3, 2, 3, 3, 8, 2, 2, 1, 1, 1, 3, 2, 1, 2
sus, 499, 380, 315, 262, 228, 164, 137, 112, 84, 61, 57, 46, 36, 32, 29, 25, 22, 19, 17, 15, 13, 12, 10, 9, 7, 7, 7, 7, 6, 4, 2, 2, 2, 2, 2, 2, 2, 2, 2, 2, 2, 2, 2, 2, 2, 2, 2, 2, 2, 2, 2, 2, 2, 2, 2, 2, 2, 2, 2, 2, 2, 1, 1, 1, 1, 1, 1, 1, 1, 1, 1
exp, 143, 251, 282, 306, 307, 340, 344, 334, 331, 331, 302, 289, 273, 254, 242, 236, 220, 202, 196, 184, 172, 156, 152, 137, 129, 119, 111, 100, 92, 86, 76, 70, 63, 59, 57, 52, 48, 44, 38, 36, 35, 32, 30, 29, 25, 24, 23, 23, 21, 18, 15, 15, 13, 12, 10, 7, 7, 7, 7, 6, 3, 4, 4, 3, 3, 3, 2, 1, 1, 0, 0
inf, 72, 50, 59, 65, 74, 62, 59, 66, 62, 53, 63, 60, 56, 46, 42, 35, 43, 45, 31, 31, 28, 33, 25, 28, 19, 23, 22, 26, 21, 19, 23, 15, 20, 16, 11, 12, 9, 11, 11, 6, 4, 6, 6, 5, 8, 6, 4, 2, 3, 5, 6, 5, 5, 3, 5, 6, 4, 2, 1, 1, 4, 1, 0, 1, 0, 0, 1, 1, 0, 1, 0
dead, 21, 28, 17, 20, 19, 24, 23, 22, 28, 30, 28, 23, 22, 24, 20, 15, 12, 19, 19, 16, 14, 13, 7, 10, 17, 13, 8, 8, 10, 9, 8, 12, 6, 3, 4, 0, 1, 2, 1, 1, 2, 1, 1, 0, 1, 1, 1, 3, 1, 1, 0, 0, 0, 1, 0, 0, 1, 2, 2, 2, 2, 1, 1, 0, 1, 0, 0, 0, 0, 0, 0
rec, 6, 12, 22, 27, 32, 41, 46, 51, 60, 62, 66, 71, 80, 87, 93, 97, 100, 102, 105, 109, 115, 117, 121, 123, 124, 124, 125, 126, 129, 132, 133, 135, 135, 137, 137, 138, 140, 140, 140, 142, 142, 142, 142, 143, 143, 145, 145, 145, 145, 145, 146, 146, 148, 149, 149, 150, 150, 150, 150, 150, 150, 150, 150, 150, 150, 150, 150, 150, 150, 150, 150
rem, 22, 42, 68, 83, 103, 132, 154, 178, 198, 226, 247, 274, 296, 320, 337, 355, 366, 376, 395, 408, 421, 432, 448, 456, 467, 477, 490, 496, 505, 513, 521, 529, 537, 546, 552, 559, 563, 564, 571, 576, 578, 580, 582, 584, 584, 585, 588, 588, 591, 592, 594, 595, 595, 596, 597, 598, 599, 600, 601, 602, 602, 606, 607, 608, 608, 609, 609, 610, 611, 611, 612
timesteps, 0, 1, 2, 3, 4, 5, 6, 7, 8, 9, 10, 11, 12, 13, 14, 15, 16, 17, 18, 19, 20, 21, 22, 23, 24, 25, 26, 27, 28, 29, 30, 31, 32, 33, 34, 35, 36, 37, 38, 39, 40, 41, 42, 43, 44, 45, 46, 47, 48, 49, 50, 52, 53, 54, 55, 56, 57, 58, 59, 60, 61, 62, 63, 67, 68, 71, 73
events, 216, 157, 137, 148, 141, 143, 117, 127, 111, 109, 87, 83, 98, 74, 65, 76, 45, 52, 44, 51, 49, 52, 37, 36, 30, 34, 30, 36, 28, 26, 24, 18, 16, 15, 9, 13, 20, 26, 10, 11, 4, 5, 7, 3, 8, 3, 2, 1, 1, 2, 1, 2, 3, 4, 5, 2, 3, 4, 7, 2, 4, 3, 3, 1, 2, 1, 1
sus, 519, 424, 348, 282, 221, 172, 134, 98, 72, 55, 45, 38, 30, 24, 21, 21, 19, 17, 16, 14, 12, 9, 8, 8, 8, 7, 6, 6, 6, 5, 5, 4, 4, 4, 4, 4, 3, 1, 1, 0, 0, 0, 0, 0, 0, 0, 0, 0, 0, 0, 0, 0, 0, 0, 0, 0, 0, 0, 0, 0, 0, 0, 0, 0, 0, 0, 0
exp, 123, 201, 255, 291, 318, 331, 342, 350, 345, 335, 318, 297, 281, 262, 250, 224, 214, 205, 189, 169, 158, 148, 139, 128, 112, 99, 92, 84, 71, 66, 60, 58, 51, 47, 42, 37, 33, 29, 27, 28, 26, 24, 22, 20, 19, 19, 19, 18, 17, 17, 16, 16, 14, 11, 10, 10, 7, 5, 4, 4, 2, 2, 2, 1, 1, 0, 0
inf, 76, 64, 60, 64, 73, 74, 73, 68, 70, 64, 61, 63, 52, 54, 45, 45, 39, 27, 31, 41, 35, 28, 24, 21, 32, 34, 32, 26, 28, 24, 18, 13, 16, 14, 17, 17, 15, 11, 8, 4, 4, 6, 5, 6, 3, 1, 0, 1, 2, 1, 2, 1, 2, 4, 3, 2, 5, 6, 2, 2, 3, 1, 0, 1, 0, 1, 0
dead, 11, 17, 25, 22, 23, 30, 30, 31, 28, 24, 25, 26, 24, 20, 17, 15, 18, 19, 16, 10, 11, 12, 9, 10, 6, 9, 7, 3, 6, 4, 6, 6, 5, 4, 4, 6, 5, 4, 4, 2, 3, 0, 0, 0, 0, 0, 0, 0, 0, 0, 0, 0, 0, 1, 0, 0, 0, 0, 2, 0, 0, 1, 0, 0, 0, 0, 0
rec, 10, 17, 22, 25, 28, 33, 37, 39, 46, 51, 60, 63, 69, 76, 80, 84, 86, 92, 95, 98, 101, 104, 109, 111, 111, 113, 114, 118, 122, 125, 129, 131, 131, 133, 133, 133, 134, 137, 139, 139, 140, 140, 141, 142, 143, 144, 144, 144, 144, 144, 144, 144, 145, 145, 146, 146, 146, 146, 148, 148, 148, 148, 148, 148, 148, 148, 149
rem, 24, 40, 53, 79, 100, 123, 147, 177, 202, 234, 254, 276, 307, 327, 350, 374, 387, 403, 416, 431, 446, 462, 474, 485, 494, 501, 512, 526, 530, 539, 545, 551, 556, 561, 563, 566, 573, 581, 584, 590, 590, 593, 595, 595, 598, 599, 600, 600, 600, 601, 601, 602, 602, 602, 604, 605, 605, 606, 607, 609, 610, 611, 613, 613, 614, 614, 614
timesteps, 0, 1, 2, 3, 4, 5, 6, 7, 8, 9, 10, 11, 12, 13, 14, 15, 16, 17, 18, 19, 20, 21, 22, 23, 24, 25, 26, 27, 28, 29, 30, 31, 32, 33, 34, 35, 36, 37, 38, 39, 40, 41, 42, 43, 44, 45, 46, 47, 48, 49, 50, 51, 52, 53, 54, 55, 57, 58, 59, 60, 62, 63, 64, 65, 66, 67, 68, 70, 74, 77, 80, 81, 82, 87, 88
events, 227, 187, 153, 161, 163, 139, 115, 95, 112, 95, 94, 94, 84, 70, 61, 82, 54, 54, 54, 39, 39, 46, 41, 35, 23, 30, 22, 25, 23, 25, 21, 13, 13, 17, 18, 13, 16, 12, 11, 9, 20, 7, 9, 7, 7, 4, 4, 3, 4, 2, 3, 1, 3, 5, 1, 3, 3, 2, 1, 1, 1, 1, 1, 1, 1, 1, 2, 1, 1, 3, 2, 1, 1, 1, 2
sus, 515, 393, 317, 248, 189, 140, 109, 88, 67, 60, 49, 34, 27, 22, 22, 18, 15, 14, 10, 8, 8, 8, 6, 4, 4, 4, 4, 4, 4, 3, 3, 3, 2, 2, 2, 2, 2, 2, 2, 2, 1, 1, 1, 1, 1, 1, 1, 1, 1, 1, 1, 1, 1, 1, 1, 1, 1, 1, 1, 1, 1, 1, 1, 1, 1, 1, 1, 1, 1, 1, 1, 1, 1, 1, 1
exp, 137, 244, 281, 307, 337, 355, 353, 348, 339, 309, 286, 285, 268, 251, 228, 217, 202, 186, 181, 175, 156, 140, 128, 122, 116, 104, 96, 87, 82, 73, 68, 64, 62, 56, 50, 47, 41, 37, 34, 31, 28, 24, 22, 18, 17, 16, 15, 15, 13, 13, 13, 13, 10, 10, 9, 9, 9, 7, 6, 6, 6, 6, 5, 5, 5, 4, 4, 3, 2, 2, 1, 1, 1, 0, 0
inf, 64, 45, 68, 82, 70, 66, 72, 68, 70, 80, 87, 65, 63, 63, 64, 42, 41, 39, 26, 22, 33, 31, 31, 23, 17, 19, 20, 21, 18, 19, 15, 15, 12, 13, 12, 11, 13, 13, 11, 10, 7, 9, 8, 10, 7, 5, 5, 4, 5, 3, 2, 2, 5, 2, 3, 2, 0, 2, 3, 2, 1, 0, 1, 0, 0, 1, 0, 1, 2, 0, 1, 0, 0, 1, 0
dead, 19, 30, 22, 27, 27, 32, 28, 30, 23, 19, 20, 28, 23, 20, 22, 26, 25, 24, 21, 13, 5, 7, 6, 9, 11, 11, 9, 8, 6, 7, 8, 6, 9, 7, 9, 7, 4, 2, 3, 4, 2, 1, 0, 1, 1, 3, 2, 0, 0, 2, 1, 0, 0, 1, 1, 0, 0, 0, 0, 0, 0, 0, 0, 1, 0, 0, 0, 0, 0, 1, 0, 1, 0, 0, 0
rec, 9, 16, 18, 22, 29, 35, 42, 52, 54, 61, 65, 70, 74, 78, 82, 89, 95, 98, 104, 107, 111, 115, 119, 123, 128, 130, 132, 133, 133, 136, 137, 138, 138, 139, 139, 139, 140, 142, 143, 144, 145, 147, 147, 147, 149, 150, 150, 151, 151, 151, 151, 151, 151, 151, 151, 151, 152, 152, 152, 153, 154, 155, 155, 155, 155, 155, 155, 155, 155, 155, 155, 155, 155, 155, 155
rem, 19, 35, 57, 77, 111, 135, 159, 177, 210, 234, 256, 281, 308, 329, 345, 371, 385, 402, 421, 438, 450, 462, 473, 482, 487, 495, 502, 510, 520, 525, 532, 537, 540, 546, 551, 557, 563, 567, 570, 572, 580, 581, 585, 586, 588, 588, 590, 592, 593, 593, 595, 596, 596, 598, 598, 600, 601, 601, 601, 601, 601, 601, 601, 601, 602, 602, 603, 603, 603, 604, 605, 605, 606, 606, 607
timesteps, 0, 1, 2, 3, 4, 5, 6, 7, 8, 9, 10, 11, 12, 13, 14, 15, 16, 17, 18, 19, 20, 21, 22, 23, 24, 25, 26, 27, 28, 29, 30, 31, 32, 33, 34, 35, 36, 37, 38, 39, 40, 41, 42, 43, 44, 45, 46, 47, 48, 49, 50, 51, 52, 53, 54, 55, 57, 58, 60, 61, 62, 63, 64, 65, 66, 67, 76, 77, 78, 79, 80, 82, 83, 84, 102, 103, 119, 122
events, 260, 180, 146, 138, 130, 131, 108, 110, 122, 124, 90, 83, 85, 68, 77, 62, 62, 56, 45, 50, 29, 50, 41, 41, 41, 35, 23, 23, 21, 18, 16, 14, 11, 10, 6, 5, 10, 10, 12, 8, 15, 7, 3, 9, 7, 7, 6, 4, 6, 3, 2, 1, 2, 2, 1, 3, 1, 2, 2, 3, 3, 2, 1, 1, 1, 1, 1, 1, 1, 1, 1, 1, 1, 1, 1, 2, 1, 2
sus, 494, 397, 325, 255, 205, 159, 126, 99, 77, 56, 42, 35, 25, 21, 18, 17, 16, 16, 14, 13, 12, 9, 9, 7, 7, 6, 6, 6, 6, 6, 6, 6, 6, 5, 5, 5, 5, 4, 4, 4, 4, 4, 4, 4, 4, 3, 3, 3, 3, 3, 3, 3, 3, 3, 3, 3, 3, 3, 3, 3, 3, 3, 3, 3, 3, 3, 3, 3, 3, 3, 3, 3, 3, 3, 3, 3, 3, 3
exp, 139, 216, 259, 306, 322, 341, 339, 338, 320, 304, 299, 280, 269, 254, 235, 215, 199, 176, 165, 150, 146, 129, 115, 99, 88, 85, 80, 75, 69, 64, 60, 57, 53, 52, 46, 45, 41, 39, 35, 32, 27, 26, 25, 23, 19, 18, 16, 14, 14, 14, 14, 14, 14, 12, 12, 11, 11, 9, 8, 7, 6, 5, 5, 5, 5, 5, 4, 3, 3, 3, 3, 3, 2, 2, 1, 1, 0, 0
inf, 77, 62, 65, 62, 67, 61, 75, 71, 77, 76, 63, 63, 55, 49, 45, 48, 38, 46, 41, 36, 30, 35, 38, 40, 34, 22, 17, 15, 12, 11, 8, 6, 7, 6, 12, 9, 9, 8, 8, 7, 8, 5, 5, 3, 5, 5, 6, 7, 4, 2, 1, 1, 0, 2, 1, 1, 0, 2, 2, 2, 2, 2, 1, 0, 0, 0, 1, 2, 1, 1, 0, 0, 1, 0, 1, 0, 1, 0
dead, 18, 13, 18, 22, 26, 28, 26, 29, 30, 31, 30, 24, 26, 27, 20, 15, 18, 11, 12, 16, 12, 12, 5, 12, 13, 12, 12, 6, 7, 5, 6, 4, 3, 1, 1, 4, 3, 3, 2, 3, 1, 2, 1, 2, 3, 3, 1, 1, 1, 2, 1, 0, 0, 0, 0, 0, 0, 0, 0, 0, 0, 0, 1, 2, 1, 0, 0, 0, 1, 0, 1, 0, 0, 0, 0, 0, 0, 0
rec, 11, 23, 25, 28, 36, 42, 46, 52, 59, 68, 76, 84, 86, 90, 97, 98, 105, 109, 114, 119, 122, 125, 127, 131, 134, 137, 139, 141, 143, 144, 145, 146, 146, 147, 147, 148, 151, 153, 154, 156, 156, 157, 158, 158, 158, 158, 158, 158, 158, 158, 159, 159, 159, 159, 160, 160, 161, 161, 162, 162, 162, 163, 163, 163, 163, 163, 163, 163, 163, 163, 163, 163, 163, 164, 164, 164, 164, 164
rem, 24, 52, 71, 90, 107, 132, 151, 174, 200, 228, 253, 277, 302, 322, 348, 370, 387, 405, 417, 429, 441, 453, 469, 474, 487, 501, 509, 520, 526, 533, 538, 544, 548, 552, 552, 552, 554, 556, 560, 561, 567, 569, 570, 573, 574, 576, 579, 580, 583, 584, 585, 586, 587, 587, 587, 588, 588, 588, 588, 589, 590, 590, 590, 590, 591, 592, 592, 592, 592, 593, 593, 594, 594, 594, 594, 595, 595, 596
timesteps, 0, 1, 2, 3, 4, 5, 6, 7, 8, 9, 10, 11, 12, 13, 14, 15, 16, 17, 18, 19, 20, 21, 22, 23, 24, 25, 26, 27, 28, 29, 30, 31, 32, 33, 34, 35, 36, 37, 38, 39, 40, 41, 42, 43, 44, 45, 46, 47, 48, 49, 50, 51, 52, 53, 54, 55, 56, 57, 58, 59, 60, 61, 62, 63, 64, 65, 66, 67, 68
events, 165, 124, 176, 138, 133, 117, 127, 96, 123, 108, 113, 85, 99, 98, 75, 76, 73, 65, 71, 58, 55, 55, 53, 37, 36, 29, 25, 20, 36, 22, 15, 25, 13, 13, 15, 9, 8, 10, 10, 11, 8, 10, 6, 7, 11, 5, 12, 4, 3, 5, 8, 6, 1, 3, 3, 4, 1, 1, 3, 2, 3, 1, 1, 1, 1, 4, 1, 1, 2
sus, 570, 501, 398, 328, 259, 211, 162, 143, 112, 84, 65, 51, 34, 29, 22, 18, 12, 12, 7, 6, 6, 6, 5, 4, 4, 4, 4, 4, 4, 3, 3, 3, 3, 2, 2, 2, 2, 2, 2, 2, 2, 2, 2, 2, 2, 2, 2, 2, 2, 2, 2, 2, 2, 2, 2, 2, 2, 2, 2, 2, 2, 2, 2, 2, 2, 2, 2, 2, 2
exp, 100, 149, 226, 270, 317, 336, 354, 340, 341, 338, 325, 311, 305, 276, 262, 242, 231, 216, 201, 177, 164, 143, 129, 117, 109, 105, 94, 86, 76, 73, 69, 60, 58, 54, 50, 49, 46, 42, 38, 35, 34, 31, 29, 26, 23, 20, 18, 17, 17, 14, 11, 8, 8, 7, 7, 7, 6, 6, 5, 4, 4, 3, 3, 2, 1, 1, 1, 0, 0
inf, 57, 55, 56, 59, 53, 59, 67, 72, 69, 70, 68, 79, 68, 73, 65, 60, 53, 46, 38, 47, 36, 37, 38, 37, 29, 19, 24, 25, 21, 17, 15, 17, 12, 14, 14, 10, 10, 10, 9, 6, 5, 5, 4, 6, 5, 7, 4, 3, 1, 3, 3, 4, 3, 3, 2, 1, 2, 1, 1, 2, 0, 1, 0, 1, 2, 0, 0, 1, 0
dead, 13, 14, 14, 14, 20, 23, 17, 25, 25, 29, 32, 21, 23, 17, 25, 29, 22, 12, 17, 14, 18, 20, 10, 11, 11, 13, 10, 11, 12, 9, 7, 5, 6, 5, 1, 1, 2, 3, 5, 8, 5, 3, 4, 2, 1, 1, 1, 1, 1, 1, 1, 2, 3, 3, 2, 0, 0, 1, 1, 0, 0, 0, 1, 1, 1, 1, 0, 0, 0
rec, 8, 16, 19, 23, 31, 34, 39, 43, 47, 54, 57, 59, 66, 71, 74, 80, 85, 89, 94, 97, 99, 103, 104, 108, 112, 113, 114, 115, 116, 118, 121, 121, 123, 123, 124, 126, 126, 127, 129, 130, 130, 131, 132, 132, 133, 133, 133, 134, 135, 135, 136, 136, 136, 136, 136, 136, 136, 136, 136, 136, 137, 137, 137, 137, 137, 137, 137, 137, 137
rem, 15, 28, 50, 69, 83, 100, 124, 140, 169, 188, 216, 242, 267, 297, 315, 334, 360, 388, 406, 422, 440, 454, 477, 486, 498, 509, 517, 522, 534, 543, 548, 557, 561, 565, 572, 575, 577, 579, 580, 582, 587, 591, 592, 595, 599, 600, 605, 606, 607, 608, 610, 611, 611, 612, 614, 617, 617, 617, 618, 619, 620, 620, 620, 620, 620, 622, 623, 623, 624
timesteps, 0, 1, 2, 3, 4, 5, 6, 7, 8, 9, 10, 11, 12, 13, 14, 15, 16, 17, 18, 19, 20, 21, 22, 23, 24, 25, 26, 27, 28, 29, 30, 31, 32, 33, 34, 35, 36, 37, 38, 39, 40, 41, 42, 43, 44, 45, 46, 47, 48, 49, 50, 51, 52, 53, 54, 55, 56, 58, 59, 60, 68, 69, 71, 72, 86, 87, 88, 89
events, 216, 178, 174, 131, 168, 114, 144, 114, 100, 78, 98, 78, 82, 94, 85, 66, 56, 51, 47, 53, 43, 36, 46, 39, 37, 23, 30, 31, 26, 32, 15, 20, 10, 15, 11, 11, 8, 2, 4, 7, 9, 15, 11, 6, 7, 6, 3, 3, 2, 3, 5, 4, 2, 2, 1, 1, 2, 1, 2, 3, 2, 4, 1, 2, 1, 1, 1, 2
sus, 518, 410, 320, 258, 190, 158, 109, 84, 68, 57, 43, 34, 26, 21, 16, 15, 12, 9, 8, 7, 7, 7, 6, 3, 3, 2, 2, 2, 2, 2, 2, 1, 1, 1, 1, 1, 1, 1, 1, 1, 1, 1, 1, 1, 1, 1, 1, 1, 1, 1, 1, 1, 1, 1, 1, 1, 1, 1, 1, 1, 1, 1, 1, 1, 1, 1, 1, 1
exp, 120, 207, 271, 304, 333, 335, 354, 346, 331, 315, 306, 294, 279, 247, 231, 216, 203, 190, 177, 162, 146, 131, 120, 111, 101, 92, 88, 77, 69, 59, 53, 53, 50, 46, 42, 39, 37, 37, 35, 31, 28, 21, 19, 18, 16, 14, 14, 13, 13, 11, 10, 9, 9, 9, 8, 7, 6, 5, 5, 5, 3, 3, 2, 2, 1, 1, 0, 0
inf, 78, 70, 63, 66, 71, 73, 67, 71, 73, 77, 68, 57, 55, 62, 52, 43, 37, 36, 33, 31, 34, 37, 28, 30, 26, 31, 23, 21, 21, 19, 21, 13, 11, 10, 8, 7, 6, 6, 7, 10, 8, 10, 4, 3, 3, 4, 3, 4, 2, 3, 2, 2, 1, 0, 1, 2, 2, 3, 1, 0, 2, 0, 1, 0, 1, 0, 1, 0
dead, 17, 23, 24, 27, 30, 29, 29, 26, 23, 25, 19, 29, 22, 25, 20, 16, 16, 14, 14, 11, 10, 10, 17, 13, 14, 12, 8, 12, 8, 9, 6, 3, 6, 5, 6, 5, 3, 1, 1, 0, 2, 3, 8, 6, 5, 3, 2, 0, 1, 1, 1, 0, 0, 0, 0, 0, 0, 0, 1, 0, 0, 0, 0, 0, 0, 0, 0, 0
rec, 11, 14, 21, 30, 34, 39, 46, 51, 59, 63, 72, 78, 84, 89, 97, 102, 109, 113, 115, 118, 118, 121, 123, 123, 123, 123, 125, 127, 129, 130, 132, 135, 135, 135, 139, 140, 142, 142, 142, 142, 144, 145, 147, 148, 148, 148, 148, 148, 149, 150, 150, 150, 150, 150, 150, 150, 151, 151, 152, 152, 152, 152, 152, 152, 152, 153, 153, 153
rem, 19, 39, 64, 78, 105, 129, 158, 185, 209, 226, 255, 271, 297, 319, 347, 371, 386, 401, 416, 434, 448, 457, 469, 483, 496, 503, 517, 524, 534, 544, 549, 558, 560, 566, 567, 571, 574, 576, 577, 579, 580, 583, 584, 587, 590, 593, 595, 597, 597, 597, 599, 601, 602, 603, 603, 603, 603, 603, 603, 605, 605, 607, 607, 608, 608, 608, 608, 609
timesteps, 0, 1, 2, 3, 4, 5, 6, 7, 8, 9, 10, 11, 12, 13, 14, 15, 16, 17, 18, 19, 20, 21, 22, 23, 24, 25, 26, 27, 28, 29, 30, 31, 32, 33, 34, 35, 36, 37, 38, 39, 40, 41, 42, 43, 44, 45, 46, 47, 48, 49, 50, 51, 52, 53, 54, 55, 56, 57, 58, 59, 64, 65, 66, 67, 68, 70, 71, 74, 76, 85, 88, 89
events, 234, 234, 111, 149, 124, 154, 113, 113, 117, 118, 90, 91, 104, 87, 71, 70, 66, 56, 39, 36, 53, 32, 37, 33, 31, 31, 20, 12, 15, 11, 20, 14, 23, 21, 18, 14, 14, 11, 9, 12, 10, 4, 8, 5, 1, 4, 5, 4, 4, 1, 2, 2, 3, 3, 1, 4, 1, 2, 1, 2, 1, 2, 2, 2, 1, 2, 1, 1, 2, 1, 1, 1
sus, 509, 370, 322, 263, 216, 162, 133, 111, 88, 68, 57, 47, 32, 23, 21, 16, 14, 12, 11, 10, 9, 7, 5, 5, 5, 5, 4, 4, 4, 4, 4, 4, 4, 4, 3, 3, 3, 3, 3, 3, 3, 3, 3, 3, 3, 3, 3, 3, 3, 3, 3, 3, 2, 2, 2, 2, 2, 2, 2, 2, 2, 2, 2, 2, 2, 2, 2, 2, 2, 2, 2, 2
exp, 127, 244, 273, 296, 305, 327, 325, 309, 305, 286, 278, 262, 247, 236, 212, 194, 178, 165, 151, 140, 127, 118, 112, 100, 94, 89, 86, 85, 78, 71, 65, 60, 47, 40, 38, 34, 32, 30, 26, 23, 20, 19, 19, 17, 17, 15, 15, 14, 12, 12, 11, 10, 10, 8, 8, 8, 7, 7, 7, 7, 6, 4, 4, 3, 3, 2, 2, 1, 1, 0, 0, 0
inf, 78, 61, 54, 65, 79, 70, 69, 79, 69, 72, 61, 59, 56, 45, 52, 45, 42, 36, 40, 41, 34, 35, 29, 29, 21, 13, 11, 6, 9, 13, 13, 11, 21, 19, 12, 12, 9, 7, 8, 7, 6, 6, 2, 2, 2, 3, 1, 1, 2, 1, 1, 2, 2, 3, 3, 1, 2, 1, 1, 0, 1, 3, 2, 2, 1, 2, 1, 2, 0, 1, 0, 0
dead, 18, 19, 21, 15, 20, 24, 30, 28, 31, 39, 30, 26, 28, 27, 18, 30, 23, 18, 16, 14, 14, 13, 12, 11, 11, 9, 5, 5, 5, 6, 3, 7, 3, 6, 10, 8, 6, 4, 4, 3, 3, 2, 2, 3, 2, 2, 1, 0, 0, 1, 1, 0, 1, 2, 1, 1, 1, 1, 0, 0, 0, 0, 0, 0, 1, 0, 0, 0, 0, 0, 1, 0
rec, 13, 17, 23, 25, 29, 39, 44, 49, 53, 58, 67, 72, 77, 82, 86, 92, 95, 103, 104, 105, 109, 111, 113, 117, 120, 122, 123, 124, 124, 125, 126, 127, 127, 128, 130, 130, 130, 131, 132, 132, 133, 133, 133, 133, 133, 133, 133, 133, 133, 133, 134, 134, 134, 134, 134, 134, 134, 134, 134, 134, 134, 134, 134, 135, 135, 135, 136, 136, 138, 138, 138, 138
rem, 18, 52, 70, 99, 114, 141, 162, 187, 217, 240, 270, 297, 323, 350, 374, 386, 411, 429, 441, 453, 470, 479, 492, 501, 512, 525, 534, 539, 543, 544, 552, 554, 561, 566, 570, 576, 583, 588, 590, 595, 598, 600, 604, 605, 606, 607, 610, 612, 613, 613, 613, 614, 614, 614, 615, 617, 617, 618, 619, 620, 620, 620, 621, 621, 621, 622, 622, 622, 622, 622, 622, 623
timesteps, 0, 1, 2, 3, 4, 5, 6, 7, 8, 9, 10, 11, 12, 13, 14, 15, 16, 17, 18, 19, 20, 21, 22, 23, 24, 25, 26, 27, 28, 29, 30, 31, 32, 33, 34, 35, 36, 37, 38, 39, 40, 41, 42, 43, 44, 45, 46, 47, 48, 49, 50, 51, 52, 53, 54, 55, 56, 59, 60, 62, 64, 67, 75, 77, 78, 79, 80
events, 244, 182, 181, 147, 128, 106, 109, 110, 110, 103, 90, 84, 95, 97, 80, 52, 60, 77, 56, 60, 46, 38, 34, 34, 28, 27, 33, 18, 27, 16, 10, 17, 14, 8, 15, 13, 10, 4, 5, 10, 10, 6, 7, 8, 3, 3, 5, 2, 2, 2, 4, 3, 6, 2, 1, 2, 2, 2, 1, 1, 1, 2, 1, 1, 1, 1, 1
sus, 489, 383, 297, 227, 184, 158, 128, 110, 84, 65, 53, 47, 39, 33, 21, 19, 18, 13, 11, 10, 9, 9, 8, 8, 8, 6, 6, 6, 5, 5, 4, 4, 4, 4, 4, 4, 4, 4, 4, 4, 4, 4, 4, 4, 4, 4, 4, 4, 4, 4, 4, 4, 4, 4, 4, 4, 4, 4, 4, 4, 4, 4, 4, 4, 4, 4, 4
exp, 144, 226, 288, 331, 344, 341, 340, 321, 320, 305, 285, 268, 247, 224, 216, 207, 187, 163, 149, 138, 130, 118, 108, 99, 89, 86, 76, 70, 62, 58, 55, 50, 44, 41, 35, 34, 32, 29, 26, 25, 24, 19, 16, 15, 15, 13, 13, 12, 12, 10, 9, 7, 5, 5, 4, 4, 4, 4, 3, 3, 2, 2, 1, 1, 0, 0, 0
inf, 83, 77, 57, 58, 62, 62, 66, 74, 69, 74, 81, 74, 70, 67, 60, 51, 49, 56, 52, 33, 26, 27, 26, 20, 22, 16, 17, 16, 16, 11, 13, 11, 12, 11, 12, 6, 5, 8, 10, 5, 2, 7, 7, 4, 2, 4, 1, 1, 0, 2, 2, 3, 2, 2, 3, 2, 1, 0, 1, 0, 1, 0, 1, 0, 1, 0, 0
dead, 21, 24, 34, 31, 19, 21, 21, 16, 19, 23, 25, 24, 25, 21, 22, 18, 20, 15, 13, 24, 18, 13, 12, 13, 10, 11, 4, 4, 3, 6, 4, 4, 4, 5, 6, 6, 3, 2, 1, 3, 1, 0, 2, 1, 1, 0, 1, 2, 1, 1, 0, 0, 2, 0, 0, 0, 0, 0, 0, 0, 0, 0, 0, 0, 0, 1, 0
rec, 9, 14, 21, 26, 35, 40, 46, 54, 58, 62, 64, 70, 77, 83, 88, 93, 99, 105, 109, 113, 115, 116, 119, 123, 124, 125, 127, 129, 131, 134, 135, 137, 139, 141, 141, 143, 144, 144, 145, 146, 147, 147, 147, 149, 150, 150, 150, 150, 151, 151, 151, 152, 152, 152, 152, 152, 152, 152, 152, 153, 153, 153, 153, 154, 154, 154, 154
rem, 17, 39, 66, 90, 119, 141, 162, 188, 213, 234, 255, 280, 305, 335, 356, 375, 390, 411, 429, 445, 465, 480, 490, 500, 510, 519, 533, 538, 546, 549, 552, 557, 560, 561, 565, 570, 575, 576, 577, 580, 585, 586, 587, 590, 591, 592, 594, 594, 595, 595, 597, 597, 598, 600, 600, 601, 602, 603, 603, 603, 603, 604, 604, 604, 604, 604, 605
timesteps, 0, 1, 2, 3, 4, 5, 6, 7, 8, 9, 10, 11, 12, 13, 14, 15, 16, 17, 18, 19, 20, 21, 22, 23, 24, 25, 26, 27, 28, 29, 30, 31, 32, 33, 34, 35, 36, 37, 38, 39, 40, 41, 42, 43, 44, 45, 46, 47, 48, 49, 50, 51, 52, 53, 54, 55, 56, 57, 58, 59, 60, 61, 62, 64, 65, 66, 67, 68, 69, 72, 74, 76
events, 157, 204, 135, 114, 141, 124, 135, 116, 115, 91, 91, 75, 60, 77, 62, 77, 79, 73, 81, 58, 48, 49, 43, 39, 37, 29, 29, 25, 25, 19, 14, 19, 20, 14, 19, 19, 13, 14, 12, 15, 14, 6, 19, 3, 7, 8, 4, 4, 6, 3, 2, 4, 8, 3, 3, 6, 3, 3, 1, 1, 1, 2, 1, 1, 2, 3, 3, 2, 1, 1, 1, 1
sus, 561, 429, 355, 303, 244, 197, 150, 122, 101, 85, 66, 57, 53, 43, 35, 29, 22, 18, 13, 11, 11, 11, 9, 9, 7, 7, 7, 6, 6, 6, 6, 6, 6, 6, 6, 6, 6, 6, 6, 5, 5, 5, 5, 5, 5, 4, 4, 4, 4, 4, 4, 4, 4, 4, 4, 4, 4, 4, 4, 4, 4, 4, 4, 4, 4, 4, 4, 4, 4, 4, 4, 4
exp, 94, 209, 269, 291, 322, 330, 354, 338, 327, 322, 326, 314, 297, 283, 263, 238, 223, 205, 197, 179, 165, 156, 140, 131, 118, 111, 103, 99, 90, 86, 82, 74, 69, 63, 57, 53, 49, 42, 39, 34, 30, 28, 26, 26, 24, 22, 21, 20, 17, 16, 15, 12, 11, 10, 9, 7, 7, 7, 6, 6, 5, 5, 5, 4, 3, 2, 1, 1, 1, 0, 0, 0
inf, 77, 57, 47, 61, 56, 74, 59, 81, 76, 68, 51, 51, 53, 54, 71, 79, 73, 69, 42, 43, 38, 26, 32, 25, 31, 24, 24, 18, 19, 14, 14, 17, 13, 14, 14, 10, 9, 12, 11, 12, 10, 11, 4, 3, 2, 3, 3, 2, 3, 3, 3, 5, 3, 3, 3, 4, 2, 1, 2, 1, 2, 1, 1, 2, 2, 1, 2, 0, 0, 1, 0, 0
dead, 9, 24, 21, 19, 25, 25, 29, 24, 27, 25, 26, 16, 18, 18, 13, 14, 14, 14, 20, 19, 21, 19, 18, 14, 12, 17, 10, 9, 8, 8, 6, 4, 5, 6, 5, 5, 5, 6, 3, 5, 4, 2, 3, 1, 2, 2, 1, 2, 2, 2, 3, 4, 3, 3, 3, 1, 1, 0, 0, 1, 1, 1, 0, 0, 0, 2, 0, 1, 0, 0, 1, 0
rec, 6, 10, 14, 16, 22, 26, 33, 38, 47, 53, 59, 66, 67, 70, 71, 76, 82, 87, 98, 101, 103, 107, 109, 115, 115, 116, 118, 122, 123, 126, 126, 127, 129, 130, 130, 131, 132, 132, 134, 134, 137, 137, 137, 138, 138, 138, 138, 138, 139, 139, 139, 139, 139, 139, 139, 139, 140, 140, 140, 140, 140, 140, 140, 140, 141, 141, 141, 142, 142, 142, 142, 142
rem, 16, 34, 57, 73, 94, 111, 138, 160, 185, 210, 235, 259, 275, 295, 310, 327, 349, 370, 393, 410, 425, 444, 455, 469, 480, 488, 501, 509, 517, 523, 529, 535, 541, 544, 551, 558, 562, 565, 570, 573, 577, 580, 588, 590, 592, 594, 596, 597, 598, 599, 599, 599, 603, 604, 605, 608, 609, 611, 611, 611, 611, 612, 613, 613, 613, 613, 615, 615, 616, 616, 616, 617
timesteps, 0, 1, 2, 3, 4, 5, 6, 7, 8, 9, 10, 11, 12, 13, 14, 15, 16, 17, 18, 19, 20, 21, 22, 23, 24, 25, 26, 27, 28, 29, 30, 31, 32, 33, 34, 35, 36, 37, 38, 39, 40, 41, 42, 43, 44, 45, 46, 47, 48, 49, 50, 51, 52, 53, 54, 55, 56, 57, 58, 59, 61, 68, 70, 71, 75, 77, 80, 81
events, 232, 207, 174, 152, 136, 133, 111, 114, 93, 83, 115, 84, 70, 69, 84, 60, 63, 49, 73, 53, 64, 52, 21, 35, 37, 21, 25, 14, 19, 19, 18, 20, 18, 9, 28, 11, 6, 10, 6, 12, 13, 5, 3, 5, 1, 3, 6, 4, 2, 9, 5, 1, 3, 2, 3, 1, 3, 1, 2, 2, 1, 1, 3, 1, 1, 2, 1, 2
sus, 505, 386, 292, 231, 177, 131, 100, 74, 61, 49, 36, 30, 24, 22, 16, 15, 12, 12, 9, 6, 4, 3, 3, 3, 3, 3, 3, 3, 3, 3, 3, 3, 3, 3, 2, 2, 2, 2, 2, 1, 1, 1, 1, 1, 1, 1, 1, 1, 1, 1, 1, 1, 1, 1, 1, 1, 1, 1, 1, 1, 1, 1, 1, 1, 1, 1, 1, 1
exp, 149, 238, 304, 328, 349, 358, 364, 365, 349, 336, 313, 285, 272, 247, 231, 213, 198, 183, 167, 150, 134, 127, 120, 108, 99, 95, 84, 79, 70, 65, 59, 55, 49, 44, 38, 36, 35, 28, 25, 24, 22, 21, 19, 19, 19, 17, 14, 11, 11, 9, 9, 9, 8, 7, 6, 6, 5, 4, 4, 4, 3, 2, 1, 1, 1, 1, 0, 0
inf, 60, 59, 54, 62, 71, 80, 72, 64, 69, 64, 62, 71, 59, 62, 52, 52, 46, 45, 42, 46, 38, 24, 24, 26, 17, 12, 18, 17, 19, 14, 15, 11, 11, 12, 9, 6, 5, 11, 11, 7, 4, 4, 6, 3, 2, 3, 4, 7, 6, 4, 1, 1, 1, 2, 2, 1, 1, 2, 1, 0, 1, 2, 2, 1, 1, 0, 1, 0
dead, 22, 24, 29, 29, 24, 27, 31, 24, 18, 23, 22, 17, 26, 26, 31, 24, 27, 20, 12, 13, 15, 13, 11, 5, 10, 9, 3, 5, 6, 10, 7, 7, 5, 8, 7, 7, 4, 3, 3, 6, 5, 2, 1, 1, 1, 2, 2, 1, 1, 2, 2, 1, 1, 0, 0, 1, 0, 0, 0, 0, 0, 0, 0, 1, 0, 0, 0, 0
rec, 13, 15, 24, 28, 32, 35, 42, 52, 55, 64, 75, 86, 94, 102, 105, 110, 113, 118, 119, 120, 126, 129, 131, 134, 137, 139, 141, 142, 145, 147, 148, 148, 150, 151, 152, 153, 155, 155, 158, 158, 158, 159, 159, 160, 161, 161, 162, 162, 162, 162, 163, 163, 163, 163, 163, 163, 164, 164, 164, 164, 164, 164, 164, 164, 164, 164, 164, 164
rem, 14, 41, 60, 85, 110, 132, 154, 184, 211, 227, 255, 274, 288, 304, 328, 349, 367, 385, 414, 428, 446, 467, 474, 487, 497, 505, 514, 517, 520, 524, 531, 539, 545, 545, 555, 559, 562, 564, 564, 567, 573, 576, 577, 579, 579, 579, 580, 581, 582, 585, 587, 588, 589, 590, 591, 591, 592, 592, 593, 594, 594, 594, 595, 595, 596, 597, 597, 598
timesteps, 0, 1, 2, 3, 4, 5, 6, 7, 8, 9, 10, 11, 12, 13, 14, 15, 16, 17, 18, 19, 20, 21, 22, 23, 24, 25, 26, 27, 28, 29, 30, 31, 32, 33, 34, 35, 36, 37, 38, 39, 40, 41, 42, 43, 44, 45, 46, 47, 48, 49, 50, 51, 52, 53, 54, 55, 56, 57, 58, 60, 61, 62, 64, 66, 67, 68, 69, 70, 73, 74, 75, 81, 82, 83
events, 228, 143, 137, 131, 114, 91, 110, 163, 128, 110, 122, 96, 89, 76, 83, 60, 61, 59, 55, 64, 62, 42, 33, 41, 41, 28, 19, 20, 20, 16, 21, 17, 21, 10, 16, 14, 22, 17, 11, 9, 11, 16, 7, 4, 4, 6, 2, 1, 2, 3, 4, 4, 5, 2, 6, 5, 3, 5, 4, 3, 2, 1, 3, 2, 2, 1, 4, 1, 1, 1, 1, 1, 1, 1
sus, 523, 438, 361, 299, 251, 224, 191, 139, 104, 83, 57, 46, 34, 24, 22, 19, 18, 14, 12, 11, 9, 7, 6, 6, 4, 2, 2, 2, 2, 2, 2, 2, 2, 2, 2, 2, 2, 2, 2, 2, 2, 2, 2, 2, 2, 2, 2, 2, 2, 2, 2, 2, 2, 2, 2, 2, 2, 2, 2, 2, 2, 2, 2, 2, 2, 2, 2, 2, 2, 2, 2, 2, 2, 2
exp, 141, 207, 264, 301, 320, 315, 318, 326, 330, 320, 314, 303, 290, 273, 253, 236, 215, 204, 179, 165, 149, 143, 134, 124, 115, 110, 106, 101, 94, 88, 81, 78, 68, 63, 56, 55, 46, 42, 39, 34, 32, 30, 29, 27, 25, 22, 22, 21, 21, 20, 18, 18, 15, 14, 13, 10, 9, 8, 8, 6, 6, 6, 5, 3, 3, 2, 2, 2, 1, 1, 1, 0, 0, 0
inf, 52, 51, 47, 46, 58, 70, 71, 72, 66, 71, 69, 56, 59, 63, 49, 50, 52, 43, 56, 43, 44, 34, 35, 27, 24, 19, 16, 15, 14, 13, 12, 8, 12, 14, 15, 9, 12, 7, 8, 10, 7, 3, 1, 3, 3, 4, 3, 4, 2, 2, 3, 1, 3, 3, 2, 3, 3, 1, 0, 2, 0, 0, 1, 3, 2, 3, 0, 0, 1, 0, 0, 1, 0, 0
dead, 20, 16, 18, 21, 18, 19, 20, 32, 37, 25, 27, 28, 17, 18, 22, 17, 13, 18, 18, 22, 11, 14, 8, 12, 8, 9, 8, 4, 4, 8, 7, 7, 8, 7, 8, 7, 6, 8, 4, 5, 6, 3, 3, 1, 1, 2, 1, 1, 2, 2, 2, 2, 1, 2, 1, 3, 2, 4, 2, 1, 3, 2, 0, 0, 0, 0, 1, 0, 0, 1, 0, 0, 1, 0
rec, 9, 14, 20, 25, 25, 32, 42, 49, 56, 62, 64, 70, 73, 79, 88, 94, 100, 103, 105, 109, 112, 113, 115, 116, 120, 124, 124, 125, 128, 128, 131, 131, 131, 133, 135, 137, 137, 140, 140, 141, 141, 142, 142, 142, 144, 144, 145, 145, 146, 146, 146, 146, 147, 147, 147, 147, 148, 148, 148, 148, 148, 148, 148, 148, 148, 148, 149, 149, 149, 149, 149, 149, 149, 149
rem, 18, 37, 53, 71, 91, 103, 121, 145, 170, 202, 232, 260, 290, 306, 329, 347, 365, 381, 393, 413, 438, 452, 465, 478, 492, 499, 507, 516, 521, 524, 530, 537, 542, 544, 547, 553, 560, 564, 570, 571, 575, 583, 586, 588, 588, 589, 590, 590, 590, 591, 592, 594, 595, 595, 598, 598, 599, 600, 603, 604, 604, 605, 607, 607, 608, 608, 609, 610, 610, 610, 611, 611, 611, 612
timesteps, 0, 1, 2, 3, 4, 5, 6, 7, 8, 9, 10, 11, 12, 13, 14, 15, 16, 17, 18, 19, 20, 21, 22, 23, 24, 25, 26, 27, 28, 29, 30, 31, 32, 33, 34, 35, 36, 37, 38, 39, 40, 41, 42, 43, 44, 45, 46, 47, 48, 49, 50, 51, 52, 53, 54, 55, 56, 57, 58, 59, 60, 61, 62, 70, 71, 96, 98, 101
events, 189, 172, 136, 137, 138, 130, 102, 99, 121, 113, 107, 90, 89, 78, 72, 67, 61, 67, 44, 48, 44, 36, 41, 64, 47, 39, 31, 35, 26, 13, 17, 12, 15, 24, 15, 19, 22, 15, 13, 10, 7, 11, 5, 3, 2, 4, 5, 6, 6, 5, 2, 5, 5, 4, 1, 2, 4, 3, 2, 4, 3, 1, 1, 1, 1, 1, 1, 1
sus, 540, 431, 363, 300, 246, 194, 162, 135, 106, 80, 62, 52, 46, 39, 30, 22, 18, 15, 13, 11, 9, 9, 7, 6, 6, 5, 5, 4, 4, 3, 3, 3, 3, 2, 2, 2, 2, 2, 2, 2, 2, 2, 2, 2, 2, 2, 2, 1, 1, 1, 1, 1, 1, 1, 1, 1, 1, 1, 1, 1, 1, 1, 1, 1, 1, 1, 1, 1
exp, 113, 211, 250, 282, 309, 326, 333, 329, 329, 324, 318, 301, 280, 262, 251, 238, 229, 208, 198, 185, 173, 157, 143, 121, 105, 98, 90, 85, 80, 79, 67, 63, 60, 55, 48, 41, 34, 30, 28, 26, 25, 23, 22, 22, 21, 19, 16, 16, 14, 12, 10, 10, 9, 8, 7, 7, 5, 4, 4, 3, 2, 2, 2, 1, 1, 0, 0, 0
inf, 68, 48, 61, 65, 60, 72, 67, 79, 66, 69, 52, 57, 53, 51, 48, 46, 33, 40, 35, 33, 32, 35, 38, 41, 39, 29, 26, 19, 15, 14, 23, 21, 18, 13, 15, 14, 15, 13, 8, 7, 5, 3, 2, 1, 2, 3, 5, 3, 3, 4, 6, 3, 3, 2, 3, 1, 2, 2, 1, 1, 1, 0, 0, 1, 0, 1, 0, 0
dead, 19, 23, 12, 15, 18, 15, 24, 18, 29, 24, 33, 22, 21, 24, 20, 19, 20, 11, 12, 11, 8, 13, 13, 12, 14, 19, 15, 11, 7, 3, 2, 4, 2, 4, 5, 8, 4, 4, 6, 4, 4, 2, 2, 1, 0, 0, 0, 2, 2, 1, 1, 2, 0, 0, 0, 1, 1, 1, 1, 0, 0, 1, 0, 0, 0, 0, 1, 0
rec, 5, 11, 15, 23, 27, 33, 39, 42, 52, 57, 65, 67, 74, 79, 86, 95, 102, 105, 108, 112, 117, 118, 121, 122, 125, 126, 129, 131, 132, 132, 134, 136, 138, 141, 142, 143, 144, 145, 146, 146, 146, 147, 147, 147, 147, 147, 147, 147, 147, 147, 147, 147, 147, 148, 148, 149, 149, 149, 149, 149, 149, 149, 149, 149, 150, 150, 150, 150
rem, 18, 39, 62, 78, 103, 123, 138, 160, 181, 209, 233, 264, 289, 308, 328, 343, 361, 384, 397, 411, 424, 431, 441, 461, 474, 486, 498, 513, 525, 532, 534, 536, 542, 548, 551, 555, 564, 569, 573, 578, 581, 586, 588, 590, 591, 592, 593, 594, 596, 598, 598, 600, 603, 604, 604, 604, 605, 606, 607, 609, 610, 610, 611, 611, 611, 611, 611, 612
timesteps, 0, 1, 2, 3, 4, 5, 6, 7, 8, 9, 10, 11, 12, 13, 14, 15, 16, 17, 18, 19, 20, 21, 22, 23, 24, 25, 26, 27, 28, 29, 30, 31, 32, 33, 34, 35, 36, 37, 38, 39, 40, 41, 42, 43, 44, 45, 46, 47, 48, 49, 50, 51, 52, 53, 55, 57, 58, 60, 61, 62, 63, 64, 65, 66, 68, 70, 72, 73, 84, 89, 92, 96, 98, 102, 103
events, 249, 184, 125, 143, 108, 137, 104, 102, 114, 106, 105, 75, 95, 87, 75, 78, 77, 44, 56, 55, 54, 40, 31, 36, 29, 30, 29, 19, 29, 24, 14, 12, 22, 16, 12, 19, 13, 17, 13, 9, 10, 6, 11, 11, 10, 4, 4, 7, 9, 2, 6, 3, 2, 1, 2, 2, 1, 1, 2, 2, 4, 2, 2, 3, 1, 1, 1, 1, 1, 2, 1, 1, 1, 2, 1
sus, 500, 398, 345, 276, 231, 179, 148, 117, 89, 72, 59, 50, 37, 30, 26, 22, 19, 18, 14, 13, 10, 9, 7, 6, 5, 5, 5, 5, 5, 5, 5, 5, 5, 5, 5, 4, 4, 4, 4, 4, 3, 3, 2, 2, 2, 2, 2, 2, 1, 1, 1, 1, 1, 1, 1, 1, 1, 1, 1, 1, 1, 1, 1, 0, 0, 0, 0, 0, 0, 0, 0, 0, 0, 0, 0
exp, 145, 229, 254, 296, 317, 343, 343, 346, 342, 326, 307, 294, 278, 262, 239, 224, 200, 191, 174, 160, 149, 141, 136, 128, 117, 110, 99, 91, 87, 77, 73, 66, 61, 55, 48, 45, 41, 39, 36, 34, 32, 27, 24, 21, 20, 20, 19, 13, 13, 12, 10, 10, 10, 10, 10, 9, 8, 8, 7, 6, 5, 3, 3, 3, 3, 3, 3, 3, 2, 2, 1, 0, 0, 0, 0
inf, 65, 49, 57, 56, 57, 52, 58, 60, 66, 70, 69, 65, 63, 51, 58, 46, 48, 41, 48, 44, 35, 27, 22, 19, 21, 20, 22, 23, 11, 16, 13, 17, 13, 15, 18, 14, 14, 8, 6, 4, 4, 9, 10, 7, 3, 3, 2, 7, 3, 4, 4, 3, 2, 1, 0, 1, 2, 1, 1, 1, 1, 3, 1, 1, 1, 1, 0, 0, 1, 0, 1, 2, 1, 0, 0
dead, 19, 19, 14, 19, 23, 21, 22, 26, 22, 17, 18, 21, 24, 31, 22, 22, 20, 18, 10, 9, 13, 15, 13, 10, 14, 5, 3, 3, 10, 6, 7, 8, 7, 5, 8, 9, 6, 7, 4, 3, 3, 2, 1, 4, 4, 0, 0, 0, 2, 1, 1, 0, 0, 1, 1, 0, 0, 0, 1, 1, 0, 0, 1, 2, 1, 0, 1, 0, 0, 0, 0, 0, 1, 1, 0
rec, 11, 15, 16, 20, 23, 28, 35, 40, 42, 49, 54, 59, 65, 71, 76, 83, 88, 91, 96, 96, 101, 103, 107, 108, 108, 110, 112, 115, 115, 115, 118, 118, 120, 120, 120, 121, 123, 123, 126, 128, 128, 128, 129, 130, 131, 131, 132, 133, 134, 134, 134, 134, 134, 134, 134, 134, 134, 135, 135, 136, 136, 136, 137, 137, 137, 137, 137, 137, 137, 137, 137, 137, 137, 137, 137
rem, 23, 53, 77, 96, 112, 140, 157, 174, 202, 229, 256, 274, 296, 318, 342, 366, 388, 404, 421, 441, 455, 468, 478, 492, 498, 513, 522, 526, 535, 544, 547, 549, 557, 563, 564, 570, 575, 582, 587, 590, 593, 594, 597, 599, 603, 607, 608, 608, 610, 611, 613, 615, 616, 616, 617, 618, 618, 618, 618, 618, 620, 620, 620, 620, 621, 622, 622, 623, 623, 624, 624, 624, 624, 625, 626
