timesteps, 0, 1, 2, 3, 4, 5, 6, 7, 8, 9, 10, 11, 12, 13, 14, 15, 16, 17, 18, 19, 20, 21, 22, 23, 24, 25, 26, 27, 28, 29, 30, 31, 32, 33, 34, 35, 36, 37, 38, 39, 40, 41, 42, 43, 44, 45, 46, 47, 48, 51, 52, 54, 55, 56, 57, 58, 75, 76, 77, 80
events, 334, 214, 199, 149, 134, 120, 114, 113, 86, 88, 70, 88, 68, 73, 89, 70, 61, 53, 54, 51, 36, 38, 32, 35, 32, 39, 20, 17, 21, 24, 16, 14, 16, 16, 6, 5, 12, 9, 9, 5, 4, 4, 4, 4, 1, 1, 4, 4, 4, 2, 5, 3, 2, 1, 3, 2, 1, 2, 1, 2
sus, 418, 291, 184, 125, 82, 55, 39, 24, 19, 10, 8, 4, 3, 3, 2, 1, 1, 1, 0, 0, 0, 0, 0, 0, 0, 0, 0, 0, 0, 0, 0, 0, 0, 0, 0, 0, 0, 0, 0, 0, 0, 0, 0, 0, 0, 0, 0, 0, 0, 0, 0, 0, 0, 0, 0, 0, 0, 0, 0, 0
exp, 215, 319, 391, 419, 429, 424, 400, 379, 362, 347, 321, 294, 277, 245, 224, 204, 181, 166, 153, 141, 128, 115, 104, 94, 82, 73, 67, 62, 56, 48, 42, 39, 34, 31, 30, 28, 23, 20, 18, 16, 15, 13, 13, 13, 12, 12, 9, 8, 8, 6, 5, 4, 3, 3, 2, 2, 1, 1, 0, 0
inf, 89, 76, 77, 73, 75, 69, 79, 83, 69, 59, 67, 69, 63, 71, 61, 51, 55, 49, 41, 31, 30, 32, 32, 28, 26, 22, 20, 17, 16, 15, 15, 12, 10, 7, 6, 6, 7, 7, 5, 5, 4, 5, 3, 1, 2, 1, 3, 1, 0, 2, 1, 1, 1, 1, 1, 0, 1, 0, 1, 0
dead, 8, 8, 11, 12, 9, 17, 11, 9, 11, 14, 13, 15, 11, 13, 6, 14, 10, 4, 6, 6, 10, 4, 3, 2, 5, 0, 2, 3, 1, 1, 2, 2, 3, 1, 0, 0, 1, 1, 0, 0, 1, 1, 0, 0, 0, 0, 1, 2, 0, 0, 0, 0, 1, 0, 0, 0, 0, 0, 0, 0
rec, 5, 13, 21, 31, 38, 45, 53, 57, 68, 78, 79, 82, 85, 90, 95, 101, 105, 115, 118, 123, 124, 127, 129, 133, 138, 139, 139, 142, 143, 145, 146, 147, 149, 150, 150, 151, 151, 151, 153, 154, 154, 154, 155, 155, 155, 156, 156, 158, 158, 158, 158, 158, 158, 158, 158, 158, 158, 158, 158, 158
rem, 28, 56, 79, 103, 130, 153, 181, 211, 234, 255, 275, 299, 324, 341, 375, 392, 411, 428, 445, 462, 471, 485, 495, 506, 512, 529, 535, 539, 547, 554, 558, 563, 567, 574, 577, 578, 581, 584, 587, 588, 589, 590, 592, 594, 594, 594, 594, 594, 597, 597, 599, 600, 600, 601, 602, 603, 603, 604, 604, 605
timesteps, 0, 1, 2, 3, 4, 5, 6, 7, 8, 9, 10, 11, 12, 13, 14, 15, 16, 17, 18, 19, 20, 21, 22, 23, 24, 25, 26, 27, 28, 29, 30, 31, 32, 33, 34, 35, 36, 37, 38, 39, 40, 41, 42, 43, 44, 45, 46, 47, 48, 49, 51, 55, 57, 58, 59, 60, 63, 66, 68, 74, 79
events, 305, 211, 190, 172, 153, 138, 119, 100, 92, 93, 78, 93, 69, 63, 70, 62, 47, 54, 51, 37, 42, 37, 40, 45, 34, 33, 25, 36, 19, 30, 16, 22, 12, 9, 10, 6, 8, 6, 6, 7, 12, 6, 2, 8, 4, 4, 3, 4, 5, 7, 3, 2, 2, 1, 3, 1, 2, 1, 2, 1, 1
sus, 446, 315, 215, 137, 96, 58, 44, 32, 21, 18, 14, 7, 6, 5, 2, 0, 0, 0, 0, 0, 0, 0, 0, 0, 0, 0, 0, 0, 0, 0, 0, 0, 0, 0, 0, 0, 0, 0, 0, 0, 0, 0, 0, 0, 0, 0, 0, 0, 0, 0, 0, 0, 0, 0, 0, 0, 0, 0, 0, 0, 0
exp, 212, 313, 377, 422, 421, 419, 397, 380, 359, 337, 312, 298, 275, 252, 240, 216, 203, 192, 173, 161, 142, 132, 116, 104, 91, 86, 76, 65, 57, 51, 46, 42, 38, 36, 35, 33, 29, 28, 26, 21, 18, 17, 17, 15, 14, 11, 10, 8, 6, 6, 5, 4, 4, 3, 3, 2, 2, 1, 1, 0, 0
inf, 60, 63, 70, 70, 75, 77, 75, 71, 78, 65, 67, 53, 54, 57, 46, 53, 45, 35, 37, 35, 41, 38, 38, 30, 32, 21, 23, 21, 23, 17, 16, 9, 8, 6, 3, 3, 5, 3, 4, 8, 6, 4, 3, 2, 1, 3, 3, 4, 4, 1, 1, 1, 0, 1, 0, 1, 0, 1, 0, 1, 0
dead, 13, 13, 12, 9, 7, 16, 15, 11, 6, 9, 11, 10, 9, 10, 7, 4, 9, 7, 6, 7, 5, 2, 5, 8, 7, 7, 6, 4, 5, 2, 3, 2, 3, 3, 1, 1, 1, 2, 0, 0, 0, 0, 0, 0, 0, 0, 0, 0, 1, 0, 0, 1, 1, 1, 0, 0, 0, 0, 0, 0, 0
rec, 8, 12, 17, 25, 31, 38, 46, 57, 63, 71, 78, 84, 87, 90, 93, 100, 103, 104, 107, 109, 114, 116, 121, 125, 127, 131, 133, 136, 136, 139, 139, 144, 145, 146, 147, 147, 147, 147, 147, 147, 148, 149, 149, 149, 150, 151, 151, 151, 151, 151, 151, 151, 151, 151, 151, 151, 151, 151, 151, 151, 152
rem, 24, 47, 72, 100, 133, 155, 186, 212, 236, 263, 281, 311, 332, 349, 375, 390, 403, 425, 440, 451, 461, 475, 483, 496, 506, 518, 525, 537, 542, 554, 559, 566, 569, 572, 577, 579, 581, 583, 586, 587, 591, 593, 594, 597, 598, 598, 599, 600, 601, 605, 606, 606, 607, 607, 609, 609, 610, 610, 611, 611, 611
timesteps, 0, 1, 2, 3, 4, 5, 6, 7, 8, 9, 10, 11, 12, 13, 14, 15, 16, 17, 18, 19, 20, 21, 22, 23, 24, 25, 26, 27, 28, 29, 30, 31, 32, 33, 34, 35, 36, 37, 38, 39, 40, 41, 42, 43, 44, 45, 46, 47, 48, 49, 50, 51, 52, 53, 54, 56, 57, 71, 74, 75, 76, 77, 79, 81, 82, 83, 84, 93, 98
events, 313, 213, 186, 141, 142, 132, 125, 110, 108, 103, 89, 62, 68, 73, 63, 71, 53, 54, 55, 60, 50, 25, 31, 37, 23, 27, 26, 20, 25, 16, 25, 15, 20, 14, 15, 11, 14, 10, 6, 7, 4, 6, 8, 3, 10, 4, 8, 11, 8, 2, 5, 2, 6, 2, 2, 1, 2, 1, 1, 1, 3, 1, 1, 1, 1, 2, 1, 1, 2
sus, 447, 321, 229, 170, 114, 79, 54, 38, 25, 16, 13, 10, 5, 3, 3, 2, 2, 0, 0, 0, 0, 0, 0, 0, 0, 0, 0, 0, 0, 0, 0, 0, 0, 0, 0, 0, 0, 0, 0, 0, 0, 0, 0, 0, 0, 0, 0, 0, 0, 0, 0, 0, 0, 0, 0, 0, 0, 0, 0, 0, 0, 0, 0, 0, 0, 0, 0, 0, 0
exp, 202, 296, 358, 383, 412, 408, 387, 369, 351, 335, 305, 290, 280, 256, 237, 218, 199, 189, 174, 158, 143, 133, 124, 112, 106, 98, 92, 83, 75, 68, 64, 60, 56, 50, 43, 40, 38, 36, 35, 32, 31, 28, 27, 24, 21, 18, 16, 13, 13, 11, 10, 8, 8, 7, 7, 6, 6, 5, 5, 4, 3, 3, 3, 2, 2, 1, 1, 0, 0
inf, 70, 73, 67, 72, 64, 72, 92, 89, 87, 74, 80, 74, 60, 64, 60, 56, 56, 45, 38, 31, 30, 30, 28, 26, 22, 20, 17, 20, 21, 22, 13, 13, 9, 12, 14, 13, 8, 6, 4, 5, 5, 7, 4, 7, 6, 8, 6, 4, 1, 3, 2, 4, 0, 1, 0, 1, 0, 1, 0, 1, 1, 0, 0, 1, 0, 1, 0, 1, 0
dead, 9, 7, 5, 9, 15, 14, 6, 14, 13, 14, 10, 13, 16, 11, 10, 4, 7, 7, 7, 6, 1, 3, 2, 4, 5, 5, 3, 4, 1, 3, 7, 4, 2, 0, 1, 1, 3, 1, 2, 2, 1, 0, 0, 0, 0, 0, 2, 3, 1, 1, 0, 0, 1, 0, 0, 0, 0, 0, 1, 1, 0, 1, 0, 0, 1, 0, 0, 0, 0
rec, 12, 17, 27, 33, 38, 43, 49, 55, 58, 64, 69, 73, 80, 84, 87, 91, 92, 98, 102, 105, 107, 110, 111, 112, 114, 115, 115, 115, 115, 116, 117, 117, 119, 119, 120, 120, 120, 122, 122, 122, 122, 122, 123, 123, 124, 125, 125, 126, 126, 126, 127, 127, 128, 128, 128, 128, 128, 128, 128, 128, 129, 129, 129, 129, 129, 129, 130, 130, 130
rem, 23, 49, 77, 96, 120, 147, 175, 198, 229, 260, 286, 303, 322, 345, 366, 392, 407, 424, 442, 463, 482, 487, 498, 509, 516, 525, 536, 541, 551, 554, 562, 569, 577, 582, 585, 589, 594, 598, 600, 602, 604, 606, 609, 609, 612, 612, 614, 617, 622, 622, 624, 624, 626, 627, 628, 628, 629, 629, 629, 629, 630, 630, 631, 631, 631, 632, 632, 632, 633
timesteps, 0, 1, 2, 3, 4, 5, 6, 7, 8, 9, 10, 11, 12, 13, 14, 15, 16, 17, 18, 19, 20, 21, 22, 23, 24, 25, 26, 27, 28, 29, 30, 31, 32, 33, 34, 35, 36, 37, 38, 39, 40, 41, 42, 43, 44, 45, 46, 47, 48, 49, 50, 51, 54, 55, 57, 58, 59, 63, 64, 67, 68, 69, 70, 75, 79, 80, 83, 84
events, 293, 250, 207, 158, 153, 154, 121, 115, 99, 114, 80, 87, 63, 73, 53, 52, 55, 47, 39, 44, 32, 31, 22, 41, 34, 25, 18, 12, 14, 18, 18, 8, 7, 8, 11, 8, 11, 10, 9, 6, 15, 11, 5, 8, 12, 5, 10, 4, 5, 5, 3, 2, 3, 2, 1, 2, 1, 2, 1, 2, 1, 1, 1, 1, 2, 1, 1, 1
sus, 459, 300, 196, 130, 90, 56, 37, 24, 16, 8, 6, 3, 3, 1, 1, 1, 1, 0, 0, 0, 0, 0, 0, 0, 0, 0, 0, 0, 0, 0, 0, 0, 0, 0, 0, 0, 0, 0, 0, 0, 0, 0, 0, 0, 0, 0, 0, 0, 0, 0, 0, 0, 0, 0, 0, 0, 0, 0, 0, 0, 0, 0, 0, 0, 0, 0, 0, 0
exp, 188, 320, 381, 415, 406, 399, 381, 362, 337, 311, 294, 271, 247, 231, 214, 203, 185, 169, 156, 145, 135, 122, 114, 101, 96, 85, 82, 78, 73, 65, 62, 59, 57, 53, 49, 48, 42, 38, 34, 32, 26, 24, 22, 19, 14, 14, 13, 10, 9, 8, 8, 7, 6, 6, 5, 5, 4, 4, 3, 2, 2, 2, 2, 1, 1, 0, 0, 0
inf, 77, 69, 77, 79, 93, 88, 89, 84, 87, 78, 63, 61, 60, 48, 45, 36, 33, 32, 32, 26, 24, 28, 27, 24, 12, 17, 13, 10, 10, 12, 6, 6, 6, 7, 8, 5, 8, 9, 10, 9, 11, 8, 7, 7, 9, 6, 2, 4, 3, 2, 0, 1, 1, 0, 1, 0, 1, 0, 1, 1, 1, 0, 0, 1, 0, 1, 0, 0
dead, 9, 10, 19, 10, 10, 14, 13, 15, 10, 15, 13, 4, 10, 10, 8, 5, 3, 5, 4, 4, 5, 3, 4, 5, 5, 2, 0, 1, 2, 2, 2, 3, 1, 2, 1, 1, 1, 1, 0, 2, 0, 0, 0, 1, 0, 1, 1, 2, 2, 1, 1, 0, 0, 0, 0, 0, 0, 0, 0, 1, 0, 1, 0, 0, 0, 0, 1, 0
rec, 10, 15, 16, 25, 31, 40, 48, 50, 57, 66, 77, 84, 89, 96, 102, 104, 111, 116, 117, 118, 119, 121, 124, 127, 132, 133, 134, 139, 139, 141, 144, 144, 145, 146, 146, 147, 148, 148, 150, 150, 151, 152, 155, 155, 155, 155, 156, 156, 156, 157, 158, 158, 158, 158, 158, 158, 158, 158, 158, 158, 158, 158, 158, 158, 158, 158, 158, 158
rem, 20, 49, 74, 104, 133, 166, 195, 228, 256, 285, 310, 340, 354, 377, 393, 414, 430, 441, 454, 470, 480, 489, 494, 506, 518, 526, 534, 535, 539, 543, 549, 551, 554, 555, 559, 562, 564, 567, 569, 570, 575, 579, 579, 581, 585, 587, 591, 591, 593, 595, 596, 597, 598, 599, 599, 600, 600, 601, 601, 601, 602, 602, 603, 603, 604, 604, 604, 605
timesteps, 0, 1, 2, 3, 4, 5, 6, 7, 8, 9, 10, 11, 12, 13, 14, 15, 16, 17, 18, 19, 20, 21, 22, 23, 24, 25, 26, 27, 28, 29, 30, 31, 32, 33, 34, 35, 36, 37, 38, 39, 40, 41, 42, 43, 44, 45, 46, 47, 48, 49, 50, 51, 52, 53, 54, 55, 57, 58, 59, 61, 62, 63, 64, 65, 67, 68, 69, 70, 71, 73, 79, 82, 83
events, 244, 220, 198, 190, 163, 133, 146, 128, 107, 109, 100, 69, 68, 74, 54, 60, 54, 48, 41, 36, 47, 47, 37, 34, 23, 22, 31, 24, 15, 18, 18, 15, 12, 17, 10, 5, 12, 9, 4, 11, 3, 10, 6, 1, 5, 7, 6, 8, 4, 2, 7, 8, 7, 3, 5, 1, 1, 1, 1, 1, 1, 1, 2, 1, 2, 2, 1, 2, 3, 2, 1, 2, 2
sus, 509, 359, 254, 161, 103, 71, 46, 28, 20, 13, 6, 4, 4, 4, 2, 1, 1, 0, 0, 0, 0, 0, 0, 0, 0, 0, 0, 0, 0, 0, 0, 0, 0, 0, 0, 0, 0, 0, 0, 0, 0, 0, 0, 0, 0, 0, 0, 0, 0, 0, 0, 0, 0, 0, 0, 0, 0, 0, 0, 0, 0, 0, 0, 0, 0, 0, 0, 0, 0, 0, 0, 0, 0
exp, 160, 280, 345, 405, 419, 408, 401, 382, 352, 318, 304, 288, 266, 246, 232, 214, 194, 185, 169, 159, 141, 127, 119, 112, 103, 89, 82, 76, 74, 67, 63, 59, 54, 49, 48, 47, 43, 38, 36, 34, 33, 31, 29, 29, 27, 24, 21, 20, 18, 17, 14, 13, 11, 10, 9, 9, 8, 8, 8, 7, 6, 6, 6, 6, 5, 5, 4, 2, 2, 1, 1, 0, 0
inf, 65, 72, 83, 77, 90, 101, 84, 81, 86, 89, 70, 65, 61, 55, 49, 45, 45, 36, 39, 36, 35, 32, 25, 17, 18, 28, 21, 18, 13, 14, 10, 9, 11, 10, 6, 6, 6, 8, 8, 5, 5, 3, 4, 4, 5, 5, 7, 4, 5, 5, 5, 3, 2, 1, 1, 1, 2, 1, 1, 2, 3, 2, 1, 0, 1, 0, 1, 3, 1, 1, 0, 1, 0
dead, 6, 7, 9, 13, 7, 8, 11, 11, 9, 17, 15, 10, 9, 6, 6, 9, 10, 9, 7, 4, 10, 6, 3, 4, 4, 3, 6, 3, 3, 4, 4, 3, 2, 2, 3, 1, 1, 3, 3, 4, 4, 4, 2, 1, 0, 2, 0, 1, 1, 1, 3, 1, 2, 4, 1, 0, 0, 1, 0, 0, 0, 0, 0, 1, 0, 0, 0, 0, 0, 0, 1, 0, 0
rec, 4, 9, 12, 22, 29, 34, 40, 47, 54, 61, 71, 73, 80, 81, 89, 92, 97, 99, 102, 105, 108, 113, 117, 119, 121, 122, 123, 126, 127, 127, 129, 129, 129, 129, 129, 129, 129, 129, 131, 131, 131, 131, 131, 131, 131, 131, 132, 132, 132, 133, 133, 134, 134, 134, 135, 135, 135, 135, 135, 135, 135, 136, 136, 136, 136, 136, 136, 136, 137, 138, 138, 138, 138
rem, 19, 36, 60, 85, 115, 141, 181, 214, 242, 265, 297, 323, 343, 371, 385, 402, 416, 434, 446, 459, 469, 485, 499, 511, 517, 521, 531, 540, 546, 551, 557, 563, 567, 573, 577, 580, 584, 585, 585, 589, 590, 594, 597, 598, 600, 601, 603, 606, 607, 607, 608, 612, 614, 614, 617, 618, 618, 618, 619, 619, 619, 619, 620, 620, 621, 622, 622, 622, 623, 623, 623, 624, 625
timesteps, 0, 1, 2, 3, 4, 5, 6, 7, 8, 9, 10, 11, 12, 13, 14, 15, 16, 17, 18, 19, 20, 21, 22, 23, 24, 25, 26, 27, 28, 29, 30, 31, 32, 33, 34, 35, 36, 37, 38, 39, 40, 41, 42, 43, 44, 45, 46, 47, 48, 49, 52, 53, 54, 55, 56, 57, 59, 60, 62, 64, 70, 72, 77, 79, 80
events, 292, 256, 207, 175, 137, 140, 115, 109, 117, 98, 77, 76, 74, 52, 54, 48, 63, 64, 44, 42, 36, 47, 32, 30, 28, 23, 19, 19, 16, 12, 9, 8, 12, 12, 11, 8, 6, 10, 3, 10, 8, 8, 9, 5, 8, 8, 3, 7, 1, 4, 2, 5, 3, 4, 2, 2, 1, 1, 1, 2, 1, 3, 2, 1, 2
sus, 442, 280, 179, 112, 79, 49, 31, 19, 12, 10, 6, 3, 1, 1, 1, 1, 1, 1, 1, 1, 1, 1, 1, 1, 1, 1, 0, 0, 0, 0, 0, 0, 0, 0, 0, 0, 0, 0, 0, 0, 0, 0, 0, 0, 0, 0, 0, 0, 0, 0, 0, 0, 0, 0, 0, 0, 0, 0, 0, 0, 0, 0, 0, 0, 0
exp, 196, 339, 395, 426, 413, 409, 389, 368, 343, 309, 293, 271, 252, 237, 218, 202, 185, 169, 153, 137, 123, 111, 98, 92, 83, 79, 75, 69, 62, 58, 57, 52, 47, 43, 41, 41, 39, 34, 34, 29, 24, 24, 20, 19, 18, 13, 12, 12, 11, 11, 9, 7, 5, 5, 5, 4, 4, 4, 3, 3, 2, 1, 1, 0, 0
inf, 92, 65, 82, 76, 91, 82, 90, 79, 70, 72, 62, 63, 56, 52, 51, 49, 40, 30, 29, 32, 34, 28, 29, 21, 21, 12, 9, 9, 10, 11, 8, 11, 12, 12, 9, 2, 3, 6, 4, 6, 9, 4, 6, 5, 1, 5, 4, 1, 2, 0, 2, 2, 3, 1, 0, 1, 0, 0, 1, 0, 1, 1, 0, 1, 0
dead, 12, 23, 13, 14, 11, 12, 8, 18, 11, 14, 13, 9, 10, 7, 5, 5, 7, 4, 7, 4, 5, 2, 4, 4, 3, 5, 4, 1, 4, 2, 0, 0, 1, 0, 0, 4, 1, 0, 0, 0, 1, 2, 1, 0, 1, 0, 1, 0, 0, 0, 0, 1, 2, 1, 1, 0, 1, 0, 0, 0, 0, 0, 0, 0, 0
rec, 6, 12, 17, 28, 35, 44, 49, 63, 74, 79, 87, 91, 95, 99, 106, 110, 114, 121, 124, 127, 128, 132, 135, 139, 139, 144, 148, 150, 150, 150, 152, 153, 153, 154, 155, 157, 158, 158, 159, 160, 160, 161, 161, 162, 164, 164, 165, 165, 165, 165, 165, 165, 165, 166, 166, 166, 166, 166, 166, 166, 166, 166, 166, 166, 166
rem, 15, 44, 77, 107, 134, 167, 196, 216, 253, 279, 302, 326, 349, 367, 382, 396, 416, 438, 449, 462, 472, 489, 496, 506, 516, 522, 527, 534, 537, 542, 546, 547, 550, 554, 558, 559, 562, 565, 566, 568, 569, 572, 575, 577, 579, 581, 581, 585, 585, 587, 587, 588, 588, 590, 591, 592, 592, 593, 593, 594, 594, 595, 596, 596, 597
timesteps, 0, 1, 2, 3, 4, 5, 6, 7, 8, 9, 10, 11, 12, 13, 14, 15, 16, 17, 18, 19, 20, 21, 22, 23, 24, 25, 26, 27, 28, 29, 30, 31, 32, 33, 34, 35, 36, 37, 38, 39, 40, 41, 42, 43, 44, 45, 46, 47, 48, 49, 50, 51, 53, 54, 56, 57, 58, 59, 61, 62, 66, 67, 68, 69, 71
events, 316, 206, 198, 178, 154, 103, 115, 102, 99, 86, 97, 75, 70, 77, 66, 69, 50, 47, 65, 45, 44, 41, 20, 30, 29, 34, 23, 21, 12, 14, 15, 13, 16, 11, 12, 12, 15, 4, 10, 6, 2, 6, 4, 4, 7, 7, 8, 5, 6, 2, 3, 2, 2, 2, 3, 1, 2, 3, 1, 2, 1, 1, 1, 2, 2
sus, 422, 296, 191, 123, 79, 60, 47, 27, 18, 12, 5, 4, 4, 4, 4, 3, 3, 1, 0, 0, 0, 0, 0, 0, 0, 0, 0, 0, 0, 0, 0, 0, 0, 0, 0, 0, 0, 0, 0, 0, 0, 0, 0, 0, 0, 0, 0, 0, 0, 0, 0, 0, 0, 0, 0, 0, 0, 0, 0, 0, 0, 0, 0, 0, 0
exp, 215, 313, 379, 416, 422, 410, 385, 381, 361, 337, 309, 290, 269, 246, 222, 205, 188, 172, 156, 140, 128, 118, 108, 99, 87, 78, 74, 70, 66, 62, 54, 52, 46, 42, 36, 33, 30, 28, 25, 24, 24, 23, 22, 21, 16, 14, 11, 10, 9, 8, 7, 7, 7, 6, 4, 4, 4, 3, 2, 2, 1, 1, 0, 0, 0
inf, 82, 78, 85, 79, 75, 76, 77, 67, 64, 64, 68, 62, 57, 52, 51, 44, 43, 44, 33, 33, 31, 25, 29, 27, 27, 21, 15, 12, 12, 11, 15, 11, 10, 11, 14, 11, 7, 8, 7, 5, 4, 3, 3, 2, 6, 5, 5, 4, 3, 4, 3, 2, 1, 1, 3, 2, 1, 1, 2, 1, 2, 1, 2, 1, 0
dead, 9, 13, 18, 9, 12, 13, 14, 16, 13, 18, 19, 11, 10, 7, 10, 6, 5, 8, 11, 11, 6, 2, 3, 2, 3, 6, 6, 3, 2, 1, 1, 1, 2, 1, 1, 1, 2, 2, 2, 3, 3, 1, 0, 1, 0, 1, 2, 2, 1, 0, 1, 0, 0, 1, 0, 0, 0, 0, 0, 0, 0, 0, 0, 0, 0
rec, 10, 18, 23, 27, 36, 42, 51, 59, 65, 70, 76, 82, 86, 91, 96, 100, 104, 108, 114, 117, 118, 123, 124, 126, 132, 134, 135, 135, 136, 137, 138, 139, 142, 142, 142, 145, 146, 146, 147, 147, 147, 148, 148, 148, 149, 149, 149, 149, 149, 149, 150, 151, 151, 151, 151, 152, 152, 152, 152, 152, 152, 153, 153, 153, 153
rem, 25, 45, 67, 109, 139, 162, 189, 213, 242, 262, 286, 314, 337, 363, 380, 405, 420, 430, 449, 462, 480, 495, 499, 509, 514, 524, 533, 543, 547, 552, 555, 560, 563, 567, 570, 573, 578, 579, 582, 584, 585, 588, 590, 591, 592, 594, 596, 598, 601, 602, 602, 603, 604, 604, 605, 605, 606, 607, 607, 608, 608, 608, 608, 609, 610
timesteps, 0, 1, 2, 3, 4, 5, 6, 7, 8, 9, 10, 11, 12, 13, 14, 15, 16, 17, 18, 19, 20, 21, 22, 23, 24, 25, 26, 27, 28, 29, 30, 31, 32, 33, 34, 35, 36, 37, 38, 39, 40, 41, 42, 43, 44, 45, 46, 47, 48, 49, 50, 51, 52, 53, 54, 55, 56, 57, 59, 60, 63, 66, 68, 95, 98, 99
events, 301, 231, 213, 141, 145, 136, 140, 123, 126, 109, 95, 71, 87, 63, 49, 50, 52, 40, 62, 48, 37, 30, 34, 29, 26, 27, 26, 18, 11, 18, 23, 7, 9, 4, 11, 12, 8, 5, 12, 9, 4, 3, 4, 5, 6, 3, 2, 5, 1, 1, 1, 3, 1, 3, 4, 3, 1, 1, 1, 1, 1, 1, 1, 1, 1, 1
sus, 438, 292, 186, 138, 84, 53, 29, 15, 8, 4, 3, 2, 0, 0, 0, 0, 0, 0, 0, 0, 0, 0, 0, 0, 0, 0, 0, 0, 0, 0, 0, 0, 0, 0, 0, 0, 0, 0, 0, 0, 0, 0, 0, 0, 0, 0, 0, 0, 0, 0, 0, 0, 0, 0, 0, 0, 0, 0, 0, 0, 0, 0, 0, 0, 0, 0
exp, 196, 316, 389, 404, 420, 410, 380, 363, 332, 310, 281, 257, 234, 219, 209, 192, 172, 159, 141, 123, 114, 105, 92, 83, 79, 68, 63, 58, 53, 45, 43, 40, 37, 36, 30, 25, 22, 21, 19, 16, 16, 16, 14, 11, 9, 9, 9, 9, 9, 8, 8, 6, 6, 5, 4, 3, 3, 3, 2, 2, 1, 1, 1, 0, 0, 0
inf, 92, 79, 72, 73, 83, 88, 109, 93, 84, 74, 69, 70, 62, 50, 38, 40, 41, 40, 35, 33, 27, 25, 26, 25, 16, 17, 11, 11, 13, 15, 7, 8, 8, 7, 10, 10, 11, 9, 5, 6, 4, 3, 4, 6, 5, 4, 3, 0, 0, 1, 0, 2, 1, 1, 1, 1, 0, 0, 1, 0, 1, 0, 0, 1, 0, 0
dead, 6, 15, 11, 11, 12, 14, 12, 20, 24, 11, 12, 11, 9, 9, 10, 6, 9, 8, 5, 9, 9, 8, 7, 4, 6, 5, 5, 1, 1, 2, 0, 0, 0, 0, 0, 1, 0, 1, 3, 1, 1, 0, 0, 0, 1, 0, 0, 1, 0, 0, 1, 0, 1, 1, 0, 0, 1, 0, 0, 0, 0, 1, 0, 0, 1, 0
rec, 13, 23, 33, 37, 39, 45, 51, 59, 68, 74, 79, 83, 91, 97, 101, 102, 105, 107, 112, 118, 120, 122, 126, 129, 131, 136, 137, 138, 138, 139, 140, 140, 140, 141, 142, 144, 144, 145, 145, 145, 145, 145, 145, 145, 146, 146, 146, 146, 146, 146, 146, 146, 146, 146, 146, 146, 146, 146, 146, 147, 147, 147, 147, 147, 147, 147
rem, 18, 38, 72, 100, 125, 153, 182, 213, 247, 290, 319, 340, 367, 388, 405, 423, 436, 449, 470, 480, 493, 503, 512, 522, 531, 537, 547, 555, 558, 562, 573, 575, 578, 579, 581, 583, 586, 587, 591, 595, 597, 599, 600, 601, 602, 604, 605, 607, 608, 608, 608, 609, 609, 610, 612, 613, 613, 614, 614, 614, 614, 614, 615, 615, 615, 616
timesteps, 0, 1, 2, 3, 4, 5, 6, 7, 8, 9, 10, 11, 12, 13, 14, 15, 16, 17, 18, 19, 20, 21, 22, 23, 24, 25, 26, 27, 28, 29, 30, 31, 32, 33, 34, 35, 36, 37, 38, 39, 40, 41, 42, 43, 44, 45, 46, 47, 48, 49, 50, 51, 52, 53, 55, 56, 57, 58, 59, 61, 63, 64, 65, 69, 73, 76, 78, 79, 80, 84, 85, 87, 89
events, 362, 241, 165, 152, 130, 156, 97, 112, 118, 89, 72, 91, 85, 61, 77, 47, 66, 43, 39, 44, 39, 30, 42, 33, 24, 28, 17, 16, 9, 15, 18, 8, 11, 13, 6, 5, 12, 16, 13, 8, 7, 4, 9, 5, 3, 6, 3, 3, 7, 4, 4, 1, 2, 4, 1, 2, 1, 1, 4, 1, 3, 2, 1, 1, 1, 1, 1, 1, 1, 1, 2, 1, 2
sus, 399, 251, 177, 119, 75, 48, 34, 26, 14, 12, 11, 10, 7, 5, 1, 1, 0, 0, 0, 0, 0, 0, 0, 0, 0, 0, 0, 0, 0, 0, 0, 0, 0, 0, 0, 0, 0, 0, 0, 0, 0, 0, 0, 0, 0, 0, 0, 0, 0, 0, 0, 0, 0, 0, 0, 0, 0, 0, 0, 0, 0, 0, 0, 0, 0, 0, 0, 0, 0, 0, 0, 0, 0
exp, 239, 356, 395, 408, 426, 408, 395, 361, 345, 324, 295, 270, 253, 234, 205, 193, 178, 165, 153, 141, 130, 115, 103, 93, 86, 82, 76, 72, 68, 64, 60, 56, 54, 49, 47, 46, 39, 33, 30, 28, 27, 23, 22, 20, 19, 17, 16, 16, 13, 11, 11, 11, 10, 10, 9, 9, 8, 7, 7, 6, 5, 5, 4, 4, 3, 3, 2, 2, 2, 1, 1, 0, 0
inf, 78, 74, 78, 94, 82, 85, 82, 84, 73, 62, 71, 61, 45, 45, 58, 50, 41, 39, 38, 30, 27, 33, 28, 23, 21, 13, 12, 11, 13, 9, 7, 9, 6, 7, 6, 5, 9, 10, 7, 6, 3, 7, 3, 4, 4, 4, 4, 2, 3, 4, 2, 1, 2, 0, 1, 0, 1, 2, 0, 1, 1, 0, 1, 0, 1, 0, 1, 0, 0, 1, 0, 1, 0
dead, 11, 9, 10, 8, 21, 14, 11, 18, 13, 8, 6, 9, 10, 10, 7, 10, 9, 5, 3, 6, 2, 3, 4, 5, 5, 5, 6, 4, 3, 5, 2, 2, 1, 1, 2, 1, 1, 1, 0, 0, 1, 1, 1, 0, 0, 0, 0, 0, 0, 0, 0, 1, 0, 0, 0, 0, 0, 0, 0, 0, 0, 0, 0, 0, 0, 0, 0, 1, 0, 0, 0, 0, 0
rec, 6, 16, 21, 32, 35, 42, 49, 60, 65, 74, 77, 82, 91, 95, 98, 100, 102, 106, 107, 112, 116, 118, 121, 127, 128, 128, 130, 130, 130, 133, 134, 134, 136, 136, 137, 138, 139, 139, 142, 142, 143, 143, 145, 145, 145, 145, 145, 146, 146, 146, 146, 146, 146, 146, 146, 146, 146, 146, 146, 146, 146, 146, 146, 147, 147, 148, 148, 148, 148, 148, 148, 148, 148
rem, 30, 57, 82, 102, 124, 166, 192, 214, 253, 283, 303, 331, 357, 374, 394, 409, 433, 448, 462, 474, 488, 494, 507, 515, 523, 535, 539, 546, 549, 552, 560, 562, 566, 570, 571, 573, 575, 580, 584, 587, 589, 589, 592, 594, 595, 597, 598, 599, 601, 602, 604, 604, 605, 607, 607, 608, 608, 608, 610, 610, 611, 612, 612, 612, 612, 612, 612, 612, 613, 613, 614, 614, 615
timesteps, 0, 1, 2, 3, 4, 5, 6, 7, 8, 9, 10, 11, 12, 13, 14, 15, 16, 17, 18, 19, 20, 21, 22, 23, 24, 25, 26, 27, 28, 29, 30, 31, 32, 33, 34, 35, 36, 37, 38, 39, 40, 41, 42, 43, 44, 45, 46, 47, 48, 49, 51, 52, 53, 54, 55, 56, 59, 60, 62, 65, 66, 69, 73, 74, 75, 76, 100, 101
events, 351, 245, 164, 154, 152, 133, 90, 125, 82, 98, 72, 84, 80, 70, 71, 56, 53, 48, 56, 51, 46, 30, 31, 34, 27, 17, 19, 25, 12, 15, 13, 12, 10, 12, 16, 13, 4, 5, 10, 11, 8, 4, 5, 3, 3, 2, 5, 1, 2, 4, 2, 3, 3, 2, 1, 3, 1, 2, 1, 2, 2, 3, 1, 1, 2, 2, 1, 2
sus, 393, 247, 169, 112, 74, 44, 35, 22, 16, 9, 8, 7, 6, 3, 0, 0, 0, 0, 0, 0, 0, 0, 0, 0, 0, 0, 0, 0, 0, 0, 0, 0, 0, 0, 0, 0, 0, 0, 0, 0, 0, 0, 0, 0, 0, 0, 0, 0, 0, 0, 0, 0, 0, 0, 0, 0, 0, 0, 0, 0, 0, 0, 0, 0, 0, 0, 0, 0
exp, 232, 353, 404, 417, 413, 407, 386, 369, 349, 333, 308, 272, 256, 235, 211, 198, 182, 161, 141, 133, 115, 106, 97, 89, 83, 75, 69, 63, 58, 55, 52, 48, 42, 38, 35, 35, 33, 29, 24, 23, 23, 20, 18, 17, 16, 14, 13, 12, 12, 11, 11, 10, 8, 8, 7, 7, 6, 6, 5, 3, 3, 3, 2, 1, 1, 1, 0, 0
inf, 87, 73, 66, 81, 86, 85, 90, 72, 72, 58, 59, 71, 52, 54, 56, 45, 37, 46, 47, 27, 33, 30, 26, 22, 18, 19, 18, 14, 17, 13, 10, 10, 14, 13, 8, 4, 5, 8, 10, 5, 1, 4, 4, 3, 2, 4, 3, 4, 3, 2, 1, 1, 2, 1, 2, 0, 1, 0, 1, 3, 1, 0, 1, 2, 0, 0, 1, 0
dead, 16, 13, 14, 15, 12, 10, 4, 13, 11, 11, 9, 9, 9, 4, 8, 10, 12, 5, 3, 11, 5, 6, 9, 5, 2, 5, 6, 5, 1, 3, 2, 1, 1, 3, 6, 1, 0, 0, 1, 1, 1, 0, 0, 0, 1, 1, 0, 0, 0, 0, 0, 0, 0, 0, 0, 0, 0, 0, 0, 0, 1, 0, 0, 0, 2, 0, 0, 0
rec, 15, 22, 30, 34, 39, 48, 53, 58, 62, 68, 75, 79, 89, 95, 100, 103, 112, 116, 120, 125, 127, 129, 130, 132, 134, 136, 136, 138, 139, 139, 142, 143, 143, 143, 143, 143, 144, 145, 145, 147, 147, 147, 148, 150, 151, 151, 152, 152, 152, 153, 153, 153, 154, 154, 154, 155, 155, 155, 155, 155, 156, 156, 156, 156, 156, 156, 156, 156
rem, 20, 55, 80, 104, 139, 169, 195, 229, 253, 284, 304, 325, 351, 372, 388, 407, 420, 435, 452, 467, 483, 492, 501, 515, 526, 528, 534, 543, 548, 553, 557, 561, 563, 566, 571, 580, 581, 581, 583, 587, 591, 592, 593, 593, 593, 593, 595, 595, 596, 597, 598, 599, 599, 600, 600, 601, 601, 602, 602, 602, 602, 604, 604, 604, 604, 606, 606, 607
timesteps, 0, 1, 2, 3, 4, 5, 6, 7, 8, 9, 10, 11, 12, 13, 14, 15, 16, 17, 18, 19, 20, 21, 22, 23, 24, 25, 26, 27, 28, 29, 30, 31, 32, 33, 34, 35, 36, 37, 38, 39, 40, 41, 42, 43, 44, 45, 46, 47, 48, 49, 50, 51, 52, 54, 55, 56, 57, 59, 60, 61, 62, 63, 67, 69, 70, 93, 95, 106, 110, 111
events, 325, 212, 181, 157, 109, 138, 101, 102, 113, 101, 109, 81, 68, 71, 63, 64, 58, 67, 44, 48, 29, 35, 45, 37, 42, 29, 20, 25, 11, 13, 18, 19, 9, 6, 4, 8, 7, 11, 2, 13, 8, 1, 7, 2, 6, 3, 9, 8, 3, 1, 6, 3, 3, 2, 1, 1, 1, 1, 1, 1, 1, 1, 1, 1, 1, 1, 2, 1, 1, 1
sus, 422, 281, 183, 129, 100, 64, 42, 26, 18, 11, 9, 7, 4, 4, 0, 0, 0, 0, 0, 0, 0, 0, 0, 0, 0, 0, 0, 0, 0, 0, 0, 0, 0, 0, 0, 0, 0, 0, 0, 0, 0, 0, 0, 0, 0, 0, 0, 0, 0, 0, 0, 0, 0, 0, 0, 0, 0, 0, 0, 0, 0, 0, 0, 0, 0, 0, 0, 0, 0, 0
exp, 212, 332, 404, 414, 407, 407, 405, 389, 363, 337, 302, 281, 268, 240, 228, 204, 184, 169, 154, 142, 131, 116, 103, 93, 84, 74, 66, 64, 58, 53, 46, 42, 41, 39, 38, 37, 32, 29, 27, 23, 21, 20, 18, 17, 15, 13, 12, 11, 10, 10, 7, 7, 6, 6, 5, 5, 4, 4, 4, 4, 3, 3, 2, 2, 2, 1, 1, 0, 0, 0
inf, 75, 70, 64, 78, 88, 84, 78, 82, 71, 72, 70, 65, 56, 61, 53, 55, 55, 40, 40, 31, 32, 37, 31, 26, 19, 20, 20, 10, 14, 14, 16, 10, 7, 8, 7, 4, 8, 6, 8, 6, 6, 7, 5, 6, 6, 7, 4, 2, 2, 2, 3, 2, 2, 1, 2, 1, 2, 1, 0, 0, 1, 0, 1, 0, 0, 1, 0, 1, 0, 0
dead, 18, 14, 12, 7, 8, 12, 10, 7, 17, 14, 18, 13, 9, 10, 10, 10, 8, 7, 4, 6, 4, 4, 8, 8, 5, 2, 5, 4, 2, 2, 0, 3, 3, 1, 1, 0, 0, 1, 1, 2, 0, 0, 2, 1, 1, 2, 2, 1, 1, 0, 1, 0, 0, 0, 0, 0, 0, 0, 1, 0, 0, 0, 0, 1, 0, 0, 0, 0, 1, 0
rec, 13, 19, 28, 34, 41, 51, 58, 63, 72, 78, 82, 87, 92, 94, 99, 103, 107, 116, 120, 124, 128, 128, 130, 133, 135, 137, 138, 140, 141, 143, 144, 146, 146, 146, 147, 149, 149, 150, 150, 152, 152, 152, 153, 153, 153, 153, 153, 153, 153, 153, 153, 153, 153, 153, 153, 154, 154, 155, 155, 155, 155, 156, 156, 156, 156, 156, 156, 156, 156, 156
rem, 23, 47, 72, 101, 119, 145, 170, 196, 222, 251, 282, 310, 334, 354, 373, 391, 409, 431, 445, 460, 468, 478, 491, 503, 520, 530, 534, 545, 548, 551, 557, 562, 566, 569, 570, 573, 574, 577, 577, 580, 584, 584, 585, 586, 588, 588, 592, 596, 597, 598, 599, 601, 602, 603, 603, 603, 603, 603, 603, 604, 604, 604, 604, 604, 605, 605, 606, 606, 606, 607
timesteps, 0, 1, 2, 3, 4, 5, 6, 7, 8, 9, 10, 11, 12, 13, 14, 15, 16, 17, 18, 19, 20, 21, 22, 23, 24, 25, 26, 27, 28, 29, 30, 31, 32, 33, 34, 35, 36, 37, 38, 39, 40, 41, 42, 43, 44, 45, 46, 47, 48, 49, 50, 53, 54, 55, 56, 57, 58, 59, 60, 66, 68, 71, 73, 78, 80, 83, 89
events, 305, 219, 204, 202, 140, 132, 127, 121, 90, 84, 93, 75, 72, 61, 72, 76, 62, 48, 38, 33, 31, 30, 29, 24, 25, 28, 17, 9, 21, 10, 11, 12, 12, 10, 8, 12, 8, 12, 14, 2, 6, 8, 7, 10, 9, 5, 1, 4, 4, 5, 6, 2, 5, 2, 2, 4, 2, 3, 1, 1, 4, 1, 2, 2, 2, 1, 2
sus, 442, 303, 186, 108, 62, 41, 23, 11, 9, 6, 2, 2, 1, 1, 0, 0, 0, 0, 0, 0, 0, 0, 0, 0, 0, 0, 0, 0, 0, 0, 0, 0, 0, 0, 0, 0, 0, 0, 0, 0, 0, 0, 0, 0, 0, 0, 0, 0, 0, 0, 0, 0, 0, 0, 0, 0, 0, 0, 0, 0, 0, 0, 0, 0, 0, 0, 0
exp, 195, 304, 387, 425, 436, 415, 397, 379, 341, 320, 293, 268, 244, 219, 201, 180, 163, 149, 143, 132, 118, 111, 104, 97, 83, 79, 76, 74, 68, 64, 61, 55, 51, 48, 47, 44, 39, 34, 31, 31, 27, 26, 22, 18, 18, 17, 17, 14, 12, 11, 11, 9, 7, 7, 7, 5, 5, 5, 5, 4, 2, 1, 1, 1, 1, 0, 0
inf, 79, 79, 86, 80, 87, 88, 81, 70, 82, 74, 73, 69, 64, 70, 62, 52, 44, 38, 28, 25, 30, 23, 21, 19, 28, 17, 12, 9, 9, 9, 8, 10, 11, 10, 8, 5, 9, 10, 7, 6, 8, 6, 9, 10, 5, 4, 3, 5, 6, 4, 2, 4, 4, 3, 2, 3, 2, 0, 0, 1, 2, 3, 2, 1, 0, 1, 0
dead, 13, 18, 15, 16, 8, 14, 18, 11, 12, 10, 9, 8, 13, 9, 6, 8, 7, 8, 3, 7, 6, 8, 4, 3, 1, 3, 4, 5, 2, 2, 1, 3, 1, 2, 0, 1, 0, 1, 2, 2, 4, 2, 1, 1, 0, 0, 0, 1, 1, 2, 0, 0, 1, 0, 0, 0, 0, 1, 0, 0, 0, 0, 0, 0, 0, 0, 0
rec, 7, 12, 16, 23, 28, 35, 44, 54, 61, 70, 77, 86, 95, 101, 106, 111, 117, 122, 127, 129, 131, 134, 134, 136, 137, 141, 142, 144, 144, 146, 147, 147, 147, 147, 148, 150, 150, 150, 150, 150, 150, 151, 151, 151, 153, 153, 154, 154, 154, 155, 155, 155, 155, 156, 156, 156, 156, 156, 156, 156, 156, 156, 156, 156, 156, 156, 156
rem, 27, 47, 73, 111, 142, 170, 200, 238, 258, 283, 309, 330, 346, 363, 388, 412, 432, 446, 462, 470, 478, 487, 500, 508, 514, 523, 529, 531, 540, 542, 546, 548, 553, 556, 560, 563, 565, 568, 573, 574, 574, 578, 580, 583, 587, 589, 589, 589, 590, 591, 595, 595, 596, 597, 598, 599, 600, 601, 602, 602, 603, 603, 604, 605, 606, 606, 607
