timesteps, 0, 1, 2, 3, 4, 5, 6, 8, 9, 10, 12, 13, 14, 15, 16, 18, 19, 20, 21, 22, 23, 24, 25, 26, 27, 28, 29, 30, 31, 32, 33, 34, 35, 36, 37, 38, 39, 40, 41, 42, 43, 44, 45, 46, 47, 48, 49, 50, 51, 52, 53, 54, 55, 56, 57, 58, 59, 60, 61, 62, 63, 64, 65, 66, 67, 68, 69, 70, 71, 72, 73, 74, 75, 76, 77, 78, 79, 80, 81, 82, 83, 84, 85, 86, 87, 88, 89, 90, 91, 92, 93, 94, 95, 96, 97, 98, 99, 100, 101, 102, 103, 104, 105, 106, 107, 108, 109, 110, 111, 112, 113, 114, 115, 116, 117, 118, 119, 120, 121, 122, 123, 124, 125, 126, 127, 128, 129, 130, 131, 132, 133, 134, 135, 136, 137, 138, 139, 140, 141, 142, 143, 144, 145, 146, 147, 148, 149, 150, 151, 152, 153, 154, 155, 156, 157, 158, 159, 160, 161, 162, 163, 164, 165, 166, 168, 169, 170, 171, 172, 173, 174, 175, 176, 177, 178, 179, 180, 181, 182, 183, 184, 185, 186, 187, 188, 189, 190, 191, 192, 193, 194, 195, 196, 197, 198, 199, 200, 201, 202, 203, 204, 205, 206, 207, 208, 209, 210, 211, 212, 213, 214, 215, 216, 217, 218, 219, 220, 221, 222, 223, 224, 225, 226, 227, 229, 230, 231, 232, 233, 234, 235, 236, 237, 238, 239, 240, 241, 242, 243, 244, 245, 246, 247, 248, 249, 250, 251, 252, 253, 254, 255, 256, 257, 258, 259, 260, 261, 262, 264, 265, 266, 267, 268, 269, 270, 271, 272, 273, 274, 275, 276, 277, 278, 279, 280, 281, 282, 283, 284, 285, 286, 287, 288, 289, 290, 291, 292, 293, 294, 296, 297, 298, 299, 300, 301, 303, 304, 305, 306, 307, 308, 309, 310, 311, 312, 313, 314, 315, 316, 317, 318, 320, 321, 322, 323, 324, 325, 326, 327, 328, 329, 331, 332, 333, 334, 335, 336, 337, 338, 339, 340, 341, 342, 343, 344, 345, 346, 347, 349, 351, 352, 354, 355, 356, 357, 358, 359, 360, 361, 363, 365, 366, 367, 368, 369, 370, 371, 372, 373, 374, 375, 376, 377, 378, 379, 381, 382, 383, 384, 385, 386, 387, 389, 390, 391, 393, 395, 396, 398, 399, 400, 401, 402, 403, 404, 405, 406, 408, 409, 410, 411, 413, 414, 415, 416, 418, 421, 422, 423, 424, 425, 426, 427, 428, 429, 435, 436, 437, 438, 439, 440, 442, 443, 445, 448, 450, 451, 452, 453, 456, 457, 458, 459, 460, 462, 465, 467, 468, 469, 472, 474, 475, 477, 478, 480, 481, 482, 485, 486, 487, 489, 490, 492, 493, 494, 501, 502, 503, 506, 510, 513, 514, 520, 521, 525, 527, 528, 529, 530, 531, 533, 536, 538, 542, 543, 544, 546, 547, 550, 554, 556, 560, 561, 564, 567, 570, 572, 573, 576, 578, 579, 589, 590, 593, 594, 598, 599, 600, 602, 604, 605, 611, 617, 631, 633, 635, 642, 645, 648, 658, 675, 683, 690, 691, 692, 693, 699, 700, 701, 709, 712, 717, 726, 730, 742, 750, 751, 756, 760, 780, 784, 804, 824, 825, 826, 828, 833, 834, 838, 853, 859, 860, 889, 962, 964, 969, 972
events, 2, 3, 8, 4, 2, 3, 1, 1, 2, 2, 2, 1, 1, 3, 3, 1, 4, 2, 2, 3, 1, 4, 3, 6, 1, 3, 7, 3, 5, 3, 4, 8, 7, 2, 8, 7, 5, 2, 3, 3, 5, 4, 3, 1, 2, 4, 2, 2, 3, 3, 9, 8, 7, 4, 4, 3, 3, 9, 5, 9, 5, 6, 5, 6, 11, 7, 4, 5, 3, 4, 10, 10, 7, 8, 2, 7, 3, 6, 7, 2, 5, 10, 6, 7, 8, 5, 6, 7, 5, 9, 4, 3, 2, 4, 10, 5, 4, 3, 5, 4, 7, 8, 9, 6, 9, 4, 8, 3, 5, 6, 7, 5, 12, 7, 7, 4, 7, 4, 3, 8, 6, 7, 4, 7, 7, 5, 7, 6, 3, 5, 7, 16, 6, 8, 10, 7, 4, 1, 4, 3, 4, 8, 6, 4, 5, 7, 7, 5, 4, 7, 6, 5, 7, 5, 3, 8, 4, 12, 6, 3, 11, 9, 2, 2, 6, 4, 5, 4, 7, 2, 6, 3, 7, 4, 4, 6, 3, 5, 5, 3, 6, 3, 6, 3, 5, 4, 7, 7, 6, 6, 2, 5, 4, 6, 3, 4, 3, 8, 7, 7, 6, 8, 8, 5, 5, 3, 6, 4, 3, 6, 11, 6, 5, 4, 3, 8, 4, 4, 5, 3, 6, 4, 4, 2, 6, 4, 5, 2, 5, 4, 2, 3, 5, 5, 5, 1, 2, 4, 3, 3, 3, 3, 5, 4, 1, 3, 3, 3, 3, 3, 5, 3, 3, 3, 6, 2, 4, 1, 3, 4, 1, 4, 3, 7, 2, 3, 3, 7, 3, 3, 6, 2, 4, 7, 3, 2, 4, 2, 2, 7, 6, 4, 5, 8, 2, 4, 1, 1, 3, 5, 2, 3, 3, 2, 4, 3, 2, 3, 1, 7, 5, 4, 1, 1, 3, 3, 1, 1, 2, 1, 2, 2, 2, 5, 1, 2, 1, 2, 2, 5, 1, 3, 2, 3, 2, 1, 3, 1, 3, 4, 2, 2, 2, 4, 3, 2, 4, 2, 2, 1, 3, 1, 1, 5, 3, 1, 3, 2, 2, 2, 3, 2, 3, 1, 3, 1, 3, 2, 2, 3, 1, 1, 1, 2, 2, 3, 2, 4, 3, 5, 1, 3, 4, 3, 1, 3, 1, 1, 1, 2, 3, 1, 1, 1, 1, 2, 1, 1, 5, 1, 3, 1, 3, 3, 4, 1, 1, 2, 1, 2, 3, 2, 1, 2, 1, 2, 3, 3, 3, 3, 1, 2, 1, 1, 1, 2, 1, 2, 1, 1, 2, 1, 2, 1, 2, 1, 3, 1, 1, 2, 1, 2, 1, 2, 1, 1, 3, 1, 2, 3, 1, 3, 1, 1, 1, 1, 1, 1, 1, 1, 1, 2, 1, 1, 1, 1, 1, 1, 2, 1, 1, 2, 1, 2, 1, 1, 1, 3, 1, 3, 1, 2, 1, 2, 1, 2, 1, 1, 1, 1, 1, 1, 1, 1, 1, 1, 2, 1, 1, 1, 1, 2, 1, 1, 1, 1, 1, 1, 1, 1, 2, 1, 1, 1, 1, 1, 1, 1, 1, 2, 2, 1, 1, 2, 1, 1, 1, 1, 1, 1, 1, 1, 1, 1, 1, 1, 2, 1, 1, 1, 1, 1, 1, 1, 1, 1, 1
sus, 492, 489, 482, 478, 477, 474, 473, 472, 470, 468, 466, 466, 466, 463, 460, 460, 458, 457, 455, 452, 452, 448, 447, 442, 441, 440, 434, 433, 428, 425, 421, 414, 410, 408, 404, 398, 394, 393, 390, 388, 386, 383, 380, 380, 378, 375, 374, 373, 370, 368, 362, 357, 351, 347, 345, 343, 342, 337, 334, 326, 325, 322, 319, 315, 308, 305, 301, 296, 295, 293, 284, 278, 274, 269, 267, 262, 260, 257, 253, 252, 250, 242, 237, 234, 229, 225, 223, 219, 215, 210, 210, 208, 208, 207, 200, 197, 194, 191, 188, 186, 183, 179, 175, 174, 169, 168, 162, 161, 160, 157, 154, 153, 146, 143, 137, 136, 133, 131, 129, 127, 127, 125, 123, 120, 116, 114, 111, 110, 110, 110, 105, 98, 96, 91, 87, 85, 82, 82, 80, 80, 79, 74, 73, 73, 70, 69, 67, 66, 66, 65, 63, 63, 59, 58, 58, 55, 54, 52, 51, 51, 46, 45, 44, 44, 40, 39, 39, 38, 38, 38, 37, 37, 37, 36, 36, 35, 35, 35, 35, 35, 34, 34, 33, 32, 32, 32, 31, 30, 30, 30, 30, 30, 30, 29, 29, 28, 28, 28, 28, 27, 27, 26, 24, 24, 24, 23, 22, 21, 21, 21, 21, 20, 20, 19, 18, 17, 17, 16, 16, 15, 15, 14, 14, 14, 14, 14, 13, 13, 13, 13, 13, 13, 13, 13, 13, 12, 12, 12, 12, 12, 11, 11, 11, 11, 11, 11, 11, 10, 10, 10, 10, 10, 10, 10, 10, 10, 10, 10, 10, 10, 10, 10, 10, 10, 10, 10, 10, 10, 10, 10, 10, 10, 10, 10, 10, 10, 9, 9, 9, 8, 8, 8, 8, 8, 7, 6, 6, 6, 6, 6, 6, 6, 6, 6, 5, 5, 5, 5, 5, 5, 5, 5, 5, 5, 5, 5, 5, 5, 5, 5, 5, 5, 5, 5, 5, 4, 4, 4, 4, 4, 4, 4, 4, 4, 4, 4, 4, 4, 4, 4, 4, 4, 4, 4, 4, 3, 3, 3, 3, 3, 3, 3, 3, 3, 3, 3, 3, 3, 3, 3, 3, 3, 3, 3, 3, 3, 3, 3, 3, 3, 3, 3, 3, 3, 3, 3, 3, 3, 2, 2, 2, 2, 2, 2, 2, 2, 2, 2, 2, 2, 2, 2, 2, 2, 2, 2, 2, 2, 2, 2, 2, 2, 2, 2, 2, 2, 2, 2, 2, 2, 2, 2, 2, 2, 2, 2, 2, 2, 2, 2, 2, 2, 2, 2, 2, 2, 2, 2, 2, 2, 2, 2, 2, 2, 2, 2, 2, 2, 2, 2, 2, 2, 2, 2, 2, 2, 2, 2, 2, 2, 2, 2, 2, 2, 2, 2, 2, 2, 2, 2, 2, 2, 2, 2, 2, 2, 2, 2, 2, 2, 2, 2, 2, 2, 2, 2, 2, 2, 2, 2, 2, 2, 2, 2, 2, 2, 2, 2, 2, 2, 2, 2, 2, 2, 2, 2, 2, 2, 2, 2, 2, 2, 2, 2, 2, 2, 2, 2, 2, 2, 2, 2, 2, 2, 2, 2, 2, 2, 2, 2, 2, 2, 2, 2, 2, 2, 2, 2, 2, 2, 2, 2, 2, 2, 2, 2, 2, 2, 2, 2, 2, 2, 2, 2, 2, 2, 2
exp, 2, 5, 11, 15, 15, 18, 19, 20, 22, 24, 26, 26, 25, 28, 31, 30, 31, 31, 33, 36, 35, 39, 38, 42, 43, 42, 48, 47, 52, 55, 59, 65, 68, 70, 73, 78, 82, 82, 85, 86, 85, 88, 91, 90, 92, 94, 94, 94, 97, 98, 103, 106, 112, 116, 117, 119, 118, 120, 122, 130, 128, 130, 131, 134, 138, 139, 143, 148, 148, 149, 158, 161, 163, 166, 168, 171, 172, 173, 176, 176, 176, 182, 186, 185, 188, 191, 190, 192, 196, 198, 195, 196, 194, 194, 199, 200, 202, 205, 206, 206, 205, 207, 208, 205, 209, 208, 214, 214, 214, 216, 217, 215, 219, 220, 225, 224, 225, 225, 227, 227, 224, 223, 224, 225, 228, 228, 231, 228, 226, 223, 228, 233, 232, 236, 236, 235, 237, 237, 237, 235, 235, 238, 238, 236, 239, 238, 237, 234, 232, 228, 227, 224, 226, 226, 226, 227, 227, 224, 224, 223, 224, 223, 223, 221, 223, 223, 222, 222, 217, 217, 216, 215, 212, 212, 210, 210, 209, 208, 205, 205, 204, 203, 202, 203, 201, 200, 198, 198, 196, 191, 190, 187, 186, 184, 181, 181, 179, 176, 174, 175, 173, 172, 171, 169, 167, 167, 165, 165, 164, 162, 160, 160, 157, 157, 157, 153, 152, 152, 149, 150, 148, 149, 147, 146, 142, 140, 139, 138, 135, 133, 132, 131, 131, 128, 126, 127, 126, 125, 124, 123, 124, 123, 119, 118, 117, 117, 117, 116, 114, 113, 113, 111, 110, 110, 109, 109, 107, 107, 107, 105, 105, 103, 103, 101, 101, 101, 100, 97, 96, 95, 93, 93, 92, 88, 88, 88, 88, 88, 86, 87, 85, 85, 83, 81, 82, 81, 81, 81, 81, 81, 80, 80, 80, 80, 80, 80, 80, 79, 79, 79, 79, 78, 77, 77, 77, 76, 76, 75, 75, 74, 74, 73, 72, 72, 71, 72, 71, 70, 70, 70, 69, 69, 68, 68, 68, 67, 67, 66, 66, 66, 66, 65, 64, 64, 63, 64, 63, 61, 61, 61, 60, 60, 59, 57, 57, 57, 57, 55, 55, 55, 54, 54, 54, 53, 53, 52, 52, 52, 52, 51, 51, 51, 51, 50, 50, 50, 50, 48, 48, 47, 47, 46, 45, 44, 44, 43, 43, 43, 43, 42, 42, 42, 42, 41, 41, 41, 41, 41, 40, 39, 37, 37, 37, 36, 36, 36, 36, 36, 36, 36, 36, 36, 36, 36, 36, 36, 36, 35, 34, 33, 33, 32, 31, 31, 31, 31, 31, 31, 31, 30, 29, 29, 28, 27, 27, 27, 26, 26, 26, 26, 26, 26, 26, 26, 26, 26, 25, 24, 23, 23, 23, 22, 22, 21, 21, 21, 21, 21, 20, 19, 19, 18, 17, 17, 17, 17, 16, 16, 16, 16, 16, 15, 15, 15, 15, 14, 13, 12, 12, 12, 12, 12, 12, 12, 12, 12, 12, 12, 12, 11, 11, 11, 11, 11, 11, 10, 9, 8, 8, 8, 8, 8, 8, 7, 6, 5, 4, 4, 3, 3, 3, 2, 2, 2, 2, 2, 2, 2, 2, 2, 2, 1, 1, 1, 0, 0, 0, 0, 0, 0, 0, 0, 0, 0, 0, 0, 0, 0, 0, 0, 0, 0, 0, 0, 0, 0, 0
inf, 6, 6, 7, 7, 8, 8, 8, 8, 8, 8, 8, 7, 8, 8, 8, 9, 10, 11, 11, 11, 12, 12, 14, 15, 15, 17, 16, 18, 18, 18, 18, 19, 18, 18, 18, 19, 19, 20, 20, 21, 24, 23, 23, 24, 24, 25, 26, 27, 27, 28, 27, 28, 27, 27, 28, 28, 30, 32, 33, 32, 34, 34, 36, 36, 39, 40, 40, 40, 40, 40, 39, 41, 43, 44, 44, 46, 47, 48, 49, 50, 52, 54, 55, 59, 61, 62, 64, 65, 64, 66, 69, 70, 72, 71, 72, 74, 75, 75, 77, 79, 83, 84, 86, 89, 88, 89, 88, 88, 86, 87, 88, 91, 93, 94, 95, 97, 98, 100, 99, 99, 100, 101, 102, 102, 101, 103, 101, 104, 106, 108, 107, 104, 107, 106, 109, 111, 112, 112, 114, 116, 116, 118, 116, 117, 116, 114, 116, 120, 120, 124, 127, 130, 131, 130, 127, 127, 126, 128, 126, 127, 130, 129, 130, 132, 134, 134, 132, 131, 134, 133, 135, 135, 136, 135, 135, 133, 133, 131, 134, 132, 132, 131, 133, 132, 131, 130, 131, 129, 129, 133, 134, 136, 135, 137, 140, 141, 142, 141, 140, 135, 134, 135, 136, 137, 138, 138, 140, 139, 139, 139, 135, 134, 136, 137, 138, 142, 141, 140, 141, 139, 139, 138, 139, 139, 142, 142, 143, 143, 144, 145, 145, 144, 142, 145, 145, 145, 146, 145, 145, 144, 143, 142, 146, 145, 146, 144, 142, 144, 146, 146, 143, 145, 145, 143, 141, 141, 142, 141, 139, 140, 139, 140, 138, 138, 138, 136, 135, 135, 134, 134, 132, 132, 131, 133, 131, 130, 129, 128, 130, 127, 127, 125, 125, 124, 124, 125, 124, 123, 121, 117, 117, 116, 113, 112, 112, 110, 109, 108, 107, 104, 101, 101, 102, 102, 101, 101, 101, 102, 101, 102, 101, 101, 102, 98, 99, 98, 99, 100, 99, 96, 97, 96, 96, 94, 92, 93, 91, 92, 89, 88, 87, 88, 88, 87, 86, 85, 83, 85, 84, 83, 83, 83, 84, 84, 82, 81, 79, 81, 80, 79, 78, 76, 74, 75, 74, 75, 74, 72, 70, 70, 70, 69, 68, 69, 68, 66, 66, 66, 67, 66, 66, 65, 65, 66, 66, 65, 64, 63, 62, 63, 61, 61, 60, 61, 60, 59, 58, 58, 57, 58, 60, 59, 56, 56, 55, 55, 54, 53, 52, 50, 48, 48, 48, 47, 47, 45, 42, 43, 43, 44, 44, 44, 45, 44, 43, 41, 41, 41, 40, 41, 42, 41, 42, 43, 41, 41, 42, 41, 40, 39, 39, 38, 37, 36, 36, 35, 34, 35, 35, 34, 34, 34, 33, 34, 33, 32, 31, 31, 32, 33, 32, 33, 34, 33, 32, 32, 33, 32, 30, 29, 28, 29, 29, 28, 28, 29, 30, 30, 29, 26, 25, 25, 25, 23, 22, 21, 21, 20, 19, 20, 19, 19, 18, 17, 16, 17, 18, 19, 18, 18, 17, 16, 15, 16, 17, 18, 19, 18, 19, 18, 17, 18, 17, 17, 16, 15, 15, 14, 14, 13, 12, 13, 12, 12, 13, 12, 11, 10, 10, 9, 9, 8, 7, 7, 6, 5, 4, 4, 4, 3, 2, 2, 2, 1, 0, 0, 0
dead, 0, 0, 0, 0, 0, 0, 0, 0, 0, 0, 0, 1, 1, 1, 1, 1, 0, 0, 0, 0, 0, 0, 0, 0, 0, 0, 1, 1, 1, 1, 1, 1, 2, 2, 1, 1, 0, 0, 0, 0, 0, 0, 0, 0, 0, 0, 0, 0, 0, 0, 2, 3, 4, 4, 3, 2, 2, 3, 2, 2, 3, 2, 2, 2, 1, 0, 0, 0, 1, 2, 3, 3, 2, 3, 3, 3, 3, 4, 2, 2, 1, 1, 1, 1, 0, 0, 1, 1, 2, 3, 2, 2, 2, 3, 4, 4, 4, 4, 4, 4, 4, 4, 4, 5, 6, 6, 5, 6, 9, 7, 7, 6, 6, 5, 5, 4, 4, 4, 4, 4, 4, 6, 5, 6, 8, 7, 6, 7, 6, 6, 6, 7, 6, 7, 7, 7, 7, 6, 6, 5, 5, 4, 6, 6, 6, 7, 6, 6, 7, 8, 7, 5, 6, 6, 8, 8, 9, 10, 11, 9, 9, 7, 7, 7, 7, 7, 8, 8, 10, 10, 7, 6, 5, 7, 8, 9, 8, 9, 7, 7, 8, 9, 6, 6, 8, 8, 8, 9, 9, 9, 8, 8, 9, 9, 9, 7, 8, 9, 9, 12, 13, 9, 10, 8, 7, 7, 7, 9, 8, 7, 8, 8, 8, 6, 5, 5, 5, 6, 7, 8, 8, 7, 7, 8, 8, 9, 8, 8, 10, 10, 11, 13, 11, 9, 10, 10, 9, 9, 8, 10, 10, 11, 10, 10, 10, 11, 12, 12, 11, 11, 10, 9, 9, 9, 9, 7, 7, 8, 8, 8, 9, 9, 10, 9, 7, 7, 8, 8, 10, 10, 12, 10, 10, 10, 11, 10, 12, 12, 12, 10, 9, 9, 9, 7, 6, 7, 7, 7, 8, 9, 9, 8, 10, 9, 8, 9, 9, 10, 11, 10, 10, 9, 9, 8, 6, 6, 5, 5, 4, 4, 4, 5, 4, 6, 6, 6, 6, 5, 5, 5, 5, 4, 5, 5, 7, 7, 7, 7, 9, 6, 6, 5, 6, 3, 5, 5, 6, 6, 6, 6, 6, 5, 5, 6, 6, 7, 7, 7, 6, 6, 8, 10, 10, 10, 9, 9, 8, 9, 10, 10, 9, 10, 11, 10, 10, 11, 9, 11, 10, 9, 8, 10, 9, 7, 6, 7, 8, 9, 10, 9, 9, 8, 8, 8, 9, 9, 10, 9, 8, 8, 7, 7, 10, 9, 7, 6, 7, 6, 7, 9, 9, 7, 6, 6, 5, 7, 10, 8, 8, 6, 5, 6, 6, 6, 7, 9, 8, 6, 6, 6, 5, 5, 4, 4, 6, 5, 3, 4, 4, 4, 3, 2, 3, 3, 2, 2, 4, 4, 5, 3, 2, 1, 1, 1, 2, 2, 2, 1, 1, 1, 2, 1, 1, 1, 2, 1, 1, 1, 2, 3, 4, 3, 2, 2, 1, 1, 1, 1, 1, 4, 4, 2, 1, 1, 1, 1, 0, 1, 1, 1, 1, 0, 0, 1, 2, 2, 1, 1, 2, 1, 1, 0, 0, 0, 0, 0, 0, 0, 0, 0, 0, 0, 1, 0, 1, 2, 1, 2, 1, 1, 1, 1, 2, 0, 0, 0, 0, 1, 0, 1, 0, 1, 2, 1, 2, 3, 3, 2, 1, 2, 2, 1, 0, 1, 2, 1, 0
rec, 0, 0, 0, 0, 0, 0, 0, 0, 0, 0, 0, 0, 0, 0, 0, 0, 0, 0, 0, 0, 0, 0, 0, 0, 0, 0, 0, 0, 0, 0, 0, 0, 1, 1, 1, 1, 1, 1, 1, 1, 1, 2, 2, 2, 2, 2, 2, 2, 2, 2, 2, 2, 2, 2, 2, 2, 2, 2, 2, 3, 3, 4, 4, 5, 5, 6, 6, 6, 6, 6, 6, 7, 7, 7, 7, 7, 7, 7, 7, 7, 7, 7, 7, 7, 7, 7, 7, 8, 8, 8, 8, 8, 8, 9, 9, 9, 9, 9, 9, 9, 9, 9, 9, 9, 9, 10, 11, 11, 11, 11, 11, 11, 11, 12, 12, 12, 12, 12, 13, 13, 14, 14, 14, 15, 15, 15, 16, 16, 16, 16, 16, 18, 18, 19, 19, 19, 19, 19, 19, 19, 19, 19, 19, 19, 19, 22, 23, 23, 24, 24, 24, 24, 24, 25, 26, 27, 28, 28, 29, 29, 29, 31, 31, 31, 31, 31, 32, 34, 34, 34, 34, 35, 36, 36, 37, 38, 39, 40, 40, 41, 41, 42, 42, 42, 43, 44, 45, 45, 45, 46, 46, 46, 46, 46, 46, 46, 46, 48, 49, 50, 51, 52, 52, 53, 53, 54, 54, 54, 55, 56, 58, 58, 58, 58, 58, 58, 59, 60, 61, 62, 62, 62, 62, 62, 62, 63, 64, 65, 65, 65, 65, 65, 66, 66, 66, 66, 66, 67, 68, 68, 68, 69, 69, 70, 70, 70, 70, 70, 70, 70, 72, 72, 72, 73, 74, 74, 74, 74, 75, 75, 75, 75, 75, 75, 75, 76, 77, 79, 79, 79, 81, 81, 82, 83, 83, 84, 84, 84, 84, 86, 87, 87, 88, 90, 90, 90, 91, 92, 92, 94, 95, 95, 96, 97, 98, 98, 98, 99, 99, 99, 100, 100, 100, 100, 101, 101, 101, 101, 102, 102, 102, 102, 102, 103, 103, 104, 104, 104, 104, 105, 105, 105, 105, 106, 106, 106, 107, 107, 108, 109, 109, 109, 109, 110, 110, 111, 113, 113, 113, 114, 114, 114, 114, 114, 115, 115, 116, 116, 117, 117, 117, 117, 118, 118, 118, 118, 118, 119, 120, 120, 120, 120, 120, 120, 120, 120, 120, 120, 120, 121, 121, 121, 121, 121, 121, 122, 122, 122, 122, 122, 123, 123, 124, 124, 124, 124, 124, 124, 125, 125, 125, 126, 126, 127, 127, 127, 127, 128, 128, 128, 129, 129, 129, 129, 129, 129, 129, 129, 129, 129, 129, 129, 129, 130, 130, 130, 130, 130, 131, 131, 131, 132, 132, 132, 132, 132, 132, 132, 133, 133, 133, 134, 134, 134, 134, 135, 135, 135, 135, 136, 136, 137, 138, 138, 138, 139, 140, 140, 140, 140, 140, 140, 140, 141, 141, 141, 141, 142, 143, 143, 143, 143, 143, 143, 143, 143, 143, 143, 144, 144, 145, 145, 145, 147, 148, 148, 148, 148, 149, 149, 150, 150, 151, 151, 151, 151, 151, 151, 151, 151, 152, 153, 154, 154, 154, 154, 154, 155, 155, 156, 156, 156, 156, 156, 156, 156, 156, 156, 156, 156, 156, 156, 156, 156, 156, 157, 158, 158, 158, 158, 158, 158, 158, 158, 158, 158, 158, 158, 158, 158, 159, 159, 159, 159, 159, 159, 159
rem, 0, 0, 0, 0, 0, 0, 0, 0, 0, 0, 0, 0, 0, 0, 0, 0, 1, 1, 1, 1, 1, 1, 1, 1, 1, 1, 1, 1, 1, 1, 1, 1, 1, 1, 3, 3, 4, 4, 4, 4, 4, 4, 4, 4, 4, 4, 4, 4, 4, 4, 4, 4, 4, 4, 5, 6, 6, 6, 7, 7, 7, 8, 8, 8, 9, 10, 10, 10, 10, 10, 10, 10, 11, 11, 11, 11, 11, 11, 13, 13, 14, 14, 14, 14, 15, 15, 15, 15, 15, 15, 16, 16, 16, 16, 16, 16, 16, 16, 16, 16, 16, 17, 18, 18, 19, 19, 20, 20, 20, 22, 23, 24, 25, 26, 26, 27, 28, 28, 28, 30, 31, 31, 32, 32, 32, 33, 35, 35, 36, 37, 38, 40, 41, 41, 42, 43, 43, 44, 44, 45, 46, 47, 48, 49, 50, 50, 51, 51, 51, 51, 52, 54, 54, 55, 55, 56, 56, 58, 59, 61, 62, 65, 65, 65, 65, 66, 67, 67, 67, 68, 71, 72, 74, 74, 74, 75, 76, 77, 79, 80, 81, 81, 84, 85, 85, 86, 87, 89, 91, 91, 92, 93, 94, 95, 95, 97, 97, 98, 100, 101, 102, 106, 107, 109, 111, 111, 112, 112, 113, 115, 118, 120, 121, 123, 124, 125, 126, 126, 126, 126, 128, 130, 131, 131, 132, 132, 133, 133, 133, 134, 134, 134, 137, 139, 140, 140, 141, 142, 143, 143, 144, 144, 145, 146, 146, 147, 148, 148, 149, 150, 152, 153, 154, 155, 157, 159, 160, 160, 161, 162, 162, 163, 164, 167, 169, 170, 170, 171, 171, 172, 172, 174, 175, 176, 177, 178, 178, 179, 179, 182, 184, 186, 187, 190, 191, 191, 191, 191, 192, 193, 193, 195, 195, 196, 197, 198, 199, 199, 199, 203, 205, 207, 207, 208, 210, 211, 212, 212, 213, 213, 214, 214, 215, 216, 216, 216, 216, 217, 218, 220, 220, 222, 222, 223, 223, 223, 224, 224, 224, 227, 228, 229, 229, 232, 232, 232, 232, 232, 233, 233, 234, 235, 235, 236, 237, 237, 238, 238, 239, 240, 240, 240, 241, 241, 243, 243, 245, 245, 245, 246, 247, 247, 247, 248, 249, 250, 252, 252, 253, 255, 256, 256, 258, 260, 261, 261, 261, 261, 261, 262, 263, 264, 264, 264, 264, 265, 265, 266, 268, 268, 269, 269, 269, 270, 273, 274, 274, 275, 275, 275, 276, 278, 279, 280, 281, 281, 281, 283, 284, 286, 287, 287, 287, 287, 287, 287, 288, 290, 290, 290, 291, 291, 292, 292, 292, 293, 295, 295, 295, 296, 297, 298, 298, 299, 300, 300, 300, 300, 300, 302, 303, 304, 304, 304, 304, 304, 304, 305, 305, 305, 305, 306, 306, 306, 306, 307, 307, 307, 307, 307, 307, 308, 309, 310, 311, 311, 311, 312, 312, 312, 312, 314, 315, 315, 315, 316, 317, 317, 317, 317, 317, 318, 318, 318, 318, 318, 319, 319, 319, 320, 320, 321, 321, 321, 321, 321, 321, 321, 321, 321, 322, 322, 322, 323, 323, 323, 324, 324, 325, 326, 327, 327, 327, 329, 329, 329, 329, 329, 330, 330, 331, 331, 331, 332, 332, 332, 333, 334, 335, 335, 335, 336, 337, 337, 337, 338, 339
timesteps, 0, 1, 2, 3, 4, 5, 6, 7, 9, 11, 12, 13, 15, 17, 18, 19, 21, 22, 23, 24, 26, 29, 30, 32, 35, 36, 37, 38, 39, 40, 41, 42, 43, 45, 46, 47, 48, 49, 51, 52, 53, 54, 55, 56, 58, 59, 60, 61, 62, 63, 64, 65, 66, 67, 68, 69, 70, 71, 72, 73, 74, 75, 76, 77, 78, 79, 80, 81, 82, 83, 84, 85, 86, 87, 88, 89, 90, 91, 92, 93, 94, 95, 96, 97, 98, 99, 100, 101, 102, 103, 104, 105, 106, 107, 108, 109, 110, 111, 112, 113, 114, 115, 116, 117, 118, 119, 120, 121, 122, 123, 124, 125, 126, 127, 128, 129, 130, 131, 132, 133, 134, 135, 136, 137, 138, 139, 140, 141, 142, 143, 144, 145, 146, 147, 148, 149, 150, 151, 152, 153, 154, 155, 156, 157, 158, 159, 160, 161, 162, 163, 164, 165, 166, 167, 168, 169, 170, 171, 172, 173, 174, 175, 176, 177, 178, 179, 180, 181, 182, 183, 184, 185, 186, 187, 188, 189, 190, 191, 192, 193, 194, 195, 196, 197, 198, 199, 200, 201, 202, 203, 204, 205, 206, 207, 208, 209, 210, 211, 212, 213, 214, 215, 216, 217, 218, 219, 220, 221, 222, 223, 224, 225, 226, 227, 228, 229, 230, 231, 232, 233, 234, 235, 236, 237, 238, 239, 241, 242, 243, 244, 245, 246, 247, 248, 249, 250, 251, 252, 253, 254, 255, 256, 257, 258, 259, 260, 261, 263, 264, 265, 266, 267, 268, 269, 270, 271, 272, 273, 274, 275, 276, 278, 279, 280, 281, 282, 284, 286, 287, 288, 289, 290, 291, 292, 293, 294, 295, 296, 297, 298, 299, 300, 301, 302, 303, 304, 305, 306, 307, 308, 309, 310, 311, 313, 314, 315, 316, 317, 318, 319, 320, 321, 322, 323, 324, 325, 326, 327, 328, 329, 330, 331, 332, 333, 334, 335, 336, 337, 338, 340, 341, 343, 345, 346, 347, 348, 350, 351, 352, 353, 354, 355, 356, 357, 358, 359, 360, 361, 362, 363, 364, 365, 366, 367, 368, 369, 370, 371, 372, 373, 374, 375, 376, 377, 378, 379, 380, 381, 382, 383, 384, 385, 387, 388, 389, 390, 391, 392, 393, 394, 395, 396, 398, 399, 400, 401, 402, 404, 406, 407, 408, 409, 410, 411, 412, 413, 414, 415, 416, 417, 418, 419, 420, 421, 423, 427, 428, 430, 434, 439, 440, 441, 442, 444, 445, 446, 447, 448, 450, 451, 452, 453, 457, 458, 459, 460, 463, 464, 465, 466, 467, 468, 469, 471, 473, 475, 476, 478, 480, 481, 482, 484, 485, 486, 488, 489, 491, 492, 493, 495, 496, 497, 500, 501, 502, 504, 505, 506, 508, 509, 510, 511, 512, 513, 515, 516, 517, 520, 523, 524, 525, 526, 527, 529, 530, 533, 534, 538, 541, 546, 548, 550, 551, 553, 554, 555, 556, 557, 558, 559, 569, 570, 572, 575, 576, 577, 580, 581, 583, 586, 587, 588, 591, 594, 596, 597, 600, 603, 607, 608, 609, 610, 613, 615, 617, 618, 623, 625, 635, 651, 652, 656, 657, 658, 680, 717, 719, 721, 802, 803, 830, 839, 962
events, 1, 2, 2, 3, 1, 1, 2, 2, 2, 2, 1, 3, 1, 1, 3, 1, 1, 2, 3, 3, 2, 2, 3, 2, 1, 1, 3, 1, 5, 2, 2, 3, 1, 3, 3, 2, 1, 4, 3, 2, 5, 4, 1, 5, 3, 9, 3, 5, 8, 4, 6, 9, 4, 4, 2, 2, 7, 7, 3, 6, 5, 4, 5, 5, 5, 5, 5, 9, 5, 4, 9, 4, 8, 3, 6, 6, 9, 6, 7, 8, 8, 6, 9, 7, 6, 5, 7, 5, 7, 3, 4, 6, 6, 5, 4, 7, 8, 8, 5, 3, 8, 9, 6, 5, 9, 7, 13, 7, 6, 5, 6, 4, 6, 5, 10, 6, 7, 8, 5, 6, 8, 8, 9, 3, 8, 4, 9, 7, 6, 7, 10, 5, 11, 3, 9, 5, 6, 5, 5, 5, 6, 2, 4, 3, 9, 11, 5, 7, 4, 7, 5, 7, 6, 3, 3, 5, 3, 3, 7, 5, 8, 5, 5, 4, 8, 4, 7, 5, 5, 10, 4, 4, 4, 4, 5, 4, 5, 3, 3, 12, 6, 4, 5, 11, 4, 6, 5, 7, 5, 4, 5, 7, 6, 6, 9, 4, 5, 6, 4, 4, 5, 1, 9, 4, 7, 2, 7, 6, 5, 8, 2, 5, 3, 4, 4, 3, 6, 2, 8, 2, 4, 2, 8, 2, 5, 3, 7, 4, 4, 5, 4, 3, 6, 6, 6, 6, 5, 8, 4, 5, 2, 3, 2, 3, 2, 2, 5, 8, 4, 9, 4, 2, 6, 6, 2, 3, 9, 3, 4, 5, 3, 4, 3, 7, 4, 3, 2, 4, 3, 2, 3, 2, 1, 6, 4, 3, 3, 7, 1, 5, 4, 3, 1, 5, 4, 7, 5, 3, 3, 1, 6, 4, 4, 3, 3, 6, 4, 3, 5, 5, 2, 6, 4, 3, 2, 5, 2, 1, 3, 2, 5, 1, 2, 2, 2, 2, 3, 1, 4, 3, 1, 3, 1, 4, 6, 3, 3, 4, 3, 4, 5, 1, 1, 1, 3, 2, 3, 1, 1, 3, 2, 4, 2, 6, 1, 3, 1, 3, 3, 3, 1, 2, 1, 2, 1, 1, 3, 3, 1, 1, 1, 1, 1, 1, 2, 2, 1, 4, 1, 1, 2, 1, 1, 3, 2, 3, 3, 3, 1, 3, 2, 1, 1, 1, 3, 5, 2, 2, 1, 1, 3, 3, 1, 2, 1, 2, 1, 1, 3, 1, 2, 1, 1, 2, 3, 3, 1, 1, 1, 1, 1, 1, 2, 3, 2, 1, 2, 1, 4, 1, 1, 1, 2, 1, 2, 1, 1, 3, 3, 1, 2, 1, 1, 3, 1, 1, 1, 2, 1, 1, 1, 4, 2, 1, 2, 1, 1, 1, 3, 1, 1, 1, 1, 1, 1, 1, 2, 1, 3, 1, 1, 2, 2, 1, 3, 1, 2, 2, 1, 3, 1, 1, 1, 2, 1, 1, 1, 1, 1, 1, 1, 2, 1, 2, 1, 1, 1, 1, 2, 1, 1, 2, 1, 3, 1, 1, 1, 1, 1, 1, 1, 1, 1, 1, 1, 1, 1, 1, 2, 1, 2, 2, 1, 2, 1, 1, 1, 1, 1, 1, 1, 1, 1
sus, 494, 492, 490, 488, 487, 486, 484, 482, 480, 479, 478, 475, 474, 474, 471, 470, 470, 469, 466, 463, 461, 460, 457, 455, 454, 454, 453, 452, 448, 446, 445, 443, 442, 441, 438, 437, 437, 434, 433, 431, 427, 425, 424, 420, 419, 413, 411, 409, 403, 400, 397, 392, 388, 384, 382, 381, 375, 371, 368, 366, 362, 358, 353, 350, 347, 343, 340, 332, 328, 325, 320, 317, 310, 309, 306, 304, 298, 292, 289, 282, 274, 269, 263, 257, 254, 251, 247, 242, 237, 234, 232, 227, 223, 220, 219, 215, 211, 205, 203, 201, 195, 191, 189, 187, 182, 178, 169, 165, 162, 160, 158, 157, 153, 151, 147, 146, 141, 136, 133, 132, 126, 123, 120, 118, 115, 114, 112, 108, 104, 99, 97, 94, 90, 90, 87, 85, 83, 83, 80, 77, 75, 74, 74, 74, 72, 69, 68, 67, 65, 62, 59, 58, 58, 58, 58, 55, 55, 55, 52, 51, 50, 50, 49, 47, 46, 46, 44, 41, 40, 38, 37, 36, 36, 36, 36, 36, 36, 36, 36, 34, 32, 32, 31, 29, 29, 27, 27, 26, 26, 26, 26, 26, 25, 25, 23, 23, 21, 20, 19, 19, 19, 19, 19, 18, 18, 18, 18, 17, 17, 16, 16, 15, 14, 13, 13, 13, 13, 13, 13, 13, 13, 13, 12, 12, 12, 12, 11, 11, 11, 11, 11, 11, 11, 10, 10, 10, 10, 10, 10, 9, 9, 9, 9, 9, 8, 8, 8, 8, 8, 7, 7, 7, 7, 7, 7, 7, 6, 6, 6, 5, 5, 5, 5, 5, 4, 4, 4, 4, 3, 3, 3, 3, 3, 3, 3, 3, 3, 3, 3, 3, 3, 3, 3, 2, 2, 2, 2, 2, 2, 2, 2, 2, 2, 2, 2, 2, 2, 2, 2, 2, 2, 2, 2, 2, 2, 2, 2, 2, 2, 2, 2, 2, 2, 2, 2, 2, 2, 2, 2, 2, 2, 2, 2, 2, 2, 2, 2, 2, 2, 2, 2, 2, 2, 2, 2, 2, 2, 2, 2, 2, 2, 2, 2, 1, 1, 1, 1, 1, 1, 1, 1, 1, 1, 1, 1, 1, 1, 1, 1, 1, 1, 1, 1, 1, 1, 1, 1, 1, 1, 1, 1, 1, 1, 1, 1, 1, 1, 1, 1, 1, 1, 1, 1, 1, 1, 1, 1, 1, 1, 1, 1, 1, 1, 1, 1, 1, 1, 1, 1, 1, 1, 1, 1, 1, 1, 1, 1, 1, 1, 1, 1, 1, 1, 1, 1, 1, 1, 1, 1, 1, 1, 1, 1, 1, 1, 1, 1, 1, 1, 1, 1, 1, 1, 1, 1, 1, 1, 1, 1, 1, 1, 1, 1, 1, 1, 1, 1, 1, 1, 1, 1, 1, 1, 1, 1, 1, 1, 1, 1, 1, 1, 1, 1, 1, 1, 1, 1, 1, 1, 1, 1, 1, 1, 1, 1, 1, 1, 1, 1, 1, 1, 1, 1, 1, 1, 1, 1, 1, 1, 1, 1, 1, 1, 1, 1, 1, 1, 1, 1, 1, 1, 1, 1, 1, 1, 1, 1, 1, 1, 1, 1, 1, 1, 1, 1, 1, 1, 1, 1, 1, 1, 1, 1
exp, 1, 3, 5, 7, 8, 9, 11, 13, 15, 15, 16, 19, 20, 19, 22, 23, 22, 22, 25, 28, 30, 31, 34, 36, 37, 36, 35, 36, 40, 42, 42, 44, 45, 45, 48, 48, 48, 50, 50, 52, 55, 56, 57, 60, 59, 63, 65, 66, 71, 73, 75, 76, 80, 84, 86, 86, 92, 94, 97, 95, 99, 103, 108, 109, 110, 113, 114, 121, 124, 126, 128, 130, 136, 136, 136, 134, 137, 143, 143, 149, 157, 161, 165, 171, 172, 175, 176, 181, 185, 188, 189, 193, 195, 196, 195, 197, 198, 204, 204, 205, 210, 212, 212, 212, 214, 216, 223, 226, 228, 228, 226, 226, 229, 229, 230, 227, 230, 233, 234, 231, 237, 238, 238, 239, 237, 236, 233, 235, 238, 242, 239, 240, 238, 235, 236, 237, 236, 232, 235, 237, 237, 237, 235, 233, 232, 232, 231, 228, 229, 230, 233, 231, 228, 226, 223, 226, 225, 223, 225, 223, 220, 217, 214, 214, 212, 211, 210, 211, 211, 210, 208, 206, 205, 204, 202, 200, 197, 197, 197, 196, 196, 194, 194, 194, 193, 192, 192, 192, 189, 187, 184, 181, 181, 180, 180, 178, 179, 179, 179, 179, 177, 177, 173, 173, 172, 172, 166, 164, 162, 159, 159, 159, 159, 159, 155, 153, 150, 149, 146, 146, 146, 146, 144, 144, 143, 143, 143, 142, 140, 138, 137, 135, 134, 133, 131, 130, 126, 123, 121, 121, 121, 119, 119, 119, 119, 118, 117, 116, 114, 113, 112, 111, 110, 108, 107, 105, 104, 102, 102, 101, 101, 100, 99, 96, 94, 93, 92, 91, 92, 91, 90, 89, 89, 88, 87, 86, 86, 86, 86, 85, 83, 83, 82, 82, 82, 82, 82, 82, 79, 79, 78, 75, 73, 72, 72, 71, 70, 69, 69, 66, 65, 63, 62, 62, 62, 61, 61, 61, 61, 60, 59, 58, 58, 58, 57, 57, 57, 56, 55, 53, 53, 52, 51, 51, 50, 50, 49, 49, 48, 47, 46, 46, 46, 46, 46, 45, 45, 44, 44, 44, 44, 44, 44, 44, 43, 42, 42, 41, 41, 40, 39, 39, 39, 39, 38, 38, 38, 38, 38, 38, 38, 38, 38, 38, 38, 38, 38, 38, 38, 38, 38, 38, 38, 38, 36, 36, 36, 35, 35, 35, 35, 35, 35, 35, 34, 32, 32, 32, 32, 32, 32, 32, 31, 30, 29, 28, 27, 27, 27, 26, 25, 25, 25, 24, 24, 23, 23, 23, 23, 23, 23, 23, 22, 21, 20, 20, 20, 20, 20, 20, 20, 19, 19, 19, 18, 17, 16, 15, 14, 14, 14, 14, 14, 14, 13, 13, 13, 12, 12, 11, 11, 10, 10, 10, 10, 10, 10, 10, 9, 9, 8, 8, 8, 8, 8, 8, 8, 7, 6, 5, 5, 5, 5, 5, 4, 4, 4, 3, 3, 3, 3, 3, 3, 3, 3, 3, 3, 3, 3, 2, 2, 2, 2, 2, 2, 2, 2, 2, 2, 1, 1, 1, 1, 1, 1, 1, 1, 1, 1, 1, 1, 1, 1, 1, 1, 1, 1, 1, 1, 1, 1, 1, 1, 1, 1, 1, 1, 1, 1, 1, 0, 0, 0
inf, 5, 5, 5, 4, 4, 4, 4, 4, 4, 5, 5, 5, 5, 6, 6, 6, 7, 8, 8, 8, 8, 7, 7, 7, 7, 8, 10, 10, 9, 9, 10, 9, 9, 10, 10, 11, 10, 11, 11, 11, 12, 13, 13, 14, 16, 17, 16, 16, 16, 17, 16, 20, 20, 20, 20, 21, 21, 23, 23, 27, 27, 27, 27, 29, 31, 32, 34, 35, 36, 37, 39, 40, 41, 41, 44, 48, 51, 51, 53, 54, 54, 55, 56, 55, 56, 55, 58, 58, 59, 59, 59, 60, 62, 64, 65, 66, 69, 68, 70, 71, 71, 71, 72, 73, 75, 76, 78, 78, 77, 78, 82, 81, 82, 83, 85, 88, 90, 91, 93, 96, 96, 96, 99, 100, 105, 107, 110, 111, 111, 111, 114, 116, 121, 124, 123, 123, 125, 128, 128, 128, 130, 131, 132, 134, 134, 135, 135, 138, 138, 138, 138, 140, 141, 142, 145, 144, 143, 144, 144, 147, 149, 151, 155, 157, 158, 157, 158, 160, 159, 158, 161, 164, 164, 162, 162, 162, 165, 162, 161, 161, 161, 161, 159, 155, 154, 156, 155, 153, 156, 157, 158, 158, 157, 156, 155, 157, 157, 156, 156, 154, 153, 152, 155, 155, 154, 152, 157, 160, 160, 163, 162, 162, 162, 163, 167, 168, 169, 170, 168, 167, 165, 163, 163, 162, 161, 159, 156, 156, 158, 157, 156, 157, 154, 153, 153, 151, 154, 154, 154, 154, 152, 153, 152, 150, 151, 152, 151, 147, 149, 147, 145, 146, 145, 144, 144, 146, 145, 146, 144, 145, 143, 143, 143, 145, 148, 147, 147, 146, 144, 145, 145, 145, 144, 140, 139, 139, 136, 134, 134, 132, 133, 132, 133, 132, 129, 127, 124, 123, 126, 125, 124, 127, 127, 127, 126, 123, 122, 122, 120, 122, 122, 121, 121, 119, 119, 118, 118, 117, 115, 115, 114, 115, 114, 113, 113, 111, 111, 112, 111, 113, 112, 112, 113, 110, 107, 105, 105, 102, 102, 102, 101, 101, 100, 100, 99, 99, 97, 98, 97, 94, 94, 91, 89, 89, 90, 89, 89, 89, 88, 88, 89, 89, 89, 88, 89, 88, 87, 87, 86, 85, 85, 84, 83, 83, 81, 79, 79, 78, 77, 76, 74, 73, 73, 71, 73, 70, 69, 68, 68, 66, 66, 65, 65, 64, 65, 66, 65, 64, 64, 63, 63, 61, 62, 63, 64, 64, 65, 64, 61, 62, 62, 62, 61, 61, 59, 58, 57, 57, 57, 56, 55, 54, 55, 55, 55, 54, 53, 53, 50, 50, 50, 51, 50, 50, 50, 51, 52, 52, 51, 50, 49, 49, 48, 47, 48, 47, 46, 47, 46, 47, 46, 45, 44, 44, 43, 43, 43, 42, 43, 42, 43, 42, 41, 41, 41, 40, 39, 40, 40, 41, 40, 38, 38, 38, 37, 36, 35, 35, 34, 33, 32, 31, 31, 30, 30, 30, 29, 28, 27, 28, 27, 26, 25, 23, 22, 21, 20, 20, 20, 21, 21, 19, 19, 18, 17, 16, 15, 14, 14, 13, 12, 11, 11, 10, 9, 9, 9, 9, 9, 9, 7, 6, 5, 5, 4, 3, 2, 2, 1, 1, 2, 1, 0
dead, 0, 0, 0, 0, 0, 0, 0, 0, 0, 0, 0, 0, 0, 0, 0, 0, 0, 0, 0, 0, 0, 0, 0, 0, 0, 0, 0, 0, 1, 1, 1, 2, 2, 1, 1, 1, 2, 2, 2, 2, 2, 1, 1, 1, 1, 1, 2, 2, 3, 3, 4, 4, 4, 4, 4, 4, 3, 2, 2, 2, 1, 1, 1, 1, 1, 1, 1, 1, 1, 1, 1, 1, 1, 1, 1, 1, 1, 1, 1, 1, 1, 1, 2, 2, 3, 3, 3, 3, 2, 2, 3, 3, 3, 3, 4, 4, 3, 3, 2, 2, 3, 3, 3, 4, 5, 6, 4, 4, 6, 6, 6, 7, 6, 7, 6, 7, 7, 7, 7, 8, 6, 7, 4, 4, 4, 3, 5, 5, 6, 7, 8, 8, 9, 9, 9, 9, 9, 10, 8, 9, 7, 7, 7, 6, 7, 4, 6, 6, 6, 7, 5, 4, 5, 6, 6, 6, 7, 8, 7, 6, 6, 6, 6, 6, 6, 6, 7, 7, 7, 9, 9, 9, 8, 9, 8, 10, 8, 10, 9, 8, 9, 11, 12, 14, 15, 16, 13, 14, 12, 11, 13, 13, 13, 11, 12, 10, 10, 9, 9, 9, 12, 13, 10, 10, 8, 8, 9, 7, 8, 7, 7, 6, 7, 5, 5, 5, 5, 4, 7, 7, 6, 6, 7, 6, 6, 7, 9, 8, 6, 7, 7, 8, 9, 11, 9, 10, 11, 11, 11, 10, 12, 13, 13, 13, 13, 12, 11, 12, 10, 11, 13, 12, 11, 12, 12, 11, 10, 11, 10, 10, 9, 8, 7, 4, 4, 5, 5, 6, 7, 6, 5, 5, 6, 10, 11, 11, 14, 10, 9, 11, 10, 9, 9, 9, 10, 7, 7, 6, 6, 7, 6, 5, 6, 6, 5, 8, 9, 9, 7, 7, 7, 9, 8, 8, 6, 6, 4, 4, 5, 6, 6, 6, 6, 6, 6, 7, 4, 4, 5, 4, 5, 5, 5, 6, 9, 9, 8, 8, 8, 7, 7, 6, 7, 6, 5, 6, 7, 7, 8, 11, 9, 11, 12, 10, 10, 12, 11, 11, 10, 9, 9, 7, 6, 6, 6, 7, 6, 3, 3, 3, 2, 3, 4, 3, 4, 6, 5, 3, 3, 3, 4, 5, 4, 5, 5, 8, 6, 8, 7, 8, 6, 7, 6, 7, 5, 4, 4, 4, 3, 4, 1, 1, 1, 0, 0, 0, 0, 0, 1, 1, 2, 1, 2, 2, 2, 3, 3, 2, 1, 2, 3, 3, 2, 2, 3, 3, 3, 2, 4, 3, 2, 2, 2, 1, 1, 1, 1, 1, 3, 4, 4, 3, 4, 3, 3, 3, 4, 3, 4, 4, 5, 6, 6, 5, 5, 4, 3, 3, 1, 2, 2, 3, 4, 3, 2, 3, 3, 3, 2, 2, 3, 5, 3, 2, 3, 3, 3, 4, 5, 3, 3, 4, 3, 3, 2, 1, 2, 2, 2, 2, 2, 1, 1, 3, 4, 5, 6, 5, 3, 3, 2, 2, 1, 0, 1, 1, 2, 3, 2, 3, 4, 5, 4, 5, 6, 5, 4, 3, 1, 0, 2, 1, 2, 0, 0, 1, 1, 0, 1, 0, 0, 0, 0
rec, 0, 0, 0, 1, 1, 1, 1, 1, 1, 1, 1, 1, 1, 1, 1, 1, 1, 1, 1, 1, 1, 2, 2, 2, 2, 2, 2, 2, 2, 2, 2, 2, 2, 2, 2, 2, 2, 2, 3, 3, 3, 3, 3, 3, 3, 4, 4, 4, 4, 4, 5, 5, 5, 5, 5, 5, 5, 5, 5, 5, 5, 5, 5, 5, 5, 5, 5, 5, 5, 5, 6, 6, 6, 7, 7, 7, 7, 7, 8, 8, 8, 8, 8, 9, 9, 9, 9, 9, 9, 9, 9, 9, 9, 9, 9, 10, 10, 10, 10, 10, 10, 11, 11, 11, 11, 11, 11, 11, 11, 12, 12, 13, 13, 13, 13, 13, 13, 14, 14, 14, 14, 14, 14, 14, 14, 14, 14, 15, 15, 15, 15, 15, 15, 15, 17, 17, 18, 18, 18, 18, 18, 18, 18, 18, 19, 21, 21, 21, 22, 23, 23, 23, 23, 23, 23, 23, 24, 24, 24, 24, 25, 25, 25, 25, 25, 26, 27, 27, 28, 29, 29, 29, 29, 31, 33, 33, 33, 34, 34, 34, 35, 35, 37, 40, 40, 40, 40, 40, 40, 41, 41, 43, 43, 44, 44, 44, 44, 45, 45, 45, 45, 45, 45, 45, 45, 47, 47, 47, 47, 47, 47, 47, 47, 47, 47, 48, 49, 49, 51, 51, 52, 54, 55, 56, 56, 56, 57, 57, 57, 59, 60, 60, 62, 63, 65, 65, 65, 66, 68, 68, 68, 68, 68, 69, 69, 69, 70, 72, 72, 73, 74, 74, 74, 75, 76, 76, 77, 77, 78, 78, 80, 80, 81, 82, 82, 83, 84, 84, 85, 85, 86, 87, 87, 88, 88, 88, 88, 89, 89, 89, 90, 90, 90, 91, 92, 92, 93, 93, 93, 93, 93, 93, 94, 94, 94, 94, 94, 94, 95, 95, 96, 96, 96, 97, 97, 97, 97, 98, 98, 98, 98, 98, 98, 98, 99, 100, 100, 100, 100, 100, 100, 100, 100, 101, 101, 102, 103, 105, 105, 105, 105, 105, 105, 105, 105, 105, 105, 105, 105, 105, 105, 105, 106, 106, 106, 106, 106, 106, 106, 107, 107, 107, 107, 107, 107, 107, 107, 107, 108, 109, 109, 109, 109, 109, 110, 110, 110, 110, 111, 112, 113, 113, 113, 113, 113, 113, 114, 114, 114, 114, 114, 114, 114, 114, 114, 114, 114, 114, 114, 114, 114, 115, 115, 115, 115, 116, 116, 117, 119, 119, 119, 119, 119, 120, 121, 122, 123, 123, 123, 123, 123, 124, 124, 124, 124, 125, 125, 125, 125, 125, 125, 125, 125, 125, 126, 126, 126, 126, 126, 126, 126, 126, 126, 126, 126, 127, 127, 127, 127, 127, 127, 127, 127, 127, 127, 127, 127, 128, 128, 128, 128, 128, 128, 128, 128, 128, 128, 128, 129, 129, 129, 129, 129, 129, 130, 131, 131, 131, 131, 132, 133, 133, 133, 133, 133, 133, 133, 134, 135, 135, 136, 137, 138, 138, 138, 138, 138, 138, 138, 138, 138, 140, 140, 140, 140, 141, 141, 141, 141, 141, 141, 141, 141, 141, 141, 141, 141, 141, 141, 141, 141, 142, 142, 142, 143, 143, 144, 144, 144, 144, 144, 145, 146
rem, 0, 0, 0, 0, 0, 0, 0, 0, 0, 0, 0, 0, 0, 0, 0, 0, 0, 0, 0, 0, 0, 0, 0, 0, 0, 0, 0, 0, 0, 0, 0, 0, 0, 1, 1, 1, 1, 1, 1, 1, 1, 2, 2, 2, 2, 2, 2, 3, 3, 3, 3, 3, 3, 3, 3, 3, 4, 5, 5, 5, 6, 6, 6, 6, 6, 6, 6, 6, 6, 6, 6, 6, 6, 6, 6, 6, 6, 6, 6, 6, 6, 6, 6, 6, 6, 7, 7, 7, 8, 8, 8, 8, 8, 8, 8, 8, 9, 10, 11, 11, 11, 12, 13, 13, 13, 13, 15, 16, 16, 16, 16, 16, 17, 17, 19, 19, 19, 19, 19, 19, 21, 22, 25, 25, 25, 26, 26, 26, 26, 26, 27, 27, 27, 27, 28, 29, 29, 29, 31, 31, 33, 33, 34, 35, 36, 39, 39, 40, 40, 40, 42, 44, 45, 45, 45, 46, 46, 46, 48, 49, 50, 51, 51, 51, 53, 54, 54, 54, 55, 56, 56, 56, 58, 58, 59, 59, 61, 61, 63, 67, 67, 67, 67, 68, 69, 69, 73, 75, 77, 78, 78, 79, 81, 84, 86, 88, 89, 91, 92, 94, 94, 94, 98, 99, 103, 103, 103, 105, 106, 108, 109, 111, 111, 113, 113, 113, 114, 115, 115, 116, 118, 118, 119, 120, 122, 123, 124, 126, 128, 128, 129, 129, 130, 130, 132, 134, 134, 136, 136, 138, 138, 138, 139, 140, 140, 141, 143, 145, 147, 149, 149, 150, 153, 154, 154, 155, 158, 158, 160, 161, 162, 164, 165, 168, 168, 168, 168, 169, 169, 170, 171, 171, 171, 171, 172, 173, 173, 178, 179, 180, 181, 183, 183, 184, 185, 190, 192, 194, 194, 194, 197, 198, 198, 199, 201, 202, 203, 204, 207, 208, 208, 209, 211, 212, 214, 216, 218, 218, 219, 219, 221, 221, 222, 223, 223, 223, 226, 226, 227, 228, 228, 229, 229, 230, 231, 232, 233, 234, 235, 237, 239, 240, 240, 241, 243, 243, 244, 244, 244, 244, 246, 247, 247, 250, 250, 250, 251, 252, 254, 255, 255, 257, 258, 259, 259, 259, 261, 264, 264, 264, 265, 265, 265, 266, 266, 266, 267, 270, 270, 270, 270, 270, 271, 272, 272, 272, 274, 274, 275, 276, 278, 278, 279, 279, 281, 283, 284, 285, 286, 286, 289, 290, 290, 291, 291, 291, 291, 291, 291, 291, 291, 292, 292, 292, 293, 293, 293, 294, 295, 295, 295, 295, 296, 297, 297, 297, 298, 299, 300, 301, 302, 302, 303, 304, 304, 304, 304, 305, 305, 305, 306, 307, 307, 309, 309, 309, 309, 310, 310, 310, 310, 311, 312, 313, 314, 315, 316, 316, 318, 318, 318, 318, 318, 319, 320, 320, 321, 321, 322, 322, 322, 322, 324, 325, 325, 325, 326, 326, 326, 328, 328, 328, 329, 330, 331, 332, 332, 332, 332, 332, 332, 333, 333, 333, 333, 333, 333, 334, 336, 336, 337, 337, 338, 340, 340, 340, 340, 340, 341, 341, 341, 341, 342, 342, 342, 343, 344, 345, 347, 348, 348, 349, 349, 351, 351, 351, 351, 352, 352, 353, 353, 353, 353
timesteps, 0, 1, 2, 3, 4, 5, 6, 7, 8, 9, 10, 12, 14, 15, 16, 17, 18, 20, 21, 22, 23, 24, 25, 26, 28, 29, 30, 31, 32, 33, 34, 35, 36, 37, 38, 39, 40, 41, 42, 43, 44, 45, 46, 47, 48, 49, 50, 51, 52, 53, 54, 55, 56, 57, 58, 59, 60, 61, 62, 63, 64, 65, 66, 67, 68, 69, 70, 71, 72, 73, 74, 75, 76, 77, 78, 79, 80, 81, 82, 83, 84, 85, 86, 87, 88, 89, 90, 91, 92, 93, 94, 95, 96, 97, 98, 99, 100, 101, 102, 103, 104, 105, 106, 107, 108, 109, 110, 111, 112, 113, 114, 115, 116, 117, 118, 119, 120, 121, 122, 123, 124, 125, 126, 127, 128, 129, 130, 131, 132, 133, 134, 135, 136, 137, 138, 139, 140, 141, 142, 143, 144, 145, 146, 147, 148, 149, 150, 151, 152, 153, 154, 155, 156, 157, 158, 159, 160, 161, 162, 163, 164, 165, 166, 167, 168, 169, 170, 171, 172, 173, 174, 175, 176, 177, 178, 179, 180, 181, 182, 183, 184, 185, 186, 187, 188, 189, 190, 191, 192, 193, 194, 195, 196, 197, 198, 199, 200, 201, 202, 203, 204, 205, 206, 207, 208, 209, 210, 211, 212, 213, 214, 215, 216, 217, 218, 219, 220, 221, 223, 224, 225, 226, 227, 228, 229, 230, 232, 233, 234, 235, 236, 237, 238, 239, 240, 241, 242, 243, 244, 245, 246, 247, 248, 249, 250, 251, 252, 253, 254, 255, 256, 257, 258, 259, 260, 261, 262, 263, 264, 265, 266, 267, 268, 269, 270, 271, 272, 273, 274, 275, 276, 277, 278, 279, 280, 281, 282, 283, 284, 285, 286, 287, 288, 289, 290, 291, 292, 293, 294, 295, 296, 297, 298, 299, 300, 301, 302, 303, 304, 305, 306, 308, 309, 310, 313, 314, 315, 316, 317, 318, 319, 320, 321, 323, 324, 325, 326, 327, 328, 329, 330, 331, 332, 333, 334, 336, 337, 338, 339, 340, 341, 342, 343, 344, 346, 347, 348, 349, 350, 351, 353, 354, 355, 356, 357, 358, 359, 360, 361, 362, 363, 364, 365, 366, 367, 368, 370, 372, 373, 374, 375, 376, 377, 378, 379, 381, 382, 383, 384, 385, 386, 387, 388, 389, 390, 391, 392, 393, 394, 395, 396, 397, 398, 399, 401, 402, 403, 404, 405, 406, 407, 409, 410, 411, 412, 413, 414, 415, 417, 418, 419, 420, 421, 422, 423, 424, 425, 426, 428, 430, 434, 435, 436, 438, 439, 440, 441, 442, 443, 445, 446, 447, 449, 450, 451, 453, 455, 457, 458, 459, 460, 461, 462, 463, 464, 465, 466, 467, 468, 469, 470, 472, 473, 474, 477, 478, 480, 481, 482, 487, 488, 491, 492, 494, 496, 497, 501, 502, 503, 506, 507, 508, 511, 514, 517, 518, 519, 520, 524, 525, 526, 529, 530, 531, 532, 533, 534, 537, 539, 542, 543, 550, 555, 558, 562, 566, 568, 569, 573, 575, 579, 580, 582, 584, 587, 595, 598, 601, 602, 605, 614, 618, 620, 621, 626, 629, 630, 639, 647, 656, 657, 681, 690, 694, 701, 703, 713, 718, 723, 726, 728, 758, 810, 881
events, 5, 3, 2, 5, 3, 1, 4, 1, 3, 2, 5, 1, 1, 1, 1, 3, 1, 1, 1, 3, 3, 1, 1, 1, 2, 4, 1, 3, 1, 5, 3, 6, 6, 2, 2, 4, 5, 7, 4, 7, 2, 5, 7, 3, 3, 5, 3, 4, 9, 2, 6, 3, 2, 7, 3, 8, 3, 3, 8, 10, 3, 8, 7, 2, 7, 7, 6, 4, 7, 6, 4, 4, 5, 4, 5, 8, 2, 6, 4, 7, 5, 6, 6, 3, 8, 8, 6, 6, 12, 7, 7, 5, 8, 4, 6, 8, 10, 3, 8, 7, 5, 8, 7, 9, 6, 8, 9, 6, 8, 8, 5, 9, 11, 6, 3, 6, 6, 3, 3, 4, 7, 7, 4, 3, 6, 7, 10, 6, 3, 7, 3, 3, 9, 5, 7, 6, 6, 8, 4, 4, 6, 6, 7, 6, 3, 5, 6, 4, 4, 2, 7, 5, 8, 7, 7, 12, 3, 12, 7, 10, 10, 4, 8, 10, 8, 2, 5, 4, 8, 7, 2, 3, 1, 8, 7, 6, 4, 6, 9, 9, 5, 8, 5, 5, 8, 4, 9, 7, 4, 7, 10, 4, 2, 2, 3, 4, 4, 1, 5, 8, 3, 8, 9, 6, 3, 5, 2, 7, 8, 4, 5, 5, 2, 9, 2, 7, 4, 2, 7, 4, 1, 4, 2, 3, 2, 5, 3, 4, 4, 2, 2, 7, 5, 3, 5, 4, 2, 6, 1, 5, 5, 5, 1, 2, 4, 1, 2, 5, 7, 1, 1, 2, 2, 2, 3, 3, 8, 2, 4, 2, 4, 6, 2, 7, 2, 3, 1, 2, 1, 5, 4, 4, 2, 4, 2, 6, 3, 5, 3, 1, 3, 3, 7, 2, 6, 3, 1, 4, 1, 1, 1, 3, 1, 3, 4, 5, 1, 2, 3, 4, 1, 2, 2, 1, 1, 3, 5, 4, 1, 4, 2, 4, 2, 4, 1, 2, 2, 2, 1, 1, 2, 2, 1, 2, 4, 1, 4, 2, 2, 1, 2, 2, 1, 1, 2, 5, 1, 1, 2, 2, 3, 4, 2, 4, 4, 2, 2, 2, 2, 1, 1, 5, 1, 6, 1, 4, 2, 1, 3, 2, 3, 1, 3, 4, 2, 2, 4, 1, 3, 5, 2, 1, 3, 2, 4, 3, 1, 3, 2, 1, 1, 3, 1, 2, 4, 2, 2, 2, 1, 2, 1, 3, 1, 1, 1, 2, 1, 2, 1, 1, 2, 4, 2, 3, 1, 4, 2, 2, 2, 1, 4, 2, 1, 2, 1, 2, 1, 1, 1, 1, 1, 4, 2, 1, 3, 1, 1, 2, 1, 1, 2, 1, 1, 4, 2, 3, 1, 2, 1, 2, 1, 1, 3, 3, 3, 1, 2, 1, 1, 1, 1, 1, 1, 1, 1, 1, 2, 1, 1, 2, 1, 1, 2, 2, 2, 1, 1, 1, 1, 1, 2, 1, 1, 1, 1, 1, 2, 1, 1, 2, 1, 1, 1, 1, 1, 2, 1, 1, 1, 2, 2, 1, 1, 1, 2, 1, 1, 1, 1, 1, 1, 3, 1, 2, 1, 1, 1, 1, 1, 1, 1, 1, 1, 1, 2, 1, 2, 2, 1, 1, 1, 1, 1, 2
sus, 489, 486, 484, 479, 476, 475, 471, 470, 468, 466, 462, 462, 461, 461, 460, 459, 458, 457, 457, 455, 453, 453, 452, 451, 450, 447, 446, 445, 445, 440, 438, 434, 428, 426, 426, 424, 422, 416, 413, 407, 406, 401, 396, 394, 393, 389, 387, 383, 377, 375, 370, 367, 366, 361, 359, 352, 349, 348, 343, 334, 333, 328, 323, 322, 318, 312, 310, 308, 302, 297, 294, 292, 287, 286, 283, 277, 275, 271, 268, 264, 260, 256, 252, 250, 246, 242, 238, 234, 226, 221, 218, 214, 209, 205, 204, 200, 195, 194, 190, 189, 185, 180, 177, 172, 168, 163, 159, 157, 153, 151, 149, 144, 138, 133, 131, 129, 126, 126, 124, 122, 121, 116, 116, 116, 114, 112, 107, 103, 103, 101, 100, 98, 96, 95, 93, 88, 87, 83, 80, 79, 78, 76, 74, 72, 72, 72, 70, 69, 67, 66, 65, 64, 62, 60, 59, 55, 55, 52, 51, 47, 46, 45, 43, 43, 42, 40, 39, 37, 36, 34, 34, 34, 34, 33, 32, 30, 30, 29, 27, 27, 27, 26, 25, 25, 24, 24, 22, 22, 22, 22, 19, 19, 19, 19, 19, 18, 18, 18, 17, 17, 17, 16, 16, 15, 15, 15, 15, 15, 14, 14, 14, 14, 14, 13, 12, 11, 11, 11, 11, 11, 11, 11, 11, 11, 11, 11, 11, 11, 11, 11, 11, 11, 11, 11, 11, 11, 11, 11, 11, 11, 11, 11, 11, 11, 11, 11, 11, 11, 11, 11, 11, 10, 10, 10, 10, 10, 10, 10, 10, 10, 9, 9, 9, 8, 8, 8, 8, 8, 8, 8, 8, 7, 7, 7, 7, 7, 7, 5, 5, 5, 5, 5, 5, 5, 5, 5, 5, 5, 5, 5, 5, 5, 5, 5, 5, 5, 5, 5, 5, 5, 5, 5, 5, 5, 5, 5, 5, 5, 5, 5, 5, 5, 5, 5, 5, 5, 5, 4, 4, 4, 4, 4, 4, 4, 4, 4, 4, 4, 4, 4, 4, 4, 4, 4, 4, 4, 4, 4, 4, 4, 4, 4, 4, 4, 4, 4, 4, 4, 4, 4, 4, 4, 4, 4, 4, 4, 4, 4, 4, 4, 4, 4, 4, 4, 4, 4, 3, 3, 3, 3, 2, 2, 2, 2, 2, 2, 2, 2, 2, 2, 2, 2, 2, 1, 1, 1, 1, 1, 1, 1, 1, 1, 1, 1, 1, 1, 1, 1, 1, 1, 1, 1, 1, 1, 1, 1, 1, 1, 1, 1, 1, 1, 1, 1, 1, 1, 1, 1, 1, 1, 1, 1, 1, 1, 1, 1, 1, 1, 1, 1, 1, 1, 1, 1, 1, 1, 1, 1, 1, 1, 1, 1, 1, 1, 1, 1, 1, 1, 1, 1, 1, 1, 1, 1, 1, 1, 1, 1, 1, 1, 1, 1, 1, 1, 1, 1, 1, 1, 1, 1, 1, 1, 1, 1, 1, 1, 1, 1, 1, 1, 1, 1, 1, 1, 1, 1, 1, 1, 1, 1, 1, 1, 1, 1, 1, 1, 1, 1, 1, 1, 1, 1, 1, 1, 1, 1, 1, 1, 1, 1, 1, 1, 1, 1, 1, 1, 1, 1, 1, 1, 1, 1, 1, 1
exp, 5, 8, 10, 15, 18, 19, 23, 24, 25, 27, 31, 30, 31, 30, 31, 31, 32, 33, 32, 34, 35, 34, 35, 36, 37, 39, 40, 40, 39, 44, 46, 49, 55, 57, 55, 55, 55, 60, 62, 67, 67, 72, 76, 77, 76, 79, 80, 84, 87, 89, 93, 96, 96, 100, 101, 107, 110, 109, 113, 121, 120, 123, 127, 128, 130, 135, 133, 133, 138, 142, 145, 146, 151, 150, 151, 155, 157, 159, 161, 162, 165, 167, 169, 170, 172, 173, 177, 179, 186, 189, 189, 193, 198, 202, 200, 201, 203, 203, 204, 202, 205, 208, 210, 213, 217, 219, 221, 221, 223, 221, 220, 221, 226, 230, 231, 232, 234, 232, 233, 233, 231, 235, 234, 231, 231, 229, 230, 232, 230, 229, 229, 230, 230, 228, 226, 230, 229, 232, 234, 234, 231, 229, 228, 226, 224, 221, 220, 218, 218, 219, 217, 216, 216, 217, 213, 214, 214, 214, 212, 212, 211, 210, 210, 208, 205, 207, 205, 206, 206, 206, 206, 204, 204, 202, 198, 199, 197, 195, 195, 192, 191, 187, 184, 182, 180, 179, 175, 171, 170, 165, 168, 168, 168, 167, 166, 167, 164, 164, 164, 161, 161, 161, 157, 156, 154, 152, 151, 146, 146, 144, 141, 141, 141, 140, 140, 140, 139, 138, 135, 133, 132, 131, 129, 128, 126, 123, 122, 122, 121, 121, 121, 120, 119, 119, 119, 119, 118, 116, 116, 115, 113, 113, 112, 111, 111, 111, 111, 110, 108, 108, 108, 109, 108, 107, 107, 105, 103, 102, 102, 102, 102, 101, 100, 100, 99, 99, 99, 97, 97, 97, 96, 97, 97, 97, 97, 96, 96, 97, 94, 93, 93, 92, 90, 89, 88, 87, 87, 86, 86, 86, 85, 84, 83, 81, 80, 77, 77, 77, 77, 76, 75, 74, 74, 74, 74, 73, 71, 71, 71, 69, 69, 67, 66, 65, 64, 63, 63, 64, 64, 64, 63, 62, 62, 62, 60, 59, 58, 57, 56, 56, 56, 56, 56, 55, 53, 50, 50, 50, 49, 49, 49, 48, 48, 47, 47, 46, 46, 46, 46, 46, 46, 45, 45, 44, 44, 42, 42, 42, 42, 42, 41, 41, 40, 39, 39, 39, 40, 40, 39, 39, 39, 39, 39, 39, 37, 36, 36, 36, 35, 35, 35, 34, 34, 35, 32, 32, 31, 31, 31, 30, 30, 29, 28, 28, 28, 28, 28, 27, 27, 27, 26, 26, 26, 26, 26, 26, 26, 25, 25, 25, 24, 24, 24, 24, 24, 24, 24, 24, 23, 22, 22, 20, 20, 20, 19, 18, 18, 18, 18, 18, 18, 18, 18, 17, 17, 16, 16, 15, 15, 15, 15, 15, 15, 14, 12, 12, 12, 12, 12, 12, 12, 11, 11, 11, 11, 11, 11, 11, 11, 10, 10, 10, 9, 9, 9, 8, 8, 8, 8, 7, 7, 7, 7, 7, 7, 7, 6, 5, 5, 5, 5, 5, 5, 5, 5, 4, 4, 4, 4, 4, 4, 4, 4, 4, 3, 3, 3, 2, 2, 2, 2, 2, 1, 1, 1, 1, 1, 1, 1, 1, 0, 0, 0, 0, 0, 0, 0, 0, 0, 0, 0, 0, 0, 0
inf, 6, 6, 6, 6, 6, 6, 6, 6, 7, 7, 6, 7, 7, 8, 8, 8, 8, 8, 9, 8, 9, 10, 10, 10, 9, 10, 10, 11, 12, 12, 11, 12, 12, 12, 14, 16, 18, 19, 20, 21, 22, 22, 22, 23, 25, 26, 27, 27, 30, 30, 31, 31, 32, 32, 33, 34, 34, 36, 36, 37, 39, 40, 41, 40, 42, 43, 47, 49, 50, 51, 50, 50, 50, 51, 53, 55, 55, 57, 58, 61, 62, 64, 66, 67, 68, 70, 68, 70, 68, 70, 72, 71, 70, 70, 71, 73, 75, 75, 77, 77, 78, 80, 79, 81, 80, 83, 84, 86, 87, 89, 92, 96, 95, 96, 97, 96, 95, 97, 98, 100, 101, 101, 101, 104, 106, 109, 112, 114, 115, 117, 117, 118, 117, 120, 123, 124, 124, 123, 124, 124, 127, 131, 132, 136, 137, 138, 140, 143, 145, 144, 144, 145, 145, 144, 148, 148, 146, 145, 146, 148, 144, 145, 145, 143, 145, 145, 147, 147, 144, 145, 144, 146, 146, 148, 152, 151, 152, 154, 152, 151, 151, 154, 158, 158, 157, 155, 161, 162, 161, 165, 161, 158, 156, 156, 156, 154, 157, 156, 155, 155, 154, 154, 155, 155, 157, 157, 158, 161, 157, 158, 161, 158, 158, 157, 158, 157, 156, 157, 158, 159, 160, 158, 160, 161, 163, 165, 164, 160, 159, 157, 155, 152, 150, 149, 145, 141, 141, 141, 141, 140, 141, 138, 139, 140, 137, 137, 135, 134, 136, 135, 134, 133, 134, 134, 131, 133, 133, 133, 130, 128, 129, 126, 126, 124, 124, 122, 121, 123, 122, 120, 120, 118, 118, 117, 116, 115, 112, 112, 115, 116, 113, 113, 111, 111, 110, 110, 110, 111, 110, 110, 111, 111, 112, 113, 112, 114, 113, 112, 110, 108, 109, 110, 110, 110, 109, 109, 109, 105, 105, 107, 105, 105, 106, 105, 106, 107, 107, 107, 107, 106, 106, 107, 106, 104, 104, 105, 104, 105, 105, 105, 103, 102, 101, 102, 104, 106, 105, 105, 105, 104, 102, 101, 100, 99, 98, 98, 96, 94, 93, 92, 92, 91, 90, 89, 88, 88, 88, 87, 86, 85, 86, 85, 86, 84, 83, 81, 78, 77, 77, 74, 75, 74, 73, 72, 73, 73, 72, 72, 72, 71, 70, 71, 70, 69, 71, 70, 70, 68, 68, 69, 69, 70, 71, 70, 69, 68, 68, 68, 67, 66, 67, 64, 62, 60, 60, 59, 57, 57, 56, 56, 55, 54, 53, 52, 51, 51, 50, 49, 50, 51, 50, 52, 50, 50, 50, 51, 50, 49, 48, 47, 45, 44, 43, 44, 44, 45, 44, 44, 44, 43, 43, 42, 40, 39, 41, 40, 38, 38, 38, 37, 37, 38, 37, 36, 36, 36, 34, 33, 33, 33, 32, 32, 33, 32, 31, 32, 32, 31, 30, 31, 30, 30, 29, 29, 28, 28, 28, 29, 28, 27, 26, 25, 24, 23, 22, 23, 23, 22, 21, 21, 20, 19, 18, 17, 18, 18, 17, 18, 17, 17, 16, 14, 15, 14, 14, 14, 13, 12, 11, 10, 11, 10, 9, 9, 7, 7, 5, 4, 4, 3, 3, 2, 1, 0
dead, 0, 0, 0, 0, 0, 0, 0, 0, 0, 0, 0, 0, 0, 0, 0, 1, 1, 1, 1, 1, 1, 1, 1, 1, 2, 2, 2, 1, 1, 1, 2, 1, 1, 1, 1, 1, 0, 0, 0, 0, 0, 0, 0, 0, 0, 0, 0, 0, 0, 0, 0, 0, 0, 1, 1, 1, 1, 1, 1, 1, 1, 2, 1, 2, 1, 1, 1, 1, 1, 1, 1, 1, 1, 1, 1, 1, 1, 1, 1, 1, 1, 1, 1, 1, 1, 1, 3, 3, 4, 4, 5, 5, 4, 4, 5, 6, 6, 6, 7, 9, 9, 8, 9, 7, 7, 7, 5, 3, 2, 4, 4, 4, 4, 4, 4, 4, 5, 4, 4, 4, 4, 4, 3, 3, 1, 1, 2, 2, 2, 1, 1, 1, 2, 1, 2, 2, 2, 2, 2, 1, 1, 1, 2, 2, 2, 4, 5, 5, 5, 6, 8, 7, 5, 3, 4, 3, 4, 5, 6, 8, 10, 10, 9, 8, 8, 8, 9, 9, 10, 9, 9, 8, 7, 5, 6, 7, 6, 6, 8, 8, 5, 7, 7, 8, 11, 13, 12, 12, 13, 12, 12, 13, 14, 15, 14, 15, 14, 15, 16, 15, 14, 9, 10, 11, 10, 10, 9, 11, 13, 13, 11, 11, 9, 8, 8, 7, 8, 7, 6, 5, 5, 5, 5, 3, 3, 2, 3, 6, 5, 7, 7, 9, 11, 10, 11, 14, 15, 15, 14, 13, 11, 10, 10, 9, 11, 10, 11, 10, 5, 6, 6, 7, 6, 7, 10, 9, 7, 8, 8, 10, 8, 10, 11, 10, 10, 11, 12, 12, 13, 12, 11, 12, 10, 8, 8, 7, 9, 9, 9, 9, 10, 10, 11, 12, 10, 9, 8, 5, 6, 5, 5, 5, 5, 5, 5, 5, 6, 5, 5, 6, 6, 5, 3, 2, 3, 3, 4, 7, 6, 4, 5, 7, 6, 7, 7, 6, 4, 3, 2, 3, 4, 3, 4, 6, 8, 8, 8, 7, 8, 7, 8, 7, 8, 8, 8, 8, 8, 7, 7, 7, 8, 8, 8, 8, 6, 6, 7, 9, 8, 9, 8, 7, 8, 6, 6, 8, 6, 7, 6, 6, 4, 5, 3, 4, 3, 5, 8, 9, 8, 8, 8, 9, 8, 8, 7, 7, 8, 5, 5, 6, 6, 4, 5, 6, 7, 6, 6, 8, 7, 6, 5, 3, 3, 4, 5, 5, 4, 5, 5, 5, 4, 5, 6, 7, 6, 3, 4, 5, 5, 4, 5, 5, 6, 5, 6, 4, 4, 5, 5, 5, 6, 4, 6, 5, 5, 5, 5, 5, 6, 7, 9, 10, 11, 8, 6, 4, 5, 5, 4, 4, 3, 4, 3, 5, 4, 5, 6, 5, 4, 4, 3, 3, 4, 5, 4, 3, 4, 5, 4, 4, 5, 4, 3, 2, 2, 2, 1, 1, 2, 2, 2, 1, 2, 1, 2, 1, 1, 1, 2, 2, 2, 2, 2, 2, 3, 2, 1, 2, 3, 1, 1, 1, 1, 2, 1, 0, 0, 0, 1, 0, 1, 2, 2, 2, 1, 0, 0, 0, 0, 0, 0, 1, 2, 1, 2, 1, 2, 2, 1, 1, 0, 0, 0, 0
rec, 0, 0, 0, 0, 0, 0, 0, 0, 0, 0, 1, 1, 1, 1, 1, 1, 1, 1, 1, 2, 2, 2, 2, 2, 2, 2, 2, 2, 2, 2, 2, 2, 2, 2, 2, 2, 2, 2, 2, 2, 2, 2, 3, 3, 3, 3, 3, 3, 3, 3, 3, 3, 3, 3, 3, 3, 3, 3, 3, 3, 3, 3, 3, 3, 3, 3, 3, 3, 3, 3, 4, 5, 5, 6, 6, 6, 6, 6, 6, 6, 6, 6, 6, 6, 6, 7, 7, 7, 9, 9, 9, 10, 10, 10, 11, 11, 11, 12, 12, 13, 13, 13, 13, 13, 13, 13, 14, 14, 15, 15, 15, 15, 15, 15, 15, 16, 17, 17, 17, 17, 18, 19, 19, 19, 19, 20, 20, 20, 21, 22, 23, 23, 23, 23, 23, 23, 24, 25, 25, 26, 27, 27, 28, 28, 29, 29, 29, 29, 29, 29, 30, 31, 33, 35, 35, 37, 37, 38, 38, 38, 41, 42, 43, 44, 45, 45, 45, 46, 47, 47, 47, 47, 47, 47, 47, 47, 48, 48, 49, 51, 52, 52, 52, 52, 53, 54, 54, 57, 57, 58, 59, 60, 61, 61, 62, 62, 62, 62, 62, 64, 64, 65, 65, 65, 65, 66, 66, 66, 68, 68, 68, 69, 69, 70, 70, 70, 70, 70, 71, 72, 72, 75, 75, 75, 75, 76, 77, 78, 80, 80, 82, 82, 82, 82, 84, 85, 85, 85, 85, 86, 87, 89, 89, 89, 89, 89, 90, 91, 91, 91, 92, 92, 92, 92, 92, 92, 92, 92, 94, 94, 94, 95, 95, 97, 98, 98, 98, 98, 98, 98, 98, 98, 98, 98, 98, 98, 99, 99, 99, 99, 101, 101, 103, 103, 104, 105, 105, 105, 105, 105, 105, 105, 105, 106, 107, 107, 107, 108, 109, 111, 111, 111, 111, 111, 111, 111, 111, 112, 112, 112, 113, 113, 113, 113, 113, 113, 113, 113, 113, 113, 113, 113, 113, 113, 113, 113, 114, 114, 114, 114, 115, 116, 116, 116, 116, 116, 117, 117, 118, 118, 118, 119, 119, 120, 120, 121, 122, 122, 123, 123, 123, 124, 124, 125, 126, 126, 126, 126, 126, 126, 126, 126, 126, 128, 129, 129, 129, 129, 130, 131, 131, 131, 131, 131, 132, 132, 132, 132, 133, 133, 134, 134, 134, 134, 134, 135, 136, 136, 136, 136, 136, 136, 136, 136, 136, 136, 136, 136, 137, 138, 138, 139, 140, 140, 140, 141, 142, 142, 142, 142, 142, 142, 142, 143, 143, 143, 144, 144, 144, 144, 144, 144, 144, 144, 144, 144, 145, 145, 145, 145, 145, 145, 145, 145, 145, 145, 145, 146, 146, 146, 146, 146, 148, 148, 148, 148, 149, 149, 149, 150, 150, 150, 150, 150, 150, 150, 151, 151, 151, 152, 152, 152, 152, 153, 153, 153, 153, 154, 154, 154, 154, 154, 154, 154, 154, 154, 155, 155, 155, 155, 156, 157, 158, 159, 159, 159, 159, 159, 159, 159, 159, 160, 161, 161, 161, 161, 162, 162, 162, 162, 162, 162, 162, 162, 162, 162, 163, 164, 165, 166, 166, 166, 166, 166, 167, 167, 168, 168, 168, 169, 169, 170, 171, 171
rem, 0, 0, 0, 0, 0, 0, 0, 0, 0, 0, 0, 0, 0, 0, 0, 0, 0, 0, 0, 0, 0, 0, 0, 0, 0, 0, 0, 1, 1, 1, 1, 2, 2, 2, 2, 2, 3, 3, 3, 3, 3, 3, 3, 3, 3, 3, 3, 3, 3, 3, 3, 3, 3, 3, 3, 3, 3, 3, 4, 4, 4, 4, 5, 5, 6, 6, 6, 6, 6, 6, 6, 6, 6, 6, 6, 6, 6, 6, 6, 6, 6, 6, 6, 6, 7, 7, 7, 7, 7, 7, 7, 7, 9, 9, 9, 9, 10, 10, 10, 10, 10, 11, 12, 14, 15, 15, 17, 19, 20, 20, 20, 20, 22, 22, 22, 23, 23, 24, 24, 24, 25, 25, 27, 27, 29, 29, 29, 29, 29, 30, 30, 30, 32, 33, 33, 33, 34, 35, 35, 36, 36, 36, 36, 36, 36, 36, 36, 36, 36, 36, 36, 37, 39, 41, 41, 43, 44, 46, 47, 47, 48, 48, 50, 54, 55, 55, 55, 55, 57, 59, 60, 61, 62, 65, 65, 66, 67, 68, 69, 71, 74, 74, 74, 75, 75, 75, 76, 76, 77, 78, 81, 82, 82, 82, 83, 84, 85, 85, 86, 88, 90, 95, 97, 98, 99, 100, 101, 101, 102, 103, 105, 107, 109, 112, 112, 115, 116, 117, 119, 120, 120, 120, 120, 122, 122, 123, 123, 123, 124, 124, 124, 126, 127, 129, 130, 130, 130, 132, 133, 135, 137, 139, 139, 140, 141, 142, 142, 144, 149, 149, 149, 149, 150, 150, 150, 151, 155, 155, 156, 156, 158, 159, 159, 161, 161, 162, 162, 162, 162, 165, 167, 168, 170, 173, 174, 177, 177, 178, 178, 178, 178, 179, 180, 180, 183, 184, 185, 188, 188, 189, 189, 190, 190, 190, 191, 192, 192, 193, 194, 194, 194, 195, 197, 198, 198, 199, 200, 200, 201, 203, 203, 203, 204, 205, 205, 206, 208, 209, 210, 210, 210, 211, 211, 211, 211, 211, 212, 213, 213, 214, 214, 215, 215, 215, 215, 216, 216, 217, 217, 218, 219, 220, 221, 222, 225, 225, 225, 225, 226, 226, 227, 229, 229, 232, 232, 232, 234, 234, 236, 237, 239, 239, 241, 241, 242, 242, 242, 242, 243, 245, 245, 245, 247, 248, 249, 250, 250, 253, 253, 253, 253, 255, 255, 255, 255, 256, 256, 256, 257, 258, 259, 261, 261, 261, 261, 262, 263, 263, 263, 263, 264, 265, 265, 266, 267, 270, 270, 270, 271, 272, 273, 274, 274, 275, 275, 277, 277, 277, 277, 277, 277, 279, 279, 280, 281, 281, 281, 282, 282, 282, 282, 282, 282, 285, 287, 289, 289, 289, 290, 291, 292, 292, 293, 293, 294, 294, 294, 295, 296, 296, 297, 297, 297, 297, 298, 299, 299, 299, 300, 300, 300, 301, 302, 303, 304, 304, 305, 305, 305, 305, 306, 307, 307, 308, 308, 309, 309, 309, 309, 310, 310, 310, 310, 310, 310, 311, 312, 312, 312, 314, 315, 315, 315, 315, 316, 317, 317, 317, 317, 318, 318, 319, 319, 320, 321, 322, 322, 322, 322, 322, 322, 322, 322, 323, 323, 324, 324, 325, 326, 326, 327, 327, 327, 328
