timesteps, 0, 1, 2, 3, 4, 5, 6, 7, 8, 9, 10, 11, 12, 13, 14, 15, 16, 17, 18, 19, 20, 21, 22, 23, 24, 25, 26, 27, 28, 29, 30, 31, 32, 33, 34, 35, 36, 37, 38, 39, 40, 41, 43, 44, 45, 46, 47, 48, 49, 50, 57, 58, 61, 62, 64, 66, 77, 82
events, 543, 341, 214, 131, 100, 69, 42, 39, 26, 24, 11, 24, 21, 10, 21, 11, 12, 18, 27, 13, 16, 9, 6, 8, 8, 1, 13, 6, 11, 12, 6, 4, 5, 5, 1, 2, 3, 6, 3, 3, 4, 5, 4, 6, 1, 3, 1, 1, 4, 4, 1, 1, 1, 2, 1, 1, 1, 2
sus, 4281, 4255, 4237, 4221, 4210, 4205, 4202, 4197, 4195, 4193, 4193, 4189, 4188, 4188, 4186, 4186, 4186, 4185, 4183, 4180, 4179, 4179, 4178, 4176, 4174, 4174, 4171, 4170, 4170, 4168, 4168, 4168, 4168, 4168, 4168, 4168, 4168, 4168, 4168, 4168, 4166, 4166, 4165, 4165, 4165, 4165, 4165, 4164, 4164, 4164, 4164, 4164, 4164, 4164, 4164, 4164, 4164, 4164
exp, 50, 75, 85, 94, 92, 90, 82, 78, 74, 73, 69, 68, 60, 56, 54, 48, 40, 34, 31, 32, 27, 26, 26, 26, 28, 27, 26, 27, 21, 21, 20, 18, 16, 15, 15, 14, 11, 11, 10, 7, 9, 8, 7, 5, 4, 4, 4, 5, 4, 4, 3, 3, 2, 2, 1, 1, 0, 0
inf, 366, 203, 113, 70, 46, 27, 26, 23, 17, 10, 10, 9, 12, 12, 8, 12, 17, 18, 10, 9, 11, 8, 7, 6, 4, 5, 6, 2, 6, 4, 2, 3, 4, 2, 1, 2, 5, 2, 2, 5, 4, 3, 4, 4, 5, 3, 2, 2, 1, 0, 1, 0, 1, 0, 1, 0, 1, 0
dead, 76, 58, 46, 30, 24, 13, 7, 2, 5, 4, 5, 1, 2, 2, 2, 0, 1, 1, 5, 2, 1, 1, 0, 2, 0, 0, 0, 3, 2, 1, 1, 1, 0, 0, 1, 0, 0, 0, 0, 0, 0, 0, 1, 0, 0, 1, 1, 1, 2, 0, 0, 0, 0, 0, 0, 0, 0, 0
rec, 65, 97, 117, 125, 129, 135, 137, 141, 144, 146, 146, 147, 147, 149, 150, 151, 152, 154, 156, 157, 157, 157, 158, 158, 158, 158, 158, 158, 158, 159, 160, 160, 160, 162, 162, 162, 162, 162, 162, 162, 162, 162, 162, 163, 163, 163, 164, 164, 164, 164, 164, 165, 165, 165, 165, 166, 166, 166
rem, 172, 322, 412, 470, 509, 540, 556, 569, 575, 584, 587, 596, 601, 603, 610, 613, 614, 618, 625, 630, 635, 639, 641, 642, 646, 646, 649, 650, 653, 657, 659, 660, 662, 663, 663, 664, 664, 667, 668, 668, 669, 671, 671, 673, 673, 674, 674, 674, 675, 678, 678, 678, 678, 679, 679, 679, 679, 680
timesteps, 0, 1, 2, 3, 4, 5, 6, 7, 8, 9, 10, 11, 12, 13, 14, 15, 16, 17, 18, 19, 20, 21, 22, 23, 24, 25, 26, 27, 28, 29, 30, 31, 32, 33, 34, 35, 36, 37, 38, 39, 40, 44, 45, 46, 47, 48, 49, 50, 51, 52, 53, 54, 55, 57, 59, 64, 67, 71, 82, 83, 90, 92
events, 513, 362, 224, 114, 79, 74, 32, 28, 29, 28, 17, 19, 19, 17, 19, 12, 8, 6, 12, 9, 6, 15, 15, 11, 9, 11, 5, 8, 10, 7, 7, 6, 2, 5, 6, 5, 1, 2, 2, 5, 3, 2, 5, 1, 3, 6, 4, 1, 3, 1, 1, 2, 1, 2, 1, 1, 1, 1, 1, 2, 1, 2
sus, 4303, 4269, 4243, 4229, 4223, 4218, 4215, 4214, 4210, 4209, 4209, 4209, 4207, 4207, 4205, 4205, 4205, 4205, 4203, 4203, 4203, 4202, 4201, 4201, 4200, 4199, 4198, 4198, 4197, 4197, 4197, 4197, 4197, 4197, 4197, 4196, 4196, 4196, 4196, 4196, 4196, 4196, 4196, 4196, 4196, 4196, 4196, 4195, 4194, 4194, 4194, 4194, 4194, 4193, 4193, 4193, 4193, 4193, 4193, 4193, 4193, 4193
exp, 50, 79, 101, 104, 102, 101, 96, 89, 88, 80, 77, 70, 65, 58, 55, 53, 51, 49, 46, 42, 39, 34, 32, 29, 29, 28, 28, 25, 23, 21, 18, 18, 18, 14, 12, 13, 13, 13, 12, 10, 9, 8, 5, 5, 4, 3, 2, 3, 3, 3, 3, 3, 2, 3, 3, 2, 2, 2, 1, 1, 0, 0
inf, 369, 198, 105, 73, 52, 25, 24, 20, 15, 15, 10, 10, 12, 14, 11, 9, 8, 7, 10, 9, 10, 12, 9, 8, 6, 5, 5, 5, 5, 5, 6, 3, 2, 5, 4, 2, 2, 0, 1, 2, 2, 2, 4, 4, 4, 2, 1, 1, 2, 1, 0, 0, 1, 0, 0, 1, 0, 0, 1, 0, 1, 0
dead, 57, 58, 41, 28, 13, 10, 5, 5, 3, 2, 1, 2, 2, 2, 2, 0, 0, 1, 0, 3, 4, 3, 4, 4, 3, 1, 0, 1, 1, 0, 0, 0, 0, 0, 1, 1, 0, 2, 1, 0, 0, 1, 1, 0, 0, 1, 1, 1, 0, 1, 2, 0, 0, 1, 0, 0, 1, 0, 0, 0, 0, 0
rec, 62, 90, 107, 117, 125, 131, 133, 138, 140, 141, 144, 145, 145, 145, 149, 149, 149, 150, 150, 152, 152, 153, 153, 153, 153, 153, 153, 153, 153, 153, 153, 153, 153, 154, 155, 155, 155, 155, 155, 155, 155, 155, 155, 155, 155, 155, 156, 156, 156, 156, 156, 156, 156, 156, 156, 156, 156, 156, 156, 156, 156, 156
rem, 169, 316, 413, 459, 495, 525, 537, 544, 554, 563, 569, 574, 579, 584, 588, 594, 597, 598, 601, 601, 602, 606, 611, 615, 619, 624, 626, 628, 631, 634, 636, 639, 640, 640, 641, 643, 644, 644, 645, 647, 648, 648, 649, 650, 651, 653, 654, 654, 655, 655, 655, 657, 657, 657, 658, 658, 658, 659, 659, 660, 660, 661
timesteps, 0, 1, 2, 3, 4, 5, 6, 7, 8, 9, 10, 11, 12, 13, 14, 15, 16, 17, 18, 19, 20, 21, 22, 23, 24, 25, 26, 27, 28, 29, 30, 31, 32, 34, 35, 36, 38, 40, 42, 43, 44, 45, 48, 49, 51, 52, 53, 55, 57, 59, 60, 62, 63, 64, 143, 148
events, 483, 320, 226, 122, 107, 89, 46, 26, 28, 28, 20, 22, 13, 12, 13, 16, 8, 5, 10, 14, 13, 15, 9, 9, 5, 5, 4, 9, 7, 4, 5, 4, 8, 3, 8, 6, 2, 1, 4, 4, 2, 2, 3, 6, 3, 2, 2, 2, 1, 2, 2, 1, 1, 1, 1, 1
sus, 4331, 4303, 4277, 4267, 4258, 4246, 4242, 4241, 4238, 4236, 4233, 4233, 4233, 4233, 4232, 4231, 4230, 4230, 4229, 4225, 4225, 4224, 4223, 4223, 4222, 4222, 4222, 4220, 4219, 4219, 4218, 4218, 4217, 4217, 4217, 4216, 4216, 4216, 4215, 4215, 4215, 4215, 4215, 4214, 4214, 4214, 4214, 4214, 4214, 4214, 4214, 4214, 4214, 4214, 4214, 4214
exp, 43, 64, 83, 84, 78, 82, 79, 75, 70, 66, 62, 57, 53, 49, 44, 42, 40, 39, 37, 40, 29, 27, 26, 23, 23, 22, 19, 20, 20, 19, 19, 17, 17, 14, 12, 12, 12, 12, 11, 9, 8, 8, 5, 5, 5, 4, 4, 4, 3, 3, 1, 1, 1, 1, 0, 0
inf, 364, 216, 125, 81, 57, 29, 23, 16, 17, 12, 14, 10, 9, 8, 11, 8, 8, 6, 6, 3, 12, 8, 8, 9, 8, 6, 9, 7, 5, 4, 3, 4, 2, 5, 4, 2, 1, 0, 2, 3, 3, 2, 5, 3, 2, 2, 1, 0, 1, 0, 2, 1, 1, 0, 1, 0
dead, 59, 58, 40, 33, 18, 14, 4, 7, 4, 4, 3, 1, 2, 2, 1, 1, 2, 3, 1, 0, 1, 4, 2, 0, 0, 1, 0, 0, 0, 0, 0, 0, 0, 0, 0, 0, 0, 1, 0, 0, 0, 0, 0, 1, 0, 1, 1, 0, 0, 0, 0, 1, 0, 0, 0, 0
rec, 53, 79, 100, 110, 120, 127, 128, 129, 129, 131, 132, 135, 135, 137, 138, 138, 139, 140, 142, 142, 143, 143, 143, 143, 144, 145, 145, 145, 146, 147, 148, 148, 148, 148, 148, 150, 150, 150, 150, 150, 151, 151, 151, 152, 152, 152, 152, 153, 153, 153, 153, 153, 153, 154, 154, 155
rem, 160, 290, 385, 435, 479, 512, 534, 542, 552, 561, 566, 574, 578, 581, 584, 590, 591, 592, 595, 600, 600, 604, 608, 612, 613, 614, 615, 618, 620, 621, 622, 623, 626, 626, 629, 630, 631, 631, 632, 633, 633, 634, 634, 635, 637, 637, 638, 639, 639, 640, 640, 640, 641, 641, 641, 641
timesteps, 0, 1, 2, 3, 4, 5, 6, 7, 8, 9, 10, 11, 12, 13, 14, 15, 16, 17, 18, 19, 20, 21, 22, 23, 24, 25, 26, 27, 28, 29, 31, 32, 33, 34, 35, 36, 37, 38, 39, 42, 44, 46, 47, 48, 49, 50, 51, 52, 53, 62, 63
events, 473, 331, 220, 180, 96, 70, 52, 27, 23, 28, 34, 18, 26, 22, 20, 12, 20, 8, 12, 6, 11, 6, 8, 8, 13, 10, 8, 7, 7, 5, 2, 7, 4, 8, 5, 4, 3, 5, 1, 1, 1, 2, 2, 2, 1, 4, 2, 2, 1, 1, 2
sus, 4312, 4281, 4253, 4237, 4228, 4221, 4214, 4211, 4210, 4209, 4205, 4204, 4202, 4202, 4201, 4201, 4199, 4199, 4199, 4199, 4198, 4198, 4197, 4195, 4194, 4192, 4192, 4191, 4191, 4191, 4191, 4191, 4191, 4190, 4190, 4189, 4189, 4188, 4188, 4188, 4188, 4188, 4188, 4188, 4188, 4188, 4188, 4188, 4188, 4188, 4188
exp, 45, 68, 90, 93, 92, 92, 89, 86, 76, 70, 69, 61, 55, 46, 44, 42, 40, 36, 32, 31, 29, 25, 25, 24, 23, 23, 19, 19, 18, 17, 15, 12, 10, 10, 8, 7, 7, 8, 8, 7, 7, 5, 4, 4, 3, 1, 1, 1, 1, 0, 0
inf, 384, 232, 141, 82, 54, 34, 26, 22, 27, 23, 15, 18, 18, 20, 14, 11, 7, 9, 9, 7, 7, 10, 7, 7, 4, 3, 6, 4, 2, 1, 3, 3, 4, 2, 3, 4, 2, 0, 0, 1, 0, 2, 2, 1, 2, 2, 1, 0, 0, 1, 0
dead, 60, 50, 43, 25, 15, 8, 5, 4, 3, 3, 2, 5, 3, 2, 3, 2, 2, 2, 1, 1, 0, 0, 0, 3, 3, 3, 1, 1, 1, 0, 0, 2, 2, 2, 1, 1, 1, 1, 0, 0, 0, 0, 1, 0, 0, 1, 1, 1, 0, 0, 0
rec, 58, 96, 111, 122, 131, 136, 140, 143, 145, 147, 149, 150, 152, 154, 155, 156, 158, 158, 159, 160, 160, 160, 162, 162, 162, 162, 162, 163, 163, 164, 164, 164, 164, 164, 164, 165, 166, 166, 166, 166, 167, 167, 167, 168, 168, 169, 169, 169, 169, 169, 169
rem, 151, 283, 372, 451, 490, 519, 536, 544, 549, 558, 570, 572, 580, 586, 593, 598, 604, 606, 610, 612, 616, 617, 619, 619, 624, 627, 630, 632, 635, 637, 637, 638, 639, 642, 644, 644, 645, 647, 648, 648, 648, 648, 648, 649, 649, 649, 650, 651, 652, 652, 653
timesteps, 0, 1, 2, 3, 4, 5, 6, 7, 8, 9, 10, 11, 12, 13, 14, 15, 16, 17, 18, 19, 20, 21, 22, 23, 24, 25, 26, 27, 28, 29, 30, 31, 32, 33, 34, 35, 36, 37, 38, 39, 40, 41, 43, 44, 45, 46, 50, 53, 54, 57, 59, 60, 61, 62, 63, 71, 72, 73, 74, 77, 79, 80
events, 420, 391, 268, 138, 81, 73, 38, 38, 33, 25, 33, 24, 21, 24, 8, 18, 22, 13, 15, 9, 12, 6, 8, 9, 6, 5, 4, 11, 5, 7, 2, 4, 5, 3, 10, 10, 2, 3, 3, 1, 6, 1, 2, 1, 4, 3, 2, 1, 1, 1, 2, 2, 2, 1, 2, 1, 2, 3, 1, 2, 1, 2
sus, 4301, 4261, 4234, 4218, 4209, 4200, 4197, 4196, 4193, 4191, 4186, 4184, 4183, 4181, 4179, 4175, 4173, 4173, 4172, 4172, 4172, 4172, 4172, 4171, 4170, 4169, 4169, 4168, 4168, 4168, 4168, 4168, 4168, 4168, 4168, 4167, 4167, 4167, 4167, 4167, 4167, 4167, 4167, 4167, 4166, 4166, 4166, 4166, 4166, 4166, 4165, 4165, 4165, 4165, 4165, 4165, 4165, 4165, 4165, 4165, 4165, 4165
exp, 35, 68, 89, 96, 94, 96, 93, 87, 77, 73, 70, 68, 60, 58, 58, 55, 50, 46, 42, 40, 37, 35, 32, 31, 31, 30, 29, 27, 26, 24, 23, 21, 19, 17, 14, 14, 14, 13, 12, 11, 8, 8, 7, 7, 8, 7, 7, 6, 6, 5, 5, 5, 5, 4, 4, 3, 1, 1, 1, 1, 0, 0
inf, 428, 241, 125, 79, 58, 37, 27, 20, 24, 20, 15, 12, 16, 10, 10, 12, 13, 12, 11, 8, 6, 7, 7, 4, 4, 6, 5, 4, 3, 3, 3, 4, 4, 5, 5, 2, 1, 1, 1, 2, 3, 2, 3, 2, 1, 1, 0, 1, 0, 1, 2, 1, 0, 1, 0, 1, 3, 1, 1, 0, 1, 0
dead, 50, 55, 43, 23, 16, 10, 9, 6, 5, 4, 9, 2, 1, 2, 1, 3, 1, 0, 1, 3, 2, 0, 1, 4, 2, 0, 0, 1, 1, 0, 1, 0, 0, 1, 0, 0, 0, 0, 0, 0, 1, 1, 0, 1, 0, 0, 0, 0, 0, 0, 0, 0, 0, 0, 0, 0, 0, 1, 0, 0, 0, 0
rec, 61, 100, 121, 138, 148, 153, 157, 158, 160, 164, 165, 168, 168, 169, 170, 171, 172, 174, 176, 177, 179, 179, 179, 180, 180, 180, 181, 181, 181, 181, 181, 182, 183, 183, 183, 183, 183, 183, 183, 183, 183, 184, 184, 184, 184, 184, 184, 184, 185, 185, 185, 185, 185, 185, 185, 185, 185, 185, 185, 185, 185, 185
rem, 135, 285, 398, 456, 485, 514, 527, 543, 551, 558, 565, 576, 582, 590, 592, 594, 601, 605, 608, 610, 614, 617, 619, 620, 623, 625, 626, 629, 631, 634, 634, 635, 636, 636, 640, 644, 645, 646, 647, 647, 648, 648, 649, 649, 651, 652, 653, 653, 653, 653, 653, 654, 655, 655, 656, 656, 656, 657, 658, 659, 659, 660
timesteps, 0, 1, 2, 3, 4, 5, 6, 7, 8, 9, 10, 11, 12, 13, 14, 15, 16, 17, 18, 19, 20, 21, 22, 23, 24, 25, 26, 27, 28, 29, 30, 31, 32, 33, 34, 35, 36, 38, 39, 40, 41, 42, 43, 44, 45, 46, 47, 48, 49, 51, 52, 100, 101
events, 392, 319, 238, 156, 101, 52, 34, 32, 25, 32, 20, 20, 27, 11, 14, 6, 10, 12, 15, 19, 8, 8, 6, 4, 3, 7, 5, 4, 6, 2, 4, 5, 1, 6, 3, 2, 4, 3, 11, 7, 1, 1, 2, 2, 8, 6, 3, 5, 4, 1, 1, 1, 2
sus, 4356, 4330, 4303, 4279, 4269, 4263, 4260, 4258, 4256, 4252, 4252, 4252, 4252, 4252, 4251, 4251, 4250, 4249, 4248, 4247, 4247, 4245, 4245, 4245, 4245, 4243, 4243, 4243, 4242, 4242, 4242, 4241, 4241, 4241, 4241, 4241, 4241, 4241, 4240, 4239, 4239, 4239, 4239, 4239, 4239, 4239, 4239, 4239, 4239, 4239, 4239, 4239, 4239
exp, 27, 51, 71, 91, 92, 90, 90, 78, 78, 74, 70, 59, 55, 52, 51, 48, 44, 42, 35, 35, 32, 31, 31, 31, 29, 29, 27, 26, 26, 25, 23, 23, 22, 21, 20, 19, 18, 15, 11, 12, 12, 11, 10, 8, 6, 4, 3, 2, 2, 1, 1, 0, 0
inf, 389, 232, 125, 69, 44, 35, 23, 30, 20, 19, 14, 20, 10, 9, 5, 7, 10, 9, 13, 5, 5, 7, 3, 1, 3, 3, 3, 3, 2, 2, 3, 2, 3, 2, 2, 2, 1, 4, 6, 3, 2, 3, 3, 5, 4, 4, 4, 2, 0, 1, 0, 1, 0
dead, 62, 54, 55, 34, 17, 10, 9, 6, 7, 1, 2, 1, 3, 1, 1, 0, 0, 0, 1, 0, 1, 0, 1, 1, 0, 1, 2, 1, 0, 0, 0, 1, 1, 0, 0, 0, 0, 0, 0, 0, 0, 0, 0, 0, 0, 0, 0, 0, 0, 0, 0, 0, 0
rec, 51, 86, 109, 122, 125, 128, 131, 132, 134, 138, 139, 141, 144, 146, 147, 147, 147, 147, 148, 150, 150, 150, 151, 151, 151, 151, 151, 151, 152, 153, 153, 153, 153, 153, 153, 154, 155, 155, 156, 156, 157, 157, 158, 158, 158, 158, 158, 160, 160, 160, 161, 161, 161
rem, 125, 257, 347, 415, 463, 484, 497, 506, 515, 526, 533, 537, 546, 550, 555, 557, 559, 563, 565, 573, 575, 577, 579, 581, 582, 583, 584, 586, 588, 588, 589, 590, 590, 593, 594, 594, 595, 595, 597, 600, 600, 600, 600, 600, 603, 605, 606, 607, 609, 609, 609, 609, 610
timesteps, 0, 1, 2, 3, 4, 5, 6, 7, 8, 9, 10, 11, 12, 13, 14, 15, 16, 17, 18, 19, 20, 21, 22, 23, 24, 25, 26, 27, 28, 29, 30, 31, 32, 33, 34, 35, 36, 37, 38, 39, 40, 42, 45, 48, 50, 51, 53, 54, 57, 58, 80, 81
events, 490, 313, 215, 147, 81, 53, 44, 23, 24, 34, 23, 23, 14, 17, 18, 22, 18, 18, 5, 8, 4, 10, 10, 7, 6, 4, 2, 5, 5, 9, 2, 4, 1, 4, 5, 5, 1, 10, 4, 4, 3, 1, 2, 2, 1, 1, 1, 1, 1, 1, 1, 2
sus, 4317, 4288, 4266, 4252, 4246, 4240, 4237, 4235, 4233, 4232, 4231, 4229, 4229, 4228, 4225, 4224, 4223, 4222, 4222, 4222, 4222, 4222, 4222, 4221, 4221, 4221, 4221, 4221, 4220, 4220, 4220, 4220, 4220, 4219, 4218, 4218, 4218, 4215, 4215, 4215, 4215, 4215, 4215, 4215, 4215, 4215, 4215, 4215, 4215, 4215, 4215, 4215
exp, 42, 62, 82, 86, 81, 86, 84, 78, 74, 70, 63, 58, 54, 48, 48, 40, 36, 36, 34, 30, 29, 25, 21, 20, 19, 18, 18, 15, 15, 13, 12, 11, 10, 10, 11, 8, 7, 8, 5, 5, 5, 5, 3, 2, 2, 2, 2, 2, 1, 1, 0, 0
inf, 361, 224, 131, 83, 59, 36, 23, 25, 21, 13, 14, 15, 14, 15, 10, 14, 11, 4, 5, 7, 6, 7, 6, 6, 5, 4, 3, 4, 3, 2, 3, 2, 3, 3, 1, 3, 4, 3, 5, 2, 0, 0, 2, 2, 1, 1, 0, 0, 1, 0, 1, 0
dead, 86, 69, 44, 21, 14, 9, 5, 3, 6, 4, 3, 1, 1, 2, 4, 1, 3, 1, 0, 0, 1, 0, 2, 1, 0, 0, 0, 2, 2, 1, 0, 0, 0, 0, 0, 0, 0, 0, 0, 1, 1, 0, 0, 0, 1, 0, 1, 0, 0, 0, 0, 0
rec, 52, 86, 110, 126, 139, 146, 150, 151, 152, 152, 153, 153, 153, 155, 157, 158, 160, 162, 162, 162, 162, 163, 165, 166, 166, 167, 167, 167, 168, 168, 168, 169, 169, 169, 169, 169, 169, 170, 171, 172, 173, 173, 173, 174, 174, 174, 174, 174, 174, 175, 175, 175
rem, 152, 281, 377, 442, 471, 493, 511, 518, 524, 539, 546, 554, 559, 562, 566, 573, 577, 585, 587, 589, 590, 593, 594, 596, 599, 600, 601, 601, 602, 606, 607, 608, 608, 609, 611, 612, 612, 614, 614, 615, 616, 617, 617, 617, 617, 618, 618, 619, 619, 619, 619, 620
timesteps, 0, 1, 2, 3, 4, 5, 6, 7, 8, 9, 10, 11, 12, 13, 14, 15, 16, 17, 18, 19, 20, 21, 22, 23, 24, 25, 26, 27, 28, 29, 30, 31, 32, 33, 34, 35, 36, 37, 38, 39, 40, 41, 42, 43, 45, 46, 47, 48, 49, 51, 52, 53, 55, 56, 58, 62, 63, 64, 65, 67
events, 480, 341, 220, 140, 99, 58, 51, 38, 30, 31, 24, 20, 13, 22, 17, 10, 17, 19, 15, 5, 2, 8, 6, 5, 5, 8, 11, 3, 11, 10, 10, 3, 3, 2, 1, 6, 5, 6, 8, 5, 2, 2, 4, 5, 1, 2, 4, 1, 1, 2, 3, 3, 3, 5, 1, 1, 3, 1, 2, 1
sus, 4313, 4283, 4255, 4239, 4233, 4228, 4219, 4216, 4212, 4209, 4208, 4206, 4206, 4205, 4205, 4204, 4204, 4203, 4203, 4203, 4203, 4202, 4202, 4202, 4202, 4202, 4200, 4200, 4199, 4199, 4199, 4199, 4199, 4198, 4198, 4198, 4197, 4197, 4196, 4196, 4196, 4196, 4196, 4196, 4196, 4195, 4195, 4195, 4195, 4195, 4195, 4195, 4195, 4194, 4194, 4194, 4193, 4193, 4193, 4193
exp, 48, 73, 97, 101, 100, 100, 102, 92, 89, 84, 80, 74, 67, 64, 61, 55, 48, 46, 44, 44, 42, 41, 38, 34, 32, 30, 30, 27, 25, 21, 21, 19, 18, 19, 18, 16, 17, 15, 13, 11, 11, 10, 9, 8, 7, 8, 7, 6, 6, 6, 3, 2, 1, 2, 2, 1, 2, 1, 0, 0
inf, 375, 213, 126, 84, 49, 31, 23, 24, 21, 19, 12, 15, 18, 11, 7, 13, 14, 9, 4, 1, 3, 3, 4, 8, 8, 6, 5, 8, 7, 8, 3, 4, 4, 4, 5, 5, 3, 3, 4, 4, 3, 3, 2, 1, 2, 1, 1, 2, 1, 0, 3, 3, 3, 1, 0, 1, 0, 1, 1, 0
dead, 62, 55, 36, 27, 18, 11, 3, 3, 2, 0, 1, 0, 1, 2, 2, 2, 2, 2, 1, 1, 1, 0, 1, 0, 0, 1, 0, 0, 1, 0, 0, 1, 1, 0, 0, 0, 0, 0, 0, 0, 0, 1, 1, 0, 0, 1, 0, 0, 0, 0, 0, 0, 0, 0, 0, 0, 0, 0, 0, 0
rec, 62, 97, 110, 115, 122, 127, 130, 132, 134, 136, 141, 142, 143, 147, 147, 147, 149, 150, 152, 153, 153, 153, 153, 153, 154, 155, 155, 155, 155, 156, 156, 156, 156, 156, 156, 156, 156, 156, 156, 157, 157, 157, 158, 159, 159, 159, 159, 159, 160, 160, 160, 160, 160, 160, 161, 161, 161, 161, 162, 163
rem, 150, 289, 386, 444, 488, 513, 533, 543, 552, 562, 568, 573, 575, 581, 588, 589, 593, 600, 606, 608, 608, 611, 612, 613, 614, 616, 620, 620, 623, 626, 631, 631, 632, 633, 633, 635, 637, 639, 641, 642, 643, 643, 644, 646, 646, 646, 648, 648, 648, 649, 649, 650, 651, 653, 653, 653, 654, 654, 654, 654
timesteps, 0, 1, 2, 3, 4, 5, 6, 7, 8, 9, 10, 11, 12, 13, 14, 15, 16, 17, 18, 19, 20, 21, 22, 23, 24, 25, 26, 27, 28, 29, 30, 31, 32, 33, 34, 35, 36, 37, 38, 39, 40, 41, 42, 43, 44, 45, 46, 47, 48, 54, 55, 58
events, 541, 336, 178, 128, 71, 65, 31, 31, 20, 19, 26, 17, 20, 7, 12, 10, 12, 10, 15, 10, 4, 7, 4, 3, 3, 6, 8, 4, 5, 8, 13, 3, 2, 8, 4, 2, 4, 2, 2, 2, 1, 2, 5, 1, 2, 2, 4, 1, 1, 2, 1, 2
sus, 4319, 4291, 4275, 4261, 4253, 4248, 4244, 4243, 4243, 4242, 4242, 4242, 4240, 4240, 4240, 4240, 4237, 4237, 4237, 4237, 4237, 4237, 4236, 4236, 4236, 4236, 4236, 4236, 4236, 4235, 4235, 4235, 4235, 4234, 4234, 4234, 4234, 4234, 4234, 4234, 4234, 4233, 4233, 4233, 4233, 4233, 4233, 4233, 4233, 4233, 4233, 4233
exp, 44, 68, 79, 85, 83, 80, 80, 76, 71, 67, 61, 57, 56, 52, 45, 41, 41, 36, 34, 30, 30, 30, 31, 31, 29, 25, 24, 22, 19, 16, 16, 13, 11, 12, 12, 10, 8, 8, 7, 7, 6, 6, 4, 4, 4, 2, 2, 2, 2, 0, 0, 0
inf, 328, 180, 111, 69, 54, 38, 31, 24, 20, 18, 14, 11, 6, 9, 13, 13, 13, 15, 9, 10, 8, 4, 3, 1, 3, 6, 3, 3, 5, 7, 1, 4, 6, 2, 0, 2, 2, 1, 2, 1, 2, 3, 3, 2, 1, 3, 1, 0, 0, 2, 1, 0
dead, 87, 57, 34, 21, 14, 6, 4, 2, 3, 3, 3, 2, 2, 1, 1, 1, 1, 1, 1, 1, 0, 1, 0, 1, 0, 0, 0, 0, 0, 1, 0, 0, 0, 1, 0, 0, 1, 1, 0, 0, 0, 0, 0, 0, 0, 0, 0, 1, 0, 0, 0, 0
rec, 58, 88, 102, 109, 113, 117, 118, 119, 121, 122, 122, 124, 125, 125, 126, 128, 128, 129, 132, 132, 133, 133, 133, 133, 133, 133, 134, 136, 136, 136, 136, 136, 136, 136, 137, 137, 138, 138, 138, 138, 138, 138, 139, 140, 140, 140, 140, 140, 140, 140, 141, 141
rem, 174, 326, 409, 465, 493, 521, 533, 546, 552, 558, 568, 574, 581, 583, 585, 587, 590, 592, 597, 600, 602, 605, 607, 608, 609, 610, 613, 613, 614, 615, 622, 622, 622, 625, 627, 627, 627, 628, 629, 630, 630, 630, 631, 631, 632, 632, 634, 634, 635, 635, 635, 636
timesteps, 0, 1, 2, 3, 4, 5, 6, 7, 8, 9, 10, 11, 12, 13, 14, 15, 16, 17, 18, 19, 20, 21, 22, 23, 24, 25, 26, 27, 28, 29, 30, 31, 32, 33, 34, 35, 36, 37, 38, 39, 40, 41, 42, 43, 44, 45, 46, 51, 53, 54, 55, 56, 58, 59, 60, 61, 63, 64
events, 512, 350, 224, 156, 86, 79, 45, 37, 25, 24, 25, 19, 15, 21, 9, 10, 7, 13, 14, 12, 5, 10, 7, 5, 4, 3, 9, 7, 3, 16, 5, 3, 2, 6, 9, 7, 2, 1, 1, 2, 4, 4, 1, 2, 1, 2, 2, 1, 1, 1, 1, 1, 2, 1, 2, 1, 1, 2
sus, 4299, 4261, 4235, 4222, 4214, 4211, 4206, 4204, 4201, 4199, 4196, 4194, 4194, 4192, 4191, 4190, 4190, 4189, 4189, 4188, 4188, 4186, 4185, 4184, 4184, 4184, 4184, 4184, 4184, 4183, 4183, 4183, 4183, 4183, 4183, 4183, 4183, 4183, 4183, 4183, 4183, 4183, 4183, 4183, 4183, 4183, 4183, 4183, 4183, 4183, 4183, 4183, 4182, 4182, 4181, 4181, 4181, 4181
exp, 43, 67, 83, 86, 86, 77, 78, 70, 64, 62, 59, 56, 51, 50, 49, 46, 43, 41, 36, 36, 33, 34, 32, 33, 29, 27, 24, 20, 18, 19, 17, 16, 14, 11, 9, 9, 9, 8, 8, 7, 4, 4, 4, 3, 2, 2, 2, 1, 1, 1, 0, 0, 0, 0, 1, 1, 0, 0
inf, 363, 220, 142, 86, 60, 40, 27, 24, 27, 19, 18, 16, 16, 9, 8, 11, 11, 8, 8, 3, 5, 3, 4, 1, 5, 7, 6, 9, 10, 2, 3, 3, 5, 6, 4, 1, 0, 1, 0, 1, 3, 1, 0, 1, 2, 0, 0, 1, 0, 0, 1, 0, 1, 1, 0, 0, 1, 0
dead, 85, 71, 41, 31, 21, 18, 9, 7, 3, 8, 3, 2, 1, 4, 3, 0, 0, 2, 1, 1, 1, 0, 1, 1, 1, 0, 1, 0, 1, 2, 1, 0, 0, 1, 2, 0, 0, 0, 1, 0, 0, 0, 1, 0, 0, 2, 0, 0, 1, 0, 0, 1, 1, 0, 1, 0, 0, 0
rec, 60, 90, 108, 117, 125, 128, 135, 138, 141, 142, 145, 148, 149, 150, 151, 151, 153, 154, 156, 158, 158, 158, 158, 160, 160, 160, 161, 161, 161, 161, 161, 162, 162, 162, 162, 163, 163, 163, 163, 163, 164, 164, 164, 164, 164, 164, 164, 164, 164, 164, 164, 164, 164, 164, 164, 164, 164, 164
rem, 160, 301, 401, 468, 504, 536, 555, 567, 574, 580, 589, 594, 599, 605, 608, 612, 613, 616, 620, 624, 625, 629, 630, 631, 631, 632, 634, 636, 636, 643, 645, 646, 646, 647, 650, 654, 655, 655, 655, 656, 656, 658, 658, 659, 659, 659, 661, 661, 661, 662, 662, 662, 662, 663, 663, 664, 664, 665
timesteps, 0, 1, 2, 3, 4, 5, 6, 7, 8, 9, 10, 11, 12, 13, 14, 15, 16, 17, 18, 19, 20, 21, 22, 23, 24, 25, 26, 27, 28, 29, 30, 31, 32, 33, 34, 35, 36, 37, 38, 39, 40, 41, 43, 48, 49, 50, 51, 53, 54, 55, 56, 58, 59, 60, 63, 68, 69, 71, 72, 74, 75, 78, 79, 80, 81
events, 520, 350, 192, 143, 102, 59, 41, 26, 36, 18, 19, 21, 11, 21, 9, 14, 8, 11, 12, 10, 7, 9, 16, 13, 6, 6, 8, 4, 6, 5, 3, 7, 8, 6, 1, 2, 5, 4, 5, 2, 1, 4, 1, 1, 2, 4, 1, 3, 2, 5, 3, 3, 3, 2, 2, 2, 1, 3, 3, 1, 1, 2, 1, 1, 1
sus, 4301, 4259, 4237, 4224, 4216, 4213, 4211, 4211, 4209, 4208, 4206, 4205, 4205, 4203, 4202, 4202, 4202, 4200, 4199, 4198, 4197, 4196, 4195, 4195, 4194, 4194, 4193, 4192, 4192, 4192, 4192, 4192, 4192, 4191, 4191, 4191, 4191, 4191, 4190, 4190, 4190, 4190, 4190, 4190, 4190, 4188, 4188, 4188, 4188, 4187, 4187, 4186, 4185, 4185, 4185, 4185, 4185, 4185, 4184, 4184, 4184, 4184, 4184, 4184, 4184
exp, 42, 75, 90, 94, 94, 89, 83, 76, 71, 70, 64, 58, 53, 51, 50, 46, 45, 42, 40, 39, 37, 34, 30, 27, 26, 24, 24, 24, 23, 20, 20, 17, 15, 15, 15, 14, 11, 11, 10, 9, 9, 9, 9, 8, 7, 8, 7, 6, 4, 5, 4, 5, 6, 5, 5, 3, 3, 2, 2, 2, 1, 1, 0, 0, 0
inf, 370, 220, 146, 90, 56, 36, 26, 23, 18, 12, 14, 13, 14, 12, 11, 10, 7, 9, 8, 7, 9, 10, 9, 7, 7, 6, 4, 4, 2, 4, 3, 4, 3, 1, 1, 2, 4, 2, 3, 3, 2, 0, 0, 1, 1, 2, 3, 3, 5, 3, 3, 2, 0, 1, 0, 2, 1, 1, 1, 0, 1, 0, 1, 0, 0
dead, 60, 46, 28, 22, 11, 13, 9, 8, 3, 2, 2, 3, 4, 1, 1, 0, 1, 3, 3, 1, 0, 2, 1, 1, 1, 1, 0, 0, 1, 1, 0, 0, 0, 2, 1, 0, 0, 0, 0, 0, 1, 1, 0, 0, 1, 0, 0, 0, 0, 0, 0, 0, 1, 0, 0, 0, 0, 0, 0, 0, 0, 0, 0, 1, 0
rec, 60, 93, 110, 125, 134, 140, 149, 151, 153, 155, 158, 160, 161, 161, 161, 162, 162, 162, 162, 163, 163, 163, 166, 166, 167, 169, 170, 170, 170, 170, 170, 170, 170, 170, 170, 170, 170, 170, 170, 171, 171, 171, 171, 171, 171, 171, 171, 171, 171, 171, 171, 171, 172, 172, 172, 172, 173, 173, 174, 175, 175, 175, 175, 175, 175
rem, 177, 317, 399, 455, 499, 519, 532, 541, 556, 563, 566, 571, 573, 582, 585, 590, 593, 594, 598, 602, 604, 605, 609, 614, 615, 616, 619, 620, 622, 623, 625, 627, 630, 631, 632, 633, 634, 636, 637, 637, 637, 639, 640, 640, 640, 641, 641, 642, 642, 644, 645, 646, 646, 647, 648, 648, 648, 649, 649, 649, 649, 650, 650, 650, 651
timesteps, 0, 1, 2, 3, 4, 5, 6, 7, 8, 9, 10, 11, 12, 13, 14, 15, 16, 17, 18, 19, 20, 21, 22, 23, 24, 25, 26, 27, 28, 29, 30, 31, 32, 33, 34, 35, 36, 37, 38, 39, 40, 41, 42, 43, 44, 46, 47, 48, 49, 52, 53, 55, 57, 59, 62, 63, 65, 83, 86, 93, 94
events, 470, 336, 219, 125, 86, 61, 43, 30, 26, 15, 9, 25, 16, 19, 20, 9, 14, 7, 9, 9, 9, 15, 14, 7, 5, 11, 9, 2, 3, 5, 4, 3, 3, 2, 7, 2, 4, 4, 3, 1, 1, 3, 5, 3, 4, 2, 3, 3, 5, 3, 1, 4, 2, 1, 2, 1, 3, 1, 1, 1, 2
sus, 4354, 4319, 4297, 4287, 4278, 4271, 4269, 4267, 4263, 4263, 4263, 4261, 4259, 4257, 4255, 4254, 4253, 4253, 4251, 4251, 4251, 4250, 4250, 4250, 4250, 4248, 4245, 4245, 4245, 4245, 4245, 4245, 4243, 4243, 4243, 4243, 4243, 4243, 4243, 4243, 4242, 4241, 4241, 4241, 4241, 4241, 4241, 4241, 4241, 4240, 4240, 4239, 4239, 4239, 4239, 4239, 4238, 4238, 4238, 4238, 4238
exp, 36, 63, 78, 80, 83, 78, 76, 72, 67, 63, 58, 58, 54, 49, 47, 45, 42, 40, 40, 35, 29, 26, 24, 24, 21, 20, 22, 21, 20, 18, 17, 16, 18, 18, 13, 13, 12, 11, 11, 10, 11, 11, 10, 8, 7, 6, 4, 4, 3, 4, 3, 3, 3, 2, 1, 1, 2, 1, 1, 0, 0
inf, 339, 200, 103, 66, 38, 35, 18, 16, 20, 17, 19, 10, 11, 13, 9, 9, 8, 6, 5, 9, 13, 11, 7, 3, 5, 4, 3, 4, 4, 4, 3, 3, 2, 1, 5, 4, 3, 3, 1, 2, 2, 2, 1, 3, 2, 3, 4, 2, 1, 0, 1, 1, 0, 1, 1, 1, 0, 1, 0, 1, 0
dead, 80, 56, 51, 29, 20, 7, 9, 3, 0, 2, 3, 2, 3, 3, 2, 1, 1, 1, 2, 0, 1, 3, 2, 1, 0, 2, 1, 0, 0, 0, 0, 0, 1, 1, 1, 0, 1, 0, 0, 0, 0, 1, 1, 0, 1, 0, 0, 0, 0, 0, 0, 0, 0, 0, 1, 0, 0, 0, 0, 0, 0
rec, 52, 77, 100, 105, 111, 112, 115, 115, 115, 116, 117, 119, 120, 120, 123, 125, 126, 129, 129, 129, 129, 129, 130, 132, 133, 133, 133, 133, 133, 134, 135, 135, 135, 135, 135, 136, 136, 136, 137, 137, 137, 137, 137, 137, 137, 137, 138, 139, 139, 139, 139, 139, 139, 139, 139, 139, 139, 139, 140, 140, 140
rem, 149, 295, 381, 443, 480, 507, 523, 537, 545, 549, 550, 560, 563, 568, 574, 576, 580, 581, 583, 586, 587, 591, 597, 600, 601, 603, 606, 607, 608, 609, 610, 611, 611, 612, 613, 614, 615, 617, 618, 618, 618, 618, 620, 621, 622, 623, 623, 624, 626, 627, 627, 628, 629, 629, 629, 630, 631, 631, 631, 631, 632
timesteps, 0, 1, 2, 3, 4, 5, 6, 7, 8, 9, 10, 11, 12, 13, 14, 15, 16, 17, 18, 19, 20, 21, 22, 23, 24, 25, 26, 27, 28, 29, 30, 31, 32, 33, 34, 35, 36, 38, 39, 40, 41, 42, 43, 44, 45, 46, 47, 49, 50, 56, 57, 61, 63, 65, 66, 67, 72, 76, 78
events, 544, 368, 236, 132, 85, 58, 45, 46, 20, 18, 23, 20, 27, 20, 10, 14, 16, 8, 8, 11, 8, 16, 6, 13, 9, 11, 5, 7, 4, 1, 7, 3, 7, 4, 3, 2, 2, 3, 1, 5, 2, 2, 1, 4, 2, 1, 1, 3, 1, 1, 1, 1, 1, 1, 2, 1, 4, 1, 2
sus, 4252, 4229, 4208, 4194, 4188, 4183, 4177, 4174, 4173, 4172, 4172, 4172, 4171, 4170, 4170, 4170, 4170, 4170, 4170, 4168, 4167, 4164, 4163, 4163, 4163, 4161, 4161, 4161, 4161, 4161, 4161, 4161, 4161, 4160, 4160, 4160, 4160, 4160, 4160, 4160, 4159, 4159, 4159, 4158, 4158, 4158, 4158, 4158, 4158, 4158, 4158, 4158, 4157, 4157, 4157, 4157, 4157, 4157, 4157
exp, 51, 69, 84, 92, 90, 88, 89, 84, 78, 74, 68, 63, 57, 52, 46, 43, 39, 37, 34, 34, 31, 30, 30, 23, 20, 21, 20, 19, 19, 18, 14, 12, 12, 12, 12, 11, 9, 7, 7, 7, 7, 6, 6, 6, 5, 5, 4, 4, 4, 3, 3, 2, 3, 2, 2, 1, 1, 0, 0
inf, 399, 223, 126, 80, 56, 40, 28, 20, 21, 19, 17, 14, 11, 11, 14, 11, 9, 8, 7, 6, 7, 6, 4, 10, 9, 6, 5, 3, 1, 2, 4, 5, 1, 2, 0, 1, 3, 4, 3, 1, 2, 2, 1, 1, 1, 1, 2, 0, 0, 1, 0, 1, 1, 2, 1, 2, 0, 1, 0
dead, 74, 64, 43, 24, 14, 12, 9, 4, 3, 3, 2, 2, 3, 0, 2, 2, 0, 0, 2, 1, 2, 2, 4, 0, 1, 1, 0, 0, 0, 0, 0, 1, 2, 0, 1, 0, 0, 0, 1, 0, 0, 0, 1, 1, 1, 0, 0, 1, 0, 0, 0, 0, 0, 0, 0, 0, 0, 0, 0
rec, 59, 91, 109, 120, 123, 125, 128, 130, 131, 133, 133, 134, 134, 136, 136, 137, 139, 139, 140, 140, 142, 143, 143, 143, 144, 144, 145, 145, 145, 145, 146, 146, 146, 146, 146, 146, 146, 147, 147, 147, 147, 148, 148, 148, 149, 149, 149, 149, 149, 149, 150, 150, 150, 150, 150, 150, 150, 150, 150
rem, 175, 334, 440, 500, 539, 562, 579, 598, 604, 609, 618, 625, 634, 641, 642, 647, 653, 656, 657, 661, 661, 665, 666, 671, 673, 677, 679, 682, 684, 684, 685, 685, 688, 690, 691, 692, 692, 692, 692, 695, 695, 695, 695, 696, 696, 697, 697, 698, 699, 699, 699, 699, 699, 699, 700, 700, 702, 702, 703
timesteps, 0, 1, 2, 3, 4, 5, 6, 7, 8, 9, 10, 11, 12, 13, 14, 15, 16, 17, 18, 19, 20, 21, 22, 23, 24, 25, 26, 27, 28, 29, 30, 31, 32, 33, 34, 35, 36, 38, 39, 40, 41, 42, 43, 45, 47, 48, 49, 50, 51, 52, 53, 63, 64, 68, 70, 108, 109
events, 504, 362, 209, 117, 84, 45, 27, 34, 30, 21, 19, 20, 17, 16, 22, 11, 9, 11, 14, 17, 16, 7, 5, 7, 5, 4, 3, 2, 4, 5, 2, 7, 6, 10, 9, 4, 5, 3, 3, 5, 1, 3, 1, 1, 1, 3, 4, 1, 1, 3, 1, 1, 3, 1, 2, 1, 2
sus, 4308, 4278, 4257, 4245, 4240, 4236, 4235, 4232, 4231, 4229, 4229, 4226, 4224, 4222, 4218, 4216, 4216, 4215, 4214, 4214, 4213, 4213, 4213, 4213, 4212, 4212, 4212, 4212, 4212, 4211, 4211, 4210, 4210, 4208, 4208, 4208, 4207, 4207, 4206, 4206, 4206, 4206, 4206, 4206, 4206, 4206, 4206, 4206, 4206, 4206, 4206, 4206, 4205, 4205, 4205, 4205, 4205
exp, 39, 64, 78, 84, 82, 83, 77, 70, 64, 61, 56, 53, 50, 49, 48, 46, 41, 40, 36, 33, 31, 28, 26, 24, 25, 25, 25, 23, 22, 21, 21, 18, 15, 14, 13, 11, 12, 9, 10, 8, 8, 8, 7, 6, 5, 4, 4, 3, 2, 2, 2, 1, 2, 1, 1, 0, 0
inf, 364, 199, 111, 69, 39, 24, 23, 23, 18, 17, 15, 16, 15, 11, 11, 11, 14, 11, 12, 8, 6, 7, 6, 6, 4, 2, 0, 2, 1, 3, 2, 5, 6, 6, 3, 3, 1, 4, 3, 3, 2, 0, 1, 2, 3, 3, 1, 2, 3, 0, 0, 1, 0, 1, 0, 1, 0
dead, 76, 55, 39, 20, 15, 11, 6, 4, 4, 2, 2, 1, 1, 4, 0, 2, 2, 3, 3, 2, 0, 0, 2, 1, 0, 0, 1, 1, 2, 0, 0, 0, 0, 0, 0, 0, 0, 0, 0, 0, 0, 0, 0, 0, 0, 0, 0, 0, 0, 1, 0, 0, 0, 0, 0, 0, 0
rec, 63, 97, 122, 138, 145, 147, 149, 150, 152, 152, 152, 152, 154, 154, 155, 156, 156, 157, 157, 158, 158, 158, 159, 159, 160, 160, 160, 160, 160, 160, 160, 160, 161, 162, 162, 164, 164, 164, 164, 165, 166, 167, 167, 167, 167, 167, 167, 167, 167, 169, 169, 169, 169, 169, 169, 169, 169
rem, 160, 317, 403, 454, 489, 509, 520, 531, 541, 549, 556, 562, 566, 570, 578, 579, 581, 584, 588, 595, 602, 604, 604, 607, 609, 611, 612, 612, 613, 615, 616, 617, 618, 620, 624, 624, 626, 626, 627, 628, 628, 629, 629, 629, 629, 630, 632, 632, 632, 632, 633, 633, 634, 634, 635, 635, 636
timesteps, 0, 1, 2, 3, 4, 5, 6, 7, 8, 9, 10, 11, 12, 13, 14, 15, 16, 17, 18, 19, 20, 21, 22, 23, 24, 25, 26, 27, 28, 29, 30, 31, 32, 33, 34, 35, 36, 38, 39, 42, 43, 44, 45, 46, 47, 48, 49, 50, 51, 52, 55, 57, 58, 68, 69, 70, 72, 102, 105
events, 490, 332, 218, 123, 97, 57, 49, 35, 34, 31, 18, 16, 22, 9, 13, 14, 19, 12, 1, 14, 4, 5, 6, 4, 5, 7, 6, 8, 7, 16, 3, 3, 5, 3, 1, 3, 5, 1, 1, 1, 5, 2, 3, 3, 3, 1, 1, 1, 1, 1, 2, 2, 2, 1, 1, 2, 2, 1, 1
sus, 4313, 4284, 4266, 4258, 4248, 4241, 4236, 4233, 4233, 4229, 4228, 4228, 4224, 4223, 4222, 4222, 4220, 4220, 4220, 4218, 4217, 4217, 4216, 4216, 4216, 4215, 4215, 4215, 4212, 4211, 4211, 4211, 4210, 4209, 4209, 4209, 4209, 4209, 4209, 4209, 4208, 4208, 4208, 4208, 4208, 4208, 4208, 4208, 4208, 4208, 4208, 4208, 4208, 4208, 4208, 4208, 4208, 4208, 4208
exp, 47, 69, 76, 73, 76, 75, 72, 67, 59, 59, 55, 46, 45, 42, 40, 36, 34, 31, 31, 32, 32, 30, 28, 26, 23, 20, 16, 15, 15, 15, 14, 13, 14, 15, 15, 13, 12, 12, 12, 11, 10, 9, 7, 7, 6, 6, 6, 6, 5, 5, 3, 3, 3, 2, 1, 1, 1, 0, 0
inf, 365, 218, 129, 88, 58, 42, 29, 23, 18, 10, 11, 16, 13, 15, 14, 12, 9, 7, 6, 1, 1, 2, 4, 4, 6, 9, 11, 9, 11, 4, 4, 4, 1, 1, 0, 2, 1, 0, 0, 1, 2, 2, 3, 2, 1, 1, 0, 0, 1, 0, 2, 1, 0, 1, 2, 1, 0, 1, 0
dead, 72, 45, 37, 22, 9, 6, 8, 8, 5, 5, 1, 1, 2, 2, 1, 3, 0, 0, 0, 1, 1, 0, 0, 0, 0, 0, 2, 0, 1, 1, 1, 1, 2, 0, 1, 0, 0, 1, 0, 0, 0, 0, 1, 0, 1, 0, 1, 0, 0, 0, 0, 0, 0, 0, 0, 0, 0, 0, 0
rec, 55, 94, 113, 128, 135, 144, 148, 152, 155, 156, 156, 157, 159, 159, 159, 159, 163, 164, 165, 165, 165, 165, 165, 167, 167, 167, 167, 168, 168, 170, 170, 170, 171, 171, 171, 171, 171, 171, 171, 171, 171, 172, 172, 172, 173, 173, 173, 173, 173, 174, 174, 174, 174, 174, 174, 174, 174, 174, 175
rem, 158, 300, 389, 441, 484, 502, 517, 527, 540, 551, 559, 562, 567, 569, 574, 578, 584, 588, 588, 593, 594, 596, 597, 597, 598, 599, 599, 603, 603, 609, 610, 611, 612, 614, 614, 615, 617, 617, 618, 618, 619, 619, 619, 621, 621, 622, 622, 623, 623, 623, 623, 624, 625, 625, 625, 626, 627, 627, 627
timesteps, 0, 1, 2, 3, 4, 5, 6, 7, 8, 9, 10, 11, 12, 13, 14, 15, 16, 17, 18, 19, 20, 21, 22, 23, 24, 25, 26, 27, 28, 29, 30, 31, 32, 33, 34, 35, 36, 37, 38, 40, 42, 43, 45, 46, 47, 48, 50, 51, 53, 54, 62, 63, 64, 65, 67, 68, 69, 70, 71, 77, 78, 89, 90
events, 559, 363, 236, 144, 105, 76, 33, 46, 33, 28, 19, 14, 18, 16, 16, 18, 13, 12, 17, 4, 8, 6, 7, 8, 6, 3, 1, 3, 2, 4, 6, 6, 10, 5, 5, 5, 4, 3, 3, 1, 3, 3, 2, 2, 2, 6, 1, 2, 2, 2, 1, 1, 2, 2, 1, 2, 2, 2, 4, 1, 2, 1, 2
sus, 4225, 4197, 4176, 4158, 4148, 4141, 4140, 4135, 4135, 4134, 4133, 4133, 4132, 4132, 4130, 4127, 4127, 4126, 4124, 4124, 4124, 4123, 4122, 4122, 4122, 4122, 4122, 4122, 4122, 4122, 4122, 4121, 4120, 4120, 4119, 4118, 4118, 4118, 4118, 4118, 4118, 4118, 4118, 4118, 4118, 4116, 4116, 4116, 4116, 4116, 4116, 4116, 4116, 4116, 4116, 4116, 4116, 4116, 4114, 4114, 4114, 4114, 4114
exp, 49, 70, 85, 90, 90, 89, 85, 78, 68, 64, 60, 57, 53, 48, 45, 41, 36, 35, 36, 35, 32, 30, 29, 28, 27, 26, 26, 23, 23, 20, 18, 17, 14, 13, 13, 14, 13, 11, 11, 10, 10, 8, 8, 6, 5, 7, 6, 5, 5, 5, 4, 4, 3, 3, 2, 2, 0, 0, 2, 1, 1, 0, 0
inf, 418, 240, 141, 100, 65, 40, 34, 31, 29, 19, 18, 15, 12, 10, 10, 12, 13, 11, 4, 4, 4, 6, 7, 3, 2, 2, 1, 4, 3, 5, 5, 5, 5, 4, 4, 1, 1, 2, 1, 2, 0, 2, 1, 3, 3, 1, 2, 2, 0, 0, 1, 0, 1, 0, 1, 0, 2, 1, 0, 1, 0, 1, 0
dead, 66, 57, 43, 26, 20, 18, 8, 4, 1, 3, 2, 2, 3, 3, 3, 4, 3, 1, 2, 1, 2, 2, 0, 1, 0, 0, 0, 0, 0, 0, 0, 0, 3, 2, 1, 1, 0, 1, 0, 0, 1, 0, 0, 0, 1, 0, 0, 0, 2, 0, 0, 1, 0, 0, 0, 0, 0, 0, 0, 0, 0, 0, 0
rec, 68, 119, 134, 146, 157, 164, 169, 174, 178, 184, 184, 185, 188, 191, 192, 193, 194, 195, 196, 196, 196, 196, 196, 198, 198, 198, 199, 199, 199, 200, 200, 201, 201, 202, 202, 204, 204, 204, 204, 204, 204, 204, 204, 204, 204, 205, 205, 206, 206, 206, 206, 206, 206, 206, 206, 206, 206, 206, 206, 206, 206, 206, 206
rem, 184, 327, 431, 490, 530, 558, 574, 588, 599, 606, 613, 618, 622, 626, 630, 633, 637, 642, 648, 650, 652, 653, 656, 658, 661, 662, 662, 662, 663, 663, 665, 666, 667, 669, 671, 672, 674, 674, 676, 676, 677, 678, 679, 679, 679, 681, 681, 681, 681, 683, 683, 683, 684, 685, 685, 686, 686, 687, 688, 688, 689, 689, 690
timesteps, 0, 1, 2, 3, 4, 5, 6, 7, 8, 9, 10, 11, 12, 13, 14, 15, 16, 17, 18, 19, 20, 21, 22, 23, 24, 25, 26, 27, 28, 29, 30, 31, 32, 33, 34, 35, 36, 37, 38, 39, 40, 41, 42, 43, 45, 46, 49, 53, 55, 56, 59, 62, 64, 65, 67, 68, 70
events, 523, 379, 238, 122, 102, 71, 33, 29, 22, 12, 16, 19, 23, 18, 15, 7, 9, 18, 8, 8, 6, 12, 4, 6, 6, 6, 6, 3, 11, 3, 7, 2, 8, 2, 2, 1, 1, 2, 6, 5, 3, 3, 4, 4, 1, 3, 2, 1, 3, 1, 2, 2, 3, 4, 3, 1, 1
sus, 4280, 4245, 4220, 4212, 4204, 4198, 4196, 4196, 4196, 4196, 4196, 4194, 4190, 4188, 4187, 4187, 4187, 4186, 4185, 4185, 4185, 4184, 4184, 4183, 4182, 4182, 4182, 4182, 4181, 4181, 4181, 4181, 4181, 4181, 4181, 4181, 4181, 4181, 4181, 4179, 4179, 4179, 4179, 4177, 4177, 4177, 4177, 4177, 4176, 4176, 4176, 4176, 4174, 4174, 4174, 4174, 4174
exp, 39, 64, 83, 88, 87, 78, 75, 69, 65, 62, 54, 51, 51, 46, 42, 37, 35, 33, 33, 31, 27, 26, 26, 24, 24, 21, 19, 18, 17, 15, 13, 11, 9, 9, 9, 8, 8, 6, 5, 6, 5, 4, 3, 5, 4, 3, 3, 2, 3, 2, 2, 0, 2, 1, 0, 0, 0
inf, 385, 216, 120, 68, 40, 29, 20, 15, 8, 8, 13, 11, 7, 9, 11, 14, 12, 8, 5, 5, 8, 5, 2, 4, 3, 5, 5, 5, 3, 4, 3, 5, 3, 2, 1, 2, 2, 4, 2, 2, 2, 2, 1, 0, 1, 1, 0, 1, 0, 1, 0, 2, 1, 1, 1, 0, 0
dead, 82, 73, 43, 29, 14, 8, 6, 5, 5, 2, 0, 1, 2, 3, 0, 0, 1, 1, 2, 0, 0, 0, 2, 2, 1, 0, 0, 0, 0, 0, 1, 1, 2, 1, 1, 1, 0, 0, 0, 0, 0, 0, 0, 0, 0, 0, 0, 0, 0, 0, 0, 0, 1, 0, 0, 1, 0
rec, 62, 95, 122, 135, 139, 147, 151, 151, 155, 155, 155, 156, 156, 156, 156, 158, 158, 158, 159, 159, 159, 160, 160, 160, 161, 161, 161, 161, 161, 162, 162, 162, 163, 164, 164, 164, 164, 164, 165, 165, 165, 165, 166, 166, 166, 166, 166, 166, 166, 166, 166, 166, 166, 166, 166, 166, 166
rem, 162, 317, 422, 478, 526, 550, 562, 574, 581, 587, 592, 597, 604, 608, 614, 614, 617, 624, 626, 630, 631, 635, 636, 637, 639, 641, 643, 644, 648, 648, 650, 650, 652, 653, 654, 654, 655, 655, 657, 658, 659, 660, 661, 662, 662, 663, 664, 664, 665, 665, 666, 666, 666, 668, 669, 669, 670
timesteps, 0, 1, 2, 3, 4, 5, 6, 7, 8, 9, 10, 11, 12, 13, 14, 15, 16, 17, 18, 19, 20, 21, 22, 23, 24, 25, 26, 27, 28, 29, 30, 31, 32, 33, 34, 35, 36, 37, 39, 40, 41, 42, 43, 44, 45, 46, 48, 50, 52, 54, 56, 58, 59, 60, 61, 65, 69, 71, 72, 79, 80
events, 511, 330, 252, 111, 77, 86, 47, 34, 21, 23, 15, 14, 12, 10, 18, 13, 11, 10, 10, 9, 8, 11, 4, 10, 10, 7, 8, 5, 2, 4, 4, 8, 4, 2, 3, 2, 4, 2, 3, 4, 4, 3, 3, 3, 1, 1, 1, 1, 2, 3, 1, 2, 1, 2, 3, 1, 1, 1, 2, 1, 2
sus, 4299, 4270, 4253, 4238, 4236, 4233, 4230, 4226, 4224, 4222, 4219, 4218, 4217, 4216, 4216, 4215, 4213, 4212, 4212, 4211, 4210, 4208, 4208, 4207, 4204, 4204, 4203, 4203, 4203, 4202, 4202, 4201, 4201, 4201, 4201, 4201, 4201, 4200, 4200, 4200, 4200, 4200, 4199, 4199, 4199, 4199, 4199, 4199, 4199, 4199, 4199, 4199, 4199, 4199, 4199, 4199, 4199, 4199, 4199, 4199, 4199
exp, 42, 63, 72, 82, 78, 69, 63, 63, 60, 58, 55, 54, 50, 49, 43, 40, 39, 37, 32, 32, 29, 28, 28, 25, 28, 25, 22, 22, 21, 22, 18, 19, 17, 15, 15, 14, 14, 15, 13, 11, 10, 10, 10, 9, 9, 9, 9, 8, 7, 6, 5, 5, 4, 3, 3, 2, 2, 1, 1, 0, 0
inf, 375, 224, 128, 88, 60, 37, 26, 16, 15, 11, 14, 9, 10, 7, 7, 6, 6, 5, 9, 7, 9, 7, 4, 7, 3, 4, 6, 3, 3, 2, 6, 2, 3, 5, 3, 3, 1, 0, 2, 3, 2, 0, 1, 1, 0, 0, 0, 1, 1, 1, 2, 1, 2, 2, 0, 1, 0, 1, 0, 1, 0
dead, 75, 73, 40, 24, 15, 9, 6, 7, 4, 2, 1, 1, 2, 2, 1, 3, 2, 4, 1, 0, 1, 2, 4, 1, 2, 1, 1, 1, 1, 0, 0, 0, 0, 0, 0, 1, 1, 1, 0, 0, 1, 2, 1, 1, 2, 1, 0, 0, 0, 0, 0, 0, 0, 0, 0, 0, 0, 0, 0, 0, 0
rec, 58, 85, 99, 114, 122, 127, 135, 136, 137, 138, 139, 142, 143, 146, 147, 147, 148, 148, 148, 148, 148, 151, 151, 151, 151, 152, 153, 154, 155, 155, 155, 156, 156, 156, 157, 157, 157, 158, 158, 158, 158, 158, 158, 158, 158, 158, 158, 158, 159, 159, 159, 159, 159, 160, 161, 161, 162, 162, 162, 162, 162
rem, 161, 295, 418, 464, 499, 535, 550, 562, 570, 579, 582, 586, 588, 590, 596, 599, 602, 604, 608, 612, 613, 614, 615, 619, 622, 624, 625, 627, 627, 629, 629, 632, 633, 633, 634, 634, 636, 636, 637, 638, 639, 640, 641, 642, 642, 643, 644, 644, 644, 645, 645, 646, 646, 646, 647, 647, 647, 647, 648, 648, 649
timesteps, 0, 1, 2, 3, 4, 5, 6, 7, 8, 9, 10, 11, 12, 13, 14, 15, 16, 17, 18, 19, 20, 21, 22, 23, 24, 25, 26, 27, 28, 29, 30, 31, 32, 33, 34, 36, 37, 38, 39, 40, 41, 42, 43, 44, 45, 46, 47, 48, 49, 52, 66, 67, 70, 101, 103
events, 493, 343, 247, 178, 94, 65, 40, 40, 42, 33, 21, 22, 31, 14, 26, 12, 10, 15, 13, 16, 10, 9, 19, 19, 13, 10, 12, 8, 11, 4, 6, 4, 3, 4, 5, 2, 2, 8, 1, 8, 3, 4, 1, 3, 1, 2, 4, 2, 5, 2, 1, 3, 2, 1, 2
sus, 4272, 4235, 4207, 4190, 4184, 4174, 4170, 4169, 4168, 4165, 4164, 4163, 4160, 4160, 4153, 4153, 4153, 4153, 4151, 4151, 4151, 4151, 4148, 4147, 4144, 4143, 4141, 4141, 4140, 4140, 4140, 4140, 4140, 4140, 4139, 4139, 4139, 4137, 4137, 4136, 4136, 4135, 4135, 4135, 4135, 4135, 4134, 4134, 4134, 4134, 4134, 4134, 4134, 4134, 4134
exp, 44, 76, 97, 108, 107, 104, 98, 84, 78, 76, 68, 63, 62, 56, 59, 54, 49, 44, 41, 37, 32, 30, 31, 24, 23, 23, 23, 20, 19, 17, 16, 14, 13, 12, 12, 10, 8, 9, 9, 8, 7, 8, 7, 5, 5, 5, 6, 4, 3, 3, 2, 1, 1, 0, 0
inf, 404, 248, 147, 80, 44, 37, 35, 38, 25, 16, 21, 18, 11, 13, 10, 11, 14, 14, 14, 12, 14, 13, 6, 10, 9, 7, 5, 6, 3, 3, 1, 3, 3, 2, 2, 4, 6, 3, 2, 2, 2, 1, 2, 3, 2, 1, 0, 2, 1, 0, 1, 1, 0, 1, 0
dead, 79, 61, 44, 22, 18, 9, 4, 3, 6, 7, 3, 6, 4, 4, 2, 2, 1, 0, 2, 1, 2, 1, 4, 1, 4, 2, 2, 1, 0, 1, 2, 0, 0, 1, 0, 0, 0, 2, 2, 1, 1, 0, 0, 0, 1, 1, 0, 0, 0, 0, 0, 0, 0, 0, 0
rec, 58, 97, 118, 131, 140, 147, 150, 151, 154, 156, 157, 157, 157, 157, 158, 159, 159, 160, 162, 163, 163, 163, 164, 165, 166, 166, 166, 166, 169, 170, 170, 170, 170, 170, 170, 170, 170, 171, 172, 172, 172, 172, 172, 173, 173, 173, 173, 173, 173, 173, 173, 173, 173, 173, 173
rem, 153, 293, 397, 479, 517, 539, 553, 565, 579, 590, 597, 603, 616, 620, 628, 631, 634, 639, 640, 646, 648, 652, 657, 663, 664, 669, 673, 676, 679, 679, 681, 683, 684, 685, 687, 687, 687, 688, 688, 691, 692, 694, 694, 694, 694, 695, 697, 697, 699, 700, 700, 701, 702, 702, 703
timesteps, 0, 1, 2, 3, 4, 5, 6, 7, 8, 9, 10, 11, 12, 13, 14, 15, 16, 17, 18, 19, 20, 21, 22, 23, 24, 25, 26, 27, 28, 29, 30, 31, 32, 33, 34, 35, 36, 37, 38, 39, 40, 41, 42, 43, 45, 46, 47, 49, 50, 51, 52, 53, 54, 55, 56, 57, 58, 59, 63, 66
events, 499, 421, 221, 126, 94, 51, 53, 35, 29, 35, 22, 23, 12, 29, 30, 19, 17, 15, 11, 16, 12, 11, 11, 3, 13, 7, 10, 13, 7, 7, 8, 9, 3, 7, 4, 6, 8, 4, 3, 1, 5, 3, 3, 5, 2, 2, 4, 2, 2, 2, 1, 2, 1, 3, 2, 1, 2, 2, 1, 1
sus, 4298, 4249, 4228, 4211, 4202, 4196, 4190, 4188, 4187, 4184, 4182, 4179, 4179, 4177, 4174, 4173, 4173, 4172, 4170, 4168, 4168, 4167, 4167, 4166, 4164, 4164, 4163, 4162, 4162, 4162, 4162, 4162, 4162, 4162, 4161, 4160, 4160, 4160, 4160, 4159, 4158, 4158, 4158, 4158, 4158, 4158, 4158, 4158, 4158, 4158, 4158, 4157, 4157, 4157, 4157, 4157, 4157, 4157, 4157, 4157
exp, 57, 92, 102, 111, 113, 114, 105, 99, 88, 86, 84, 81, 72, 65, 62, 60, 53, 52, 50, 47, 40, 40, 35, 35, 36, 35, 33, 31, 26, 24, 23, 20, 18, 17, 16, 17, 13, 12, 11, 12, 12, 9, 8, 7, 7, 7, 6, 4, 4, 3, 2, 3, 3, 2, 2, 2, 1, 1, 0, 0
inf, 375, 197, 120, 78, 46, 31, 34, 30, 32, 24, 19, 16, 24, 22, 18, 12, 15, 9, 10, 10, 15, 11, 12, 13, 8, 6, 7, 5, 8, 7, 4, 4, 5, 4, 5, 2, 4, 2, 2, 2, 2, 5, 5, 4, 3, 2, 1, 3, 2, 2, 3, 2, 2, 2, 0, 0, 1, 0, 1, 0
dead, 74, 66, 35, 26, 22, 17, 9, 4, 6, 1, 1, 2, 1, 5, 3, 4, 1, 2, 2, 2, 0, 0, 2, 1, 3, 2, 0, 0, 1, 1, 2, 2, 2, 0, 0, 1, 0, 2, 1, 1, 0, 0, 0, 0, 0, 0, 0, 0, 0, 0, 0, 1, 0, 0, 2, 1, 0, 0, 0, 0
rec, 52, 86, 104, 112, 116, 121, 121, 125, 127, 131, 133, 136, 136, 136, 137, 139, 140, 143, 144, 145, 146, 147, 147, 147, 147, 148, 148, 149, 150, 151, 151, 151, 152, 152, 153, 153, 154, 155, 156, 156, 156, 156, 156, 156, 156, 156, 157, 157, 157, 158, 158, 158, 158, 158, 158, 158, 158, 158, 158, 159
rem, 154, 320, 421, 472, 511, 531, 551, 564, 570, 584, 591, 596, 598, 605, 616, 622, 628, 632, 634, 638, 641, 645, 647, 648, 652, 655, 659, 663, 663, 665, 668, 671, 671, 675, 675, 677, 679, 679, 680, 680, 682, 682, 683, 685, 686, 687, 688, 688, 689, 689, 689, 689, 690, 691, 691, 692, 693, 694, 694, 694
timesteps, 0, 1, 2, 3, 4, 5, 6, 7, 8, 9, 10, 11, 12, 13, 14, 15, 16, 17, 18, 19, 20, 21, 22, 23, 24, 25, 26, 28, 29, 30, 31, 32, 33, 34, 35, 36, 37, 38, 39, 41, 42, 43, 45, 46, 47, 48, 49, 50, 51, 52, 55, 56, 57, 66, 67
events, 527, 310, 214, 122, 98, 76, 39, 24, 18, 15, 30, 27, 11, 9, 13, 11, 13, 16, 16, 9, 8, 4, 5, 4, 8, 6, 8, 2, 3, 2, 2, 2, 4, 4, 2, 4, 4, 4, 2, 1, 1, 4, 2, 1, 1, 3, 1, 2, 1, 1, 1, 3, 2, 1, 1
sus, 4315, 4287, 4268, 4259, 4250, 4244, 4240, 4237, 4234, 4233, 4231, 4228, 4227, 4227, 4226, 4226, 4225, 4223, 4223, 4222, 4222, 4221, 4220, 4220, 4218, 4218, 4218, 4218, 4218, 4218, 4218, 4218, 4218, 4217, 4217, 4217, 4217, 4217, 4217, 4217, 4217, 4217, 4217, 4217, 4217, 4217, 4217, 4217, 4217, 4217, 4217, 4217, 4217, 4217, 4217
exp, 38, 61, 70, 70, 74, 70, 70, 65, 65, 58, 53, 52, 51, 47, 41, 36, 34, 32, 28, 27, 24, 24, 25, 22, 22, 21, 20, 18, 18, 17, 17, 15, 13, 13, 12, 12, 10, 10, 10, 9, 8, 8, 6, 6, 5, 4, 4, 4, 3, 3, 2, 1, 1, 0, 0
inf, 350, 202, 121, 83, 48, 27, 17, 19, 14, 18, 15, 9, 7, 8, 11, 12, 11, 9, 6, 4, 5, 5, 3, 6, 5, 3, 1, 3, 1, 2, 1, 3, 4, 4, 4, 2, 3, 1, 0, 1, 2, 0, 2, 1, 2, 2, 1, 0, 1, 0, 1, 1, 0, 1, 0
dead, 72, 63, 41, 25, 15, 9, 4, 2, 3, 5, 2, 1, 1, 1, 3, 3, 1, 2, 2, 2, 1, 1, 1, 0, 1, 2, 0, 0, 1, 0, 0, 0, 0, 0, 0, 0, 0, 0, 0, 0, 0, 0, 0, 0, 0, 0, 0, 0, 0, 0, 0, 0, 0, 0, 0
rec, 63, 101, 120, 126, 132, 140, 142, 143, 146, 146, 148, 149, 149, 150, 151, 153, 154, 155, 157, 159, 159, 159, 159, 159, 160, 160, 161, 161, 161, 161, 161, 161, 161, 161, 162, 162, 162, 162, 162, 162, 162, 162, 162, 163, 163, 163, 164, 164, 164, 165, 165, 165, 165, 165, 166
rem, 172, 296, 390, 447, 491, 520, 537, 544, 548, 550, 561, 571, 575, 577, 578, 580, 585, 589, 594, 596, 599, 600, 602, 603, 604, 606, 610, 610, 611, 612, 613, 613, 614, 615, 615, 617, 618, 620, 621, 621, 621, 623, 623, 623, 623, 624, 624, 625, 625, 625, 625, 626, 627, 627, 627
timesteps, 0, 1, 2, 3, 4, 5, 6, 7, 8, 9, 10, 11, 12, 13, 14, 15, 16, 17, 18, 19, 20, 21, 22, 23, 24, 25, 26, 27, 28, 29, 30, 31, 32, 33, 34, 35, 36, 37, 40, 41, 42, 43, 44, 45, 47, 48, 49, 50, 53, 56, 80, 82, 83
events, 505, 342, 237, 135, 88, 63, 37, 40, 25, 44, 12, 20, 10, 12, 15, 26, 11, 12, 12, 5, 8, 11, 2, 5, 5, 9, 8, 5, 4, 7, 6, 5, 4, 4, 4, 2, 2, 1, 4, 2, 5, 3, 2, 4, 2, 2, 3, 2, 1, 2, 1, 3, 2
sus, 4293, 4265, 4243, 4229, 4221, 4216, 4213, 4210, 4210, 4205, 4204, 4201, 4201, 4199, 4199, 4198, 4197, 4196, 4196, 4196, 4195, 4194, 4194, 4194, 4194, 4193, 4192, 4191, 4191, 4190, 4188, 4186, 4186, 4186, 4186, 4186, 4186, 4186, 4186, 4186, 4186, 4186, 4186, 4186, 4186, 4186, 4186, 4186, 4186, 4186, 4186, 4186, 4186
exp, 40, 61, 76, 81, 82, 81, 74, 67, 60, 59, 56, 53, 51, 48, 44, 39, 37, 35, 30, 27, 27, 27, 26, 24, 21, 19, 18, 16, 14, 15, 17, 18, 16, 15, 14, 12, 12, 12, 8, 8, 7, 6, 6, 6, 4, 3, 3, 3, 2, 2, 1, 0, 0
inf, 382, 222, 130, 85, 56, 36, 33, 29, 26, 15, 15, 15, 12, 13, 9, 8, 8, 6, 7, 8, 5, 2, 3, 3, 5, 5, 4, 7, 8, 4, 2, 2, 3, 3, 2, 4, 3, 2, 6, 5, 4, 3, 2, 0, 2, 2, 1, 0, 1, 0, 1, 1, 0
dead, 71, 65, 37, 15, 11, 7, 4, 4, 5, 3, 2, 1, 1, 4, 8, 1, 0, 1, 0, 1, 2, 1, 0, 0, 0, 1, 1, 0, 0, 2, 2, 2, 1, 0, 0, 0, 0, 0, 0, 0, 0, 2, 1, 0, 0, 1, 0, 0, 0, 0, 0, 0, 0
rec, 62, 95, 113, 131, 134, 138, 143, 144, 145, 148, 150, 152, 154, 154, 155, 157, 157, 158, 160, 161, 162, 162, 162, 163, 163, 163, 164, 164, 164, 164, 164, 164, 165, 165, 166, 166, 166, 167, 167, 167, 167, 167, 168, 169, 169, 169, 169, 169, 169, 169, 169, 169, 169
rem, 162, 302, 411, 469, 506, 532, 543, 556, 564, 580, 583, 588, 591, 592, 595, 607, 611, 614, 617, 617, 619, 624, 625, 626, 627, 629, 631, 632, 633, 635, 637, 638, 639, 641, 642, 642, 643, 643, 643, 644, 646, 646, 647, 649, 649, 649, 651, 652, 652, 653, 653, 654, 655
timesteps, 0, 1, 2, 3, 4, 5, 6, 7, 8, 9, 10, 11, 12, 13, 14, 15, 16, 17, 18, 19, 20, 21, 22, 23, 24, 25, 26, 27, 28, 29, 30, 31, 32, 33, 34, 35, 36, 37, 38, 39, 40, 41, 42, 43, 44, 45, 46, 50, 53, 54, 55, 56, 60, 61, 62, 66, 69, 70, 74, 75, 76, 77, 92, 94
events, 460, 348, 203, 133, 88, 63, 43, 27, 34, 26, 22, 19, 25, 13, 13, 9, 17, 14, 13, 14, 14, 12, 13, 11, 7, 3, 3, 16, 14, 7, 13, 9, 1, 8, 5, 9, 4, 4, 3, 5, 9, 4, 2, 3, 2, 2, 1, 3, 1, 2, 1, 1, 3, 2, 1, 2, 1, 1, 1, 3, 1, 2, 1, 1
sus, 4325, 4292, 4273, 4258, 4249, 4241, 4237, 4237, 4233, 4231, 4230, 4226, 4224, 4224, 4222, 4221, 4221, 4219, 4219, 4219, 4217, 4217, 4216, 4214, 4214, 4214, 4214, 4212, 4212, 4211, 4209, 4207, 4207, 4207, 4207, 4206, 4206, 4206, 4205, 4205, 4204, 4203, 4203, 4203, 4203, 4203, 4203, 4202, 4202, 4201, 4201, 4201, 4201, 4201, 4201, 4201, 4201, 4201, 4201, 4200, 4200, 4200, 4200, 4200
exp, 44, 70, 83, 92, 93, 97, 91, 80, 81, 74, 73, 70, 68, 63, 61, 58, 51, 51, 43, 41, 39, 36, 34, 35, 32, 31, 28, 24, 19, 18, 18, 19, 19, 15, 13, 14, 12, 11, 11, 7, 7, 7, 7, 6, 6, 6, 5, 6, 5, 6, 6, 5, 4, 4, 3, 3, 2, 2, 1, 2, 1, 1, 0, 0
inf, 372, 224, 130, 78, 56, 33, 29, 31, 20, 21, 13, 17, 11, 11, 10, 13, 14, 10, 16, 11, 10, 7, 6, 4, 5, 4, 7, 10, 9, 9, 5, 3, 3, 5, 5, 1, 2, 2, 2, 6, 3, 3, 1, 2, 1, 0, 1, 0, 1, 0, 0, 1, 1, 0, 1, 0, 1, 0, 1, 0, 1, 0, 1, 0
dead, 69, 39, 43, 29, 9, 8, 4, 4, 3, 4, 4, 2, 2, 3, 4, 2, 2, 2, 1, 2, 3, 5, 3, 1, 0, 2, 2, 0, 0, 0, 2, 2, 1, 1, 1, 1, 1, 0, 1, 0, 1, 0, 2, 0, 0, 0, 0, 0, 0, 1, 0, 0, 0, 0, 0, 0, 0, 0, 0, 0, 0, 0, 0, 0
rec, 63, 95, 113, 131, 140, 144, 147, 149, 151, 151, 152, 152, 153, 154, 156, 156, 158, 160, 160, 161, 162, 163, 164, 164, 165, 165, 165, 165, 168, 168, 169, 169, 169, 169, 170, 170, 170, 170, 170, 170, 170, 171, 171, 171, 171, 171, 171, 171, 171, 171, 171, 171, 171, 171, 171, 171, 171, 172, 172, 172, 172, 172, 172, 173
rem, 137, 290, 368, 422, 463, 487, 502, 509, 522, 529, 538, 543, 552, 555, 557, 560, 564, 568, 571, 576, 579, 582, 587, 592, 594, 594, 594, 599, 602, 604, 607, 610, 611, 613, 614, 618, 619, 621, 621, 622, 625, 626, 626, 628, 629, 630, 630, 631, 631, 631, 632, 632, 633, 634, 634, 635, 635, 635, 635, 636, 636, 637, 637, 637
timesteps, 0, 1, 2, 3, 4, 5, 6, 7, 8, 9, 10, 11, 12, 13, 14, 15, 16, 17, 18, 19, 20, 21, 22, 23, 24, 25, 26, 27, 28, 29, 30, 31, 32, 34, 35, 36, 37, 38, 39, 40, 41, 42, 43, 44, 45, 46, 47, 48, 49, 51, 52, 53, 55, 58, 59, 60, 66, 68, 69, 74, 76
events, 530, 355, 204, 147, 87, 60, 40, 48, 35, 42, 31, 20, 20, 17, 13, 15, 9, 9, 8, 11, 10, 11, 11, 13, 10, 4, 13, 1, 10, 4, 10, 2, 2, 5, 3, 7, 3, 3, 8, 4, 6, 5, 1, 1, 1, 1, 1, 2, 2, 4, 1, 1, 2, 2, 4, 2, 2, 2, 4, 1, 2
sus, 4291, 4245, 4226, 4214, 4207, 4197, 4191, 4186, 4185, 4183, 4183, 4180, 4179, 4178, 4178, 4176, 4175, 4174, 4174, 4174, 4174, 4174, 4172, 4170, 4170, 4169, 4166, 4166, 4166, 4166, 4166, 4166, 4165, 4164, 4164, 4163, 4162, 4162, 4162, 4162, 4161, 4161, 4161, 4161, 4161, 4161, 4161, 4161, 4160, 4160, 4160, 4160, 4160, 4160, 4159, 4159, 4159, 4159, 4159, 4159, 4159
exp, 38, 74, 86, 90, 87, 91, 89, 85, 77, 68, 61, 59, 55, 52, 49, 47, 47, 44, 41, 37, 32, 29, 30, 27, 24, 23, 26, 25, 19, 19, 18, 17, 17, 16, 16, 14, 15, 12, 10, 9, 10, 9, 8, 8, 8, 7, 6, 6, 6, 6, 6, 5, 5, 3, 3, 3, 2, 1, 1, 0, 0
inf, 367, 216, 142, 83, 60, 43, 36, 30, 25, 23, 16, 14, 13, 11, 7, 8, 6, 8, 8, 8, 10, 8, 5, 7, 6, 7, 2, 3, 7, 5, 1, 2, 3, 4, 2, 4, 3, 6, 5, 4, 1, 1, 2, 1, 1, 2, 3, 2, 3, 1, 0, 1, 0, 2, 2, 1, 1, 2, 0, 1, 0
dead, 80, 68, 33, 24, 13, 11, 11, 6, 8, 3, 6, 5, 2, 2, 6, 2, 1, 1, 1, 0, 0, 2, 1, 1, 0, 1, 0, 0, 0, 0, 1, 0, 0, 0, 1, 0, 0, 0, 0, 1, 2, 0, 0, 1, 0, 0, 0, 0, 0, 0, 0, 0, 0, 0, 0, 0, 1, 0, 0, 0, 0
rec, 68, 103, 122, 138, 145, 149, 153, 154, 155, 157, 158, 161, 162, 162, 162, 163, 163, 163, 164, 166, 167, 167, 168, 168, 170, 170, 171, 171, 171, 171, 171, 171, 171, 171, 171, 171, 171, 171, 171, 171, 171, 171, 171, 171, 171, 171, 171, 171, 171, 171, 172, 172, 172, 172, 172, 172, 172, 172, 172, 172, 172
rem, 166, 304, 401, 461, 498, 519, 530, 549, 560, 576, 586, 591, 599, 605, 608, 614, 618, 620, 622, 625, 627, 630, 634, 637, 640, 640, 645, 645, 647, 649, 653, 654, 654, 655, 656, 658, 659, 659, 662, 663, 665, 668, 668, 668, 669, 669, 669, 670, 670, 672, 672, 672, 673, 673, 674, 675, 675, 676, 678, 678, 679
timesteps, 0, 1, 2, 3, 4, 5, 6, 7, 8, 9, 10, 11, 12, 13, 14, 15, 16, 17, 18, 19, 20, 21, 22, 23, 24, 25, 26, 27, 28, 29, 30, 31, 33, 34, 35, 36, 37, 39, 40, 41, 42, 43, 44, 45, 46, 48, 51, 52, 53, 54, 56, 58, 59, 63, 64, 65, 106, 107, 108
events, 483, 309, 240, 135, 78, 51, 35, 22, 24, 20, 12, 15, 28, 12, 19, 21, 10, 8, 14, 1, 10, 13, 7, 7, 2, 5, 7, 1, 5, 6, 6, 7, 1, 3, 2, 3, 1, 2, 2, 4, 7, 1, 3, 5, 1, 1, 2, 2, 2, 2, 1, 1, 2, 1, 1, 1, 1, 1, 1
sus, 4330, 4298, 4280, 4268, 4260, 4256, 4253, 4250, 4247, 4247, 4247, 4246, 4245, 4245, 4243, 4243, 4242, 4242, 4242, 4242, 4239, 4239, 4239, 4238, 4238, 4237, 4237, 4237, 4237, 4237, 4236, 4235, 4235, 4235, 4235, 4235, 4235, 4235, 4235, 4234, 4233, 4233, 4232, 4232, 4232, 4232, 4232, 4232, 4232, 4232, 4232, 4232, 4232, 4232, 4232, 4232, 4232, 4232, 4232
exp, 46, 69, 76, 78, 79, 76, 78, 75, 72, 65, 62, 59, 49, 44, 38, 35, 34, 32, 27, 26, 29, 28, 22, 22, 22, 21, 20, 19, 15, 14, 13, 12, 12, 12, 12, 12, 11, 9, 8, 8, 7, 6, 7, 6, 6, 6, 4, 2, 2, 2, 2, 2, 2, 1, 1, 1, 0, 0, 0
inf, 354, 208, 115, 72, 49, 36, 20, 21, 20, 17, 14, 13, 16, 16, 18, 11, 9, 9, 9, 10, 4, 1, 6, 4, 3, 4, 2, 3, 6, 4, 4, 5, 4, 2, 1, 0, 1, 3, 3, 3, 3, 4, 3, 1, 1, 0, 2, 4, 3, 2, 1, 1, 0, 1, 0, 0, 1, 0, 0
dead, 61, 62, 40, 21, 11, 6, 7, 2, 0, 3, 3, 2, 1, 2, 3, 3, 4, 1, 2, 2, 4, 0, 0, 1, 1, 0, 0, 0, 1, 1, 2, 0, 0, 1, 1, 0, 0, 0, 0, 0, 0, 0, 0, 1, 0, 0, 0, 0, 0, 0, 1, 0, 0, 0, 1, 0, 0, 1, 0
rec, 64, 105, 124, 136, 143, 148, 150, 152, 153, 157, 160, 161, 162, 164, 166, 168, 168, 169, 169, 169, 172, 172, 173, 173, 173, 174, 174, 174, 174, 175, 175, 175, 176, 176, 176, 176, 176, 176, 177, 177, 177, 177, 177, 178, 178, 179, 179, 179, 179, 179, 179, 179, 179, 179, 179, 179, 179, 179, 179
rem, 155, 268, 375, 435, 468, 488, 502, 510, 518, 521, 524, 529, 537, 539, 542, 550, 553, 557, 561, 561, 562, 570, 570, 572, 573, 574, 577, 577, 577, 579, 580, 583, 583, 584, 585, 587, 587, 587, 587, 588, 590, 590, 591, 592, 593, 593, 593, 593, 594, 595, 595, 596, 597, 597, 597, 598, 598, 598, 599
timesteps, 0, 1, 2, 3, 4, 5, 6, 7, 8, 9, 10, 11, 12, 13, 14, 15, 16, 17, 18, 19, 20, 21, 22, 23, 24, 25, 26, 27, 28, 29, 30, 31, 33, 34, 35, 37, 38, 39, 41, 46, 47, 48, 49, 50, 51, 70, 71
events, 459, 323, 207, 132, 81, 52, 41, 19, 14, 19, 16, 13, 13, 16, 11, 14, 8, 9, 15, 6, 10, 8, 6, 9, 6, 16, 6, 10, 3, 5, 1, 2, 1, 2, 6, 2, 1, 2, 2, 2, 1, 1, 4, 2, 2, 1, 1
sus, 4353, 4319, 4298, 4290, 4283, 4282, 4279, 4278, 4277, 4275, 4275, 4275, 4273, 4272, 4272, 4272, 4272, 4271, 4269, 4269, 4268, 4267, 4267, 4266, 4266, 4264, 4263, 4263, 4263, 4263, 4263, 4263, 4263, 4263, 4262, 4262, 4262, 4262, 4262, 4262, 4262, 4262, 4262, 4262, 4262, 4262, 4262
exp, 28, 55, 70, 71, 71, 65, 61, 58, 58, 56, 53, 49, 47, 44, 40, 35, 32, 29, 30, 27, 25, 26, 21, 19, 14, 14, 13, 11, 11, 10, 10, 8, 7, 7, 7, 7, 6, 5, 5, 3, 3, 2, 2, 1, 1, 0, 0
inf, 357, 208, 127, 71, 50, 33, 25, 20, 16, 15, 9, 9, 10, 9, 9, 9, 9, 11, 5, 6, 5, 2, 6, 6, 11, 6, 6, 4, 2, 1, 0, 2, 3, 2, 1, 0, 1, 1, 0, 2, 1, 2, 0, 1, 0, 1, 0
dead, 64, 57, 31, 29, 12, 9, 5, 5, 3, 0, 4, 3, 2, 0, 1, 1, 1, 1, 2, 2, 1, 0, 1, 1, 0, 1, 0, 0, 0, 0, 0, 0, 0, 0, 0, 0, 0, 0, 0, 0, 1, 1, 1, 0, 0, 0, 0
rec, 51, 88, 108, 119, 125, 132, 135, 139, 139, 139, 140, 140, 140, 141, 141, 142, 143, 143, 144, 145, 148, 148, 148, 149, 149, 150, 152, 152, 153, 153, 154, 154, 154, 154, 154, 154, 154, 155, 155, 155, 155, 155, 155, 155, 155, 155, 156
rem, 157, 283, 376, 430, 469, 489, 505, 510, 517, 525, 529, 534, 538, 544, 547, 551, 553, 555, 560, 561, 563, 567, 567, 569, 570, 575, 576, 580, 581, 583, 583, 583, 583, 584, 586, 587, 587, 587, 588, 588, 588, 588, 590, 591, 592, 592, 592
timesteps, 0, 1, 2, 3, 4, 5, 6, 7, 8, 9, 10, 11, 12, 13, 14, 15, 16, 17, 18, 19, 20, 21, 22, 23, 24, 25, 26, 27, 28, 29, 30, 31, 32, 33, 34, 36, 37, 38, 39, 40, 41, 42, 45, 48, 56, 57, 59, 60, 61, 64, 65, 66, 67, 75, 79
events, 406, 321, 231, 117, 77, 63, 43, 34, 28, 16, 10, 20, 18, 18, 12, 16, 6, 16, 15, 8, 6, 9, 10, 10, 4, 12, 15, 8, 4, 2, 5, 1, 3, 3, 1, 1, 1, 1, 3, 4, 1, 3, 3, 2, 1, 1, 2, 2, 1, 2, 2, 1, 1, 1, 1
sus, 4385, 4360, 4340, 4326, 4314, 4311, 4306, 4302, 4301, 4300, 4300, 4300, 4299, 4298, 4295, 4294, 4293, 4291, 4291, 4290, 4290, 4289, 4289, 4288, 4288, 4288, 4285, 4284, 4284, 4284, 4284, 4284, 4284, 4284, 4284, 4284, 4284, 4284, 4284, 4284, 4284, 4283, 4283, 4283, 4283, 4283, 4282, 4282, 4282, 4282, 4282, 4282, 4282, 4282, 4282
exp, 35, 54, 66, 73, 77, 70, 70, 71, 65, 63, 55, 48, 43, 41, 41, 37, 36, 34, 31, 29, 27, 23, 19, 19, 15, 13, 14, 13, 12, 12, 11, 10, 9, 9, 9, 9, 9, 8, 6, 5, 5, 5, 4, 4, 3, 3, 3, 3, 3, 1, 1, 1, 1, 0, 0
inf, 349, 202, 105, 69, 50, 37, 26, 16, 14, 11, 17, 17, 17, 11, 11, 12, 12, 10, 7, 8, 7, 10, 11, 8, 12, 8, 6, 5, 5, 4, 3, 4, 3, 1, 0, 0, 0, 1, 2, 2, 1, 1, 1, 0, 1, 0, 1, 0, 0, 2, 0, 0, 0, 1, 0
dead, 56, 48, 41, 25, 19, 12, 7, 6, 3, 2, 2, 1, 2, 4, 4, 0, 0, 1, 1, 0, 1, 1, 1, 1, 1, 3, 1, 2, 1, 0, 0, 0, 1, 1, 2, 1, 0, 0, 1, 0, 0, 0, 0, 0, 0, 1, 1, 1, 0, 0, 2, 1, 0, 0, 0
rec, 59, 83, 97, 103, 106, 109, 113, 113, 114, 115, 117, 119, 119, 121, 121, 123, 124, 125, 125, 126, 127, 128, 128, 128, 128, 128, 128, 128, 128, 129, 129, 129, 130, 131, 131, 131, 131, 131, 131, 131, 132, 133, 133, 133, 133, 133, 133, 133, 133, 133, 133, 133, 133, 133, 134
rem, 126, 263, 361, 414, 444, 471, 488, 502, 513, 519, 519, 525, 530, 535, 538, 544, 545, 549, 555, 557, 558, 559, 562, 566, 566, 570, 576, 578, 580, 581, 583, 583, 583, 584, 584, 585, 586, 586, 586, 588, 588, 588, 589, 590, 590, 590, 590, 591, 592, 592, 592, 593, 594, 594, 594
timesteps, 0, 1, 2, 3, 4, 5, 6, 7, 8, 9, 10, 11, 12, 13, 14, 15, 16, 17, 18, 19, 20, 21, 22, 23, 24, 25, 26, 27, 28, 29, 30, 31, 32, 33, 35, 37, 38, 39, 40, 42, 43, 45, 47, 48, 51, 53, 79, 80, 81
events, 458, 356, 200, 132, 81, 34, 39, 30, 24, 11, 19, 10, 7, 5, 5, 11, 13, 22, 16, 10, 4, 6, 9, 6, 4, 9, 9, 4, 7, 11, 4, 2, 2, 3, 2, 4, 2, 1, 1, 1, 1, 2, 1, 2, 1, 2, 1, 1, 1
sus, 4355, 4324, 4305, 4293, 4285, 4281, 4280, 4277, 4276, 4275, 4273, 4273, 4273, 4272, 4272, 4272, 4272, 4271, 4270, 4268, 4268, 4268, 4267, 4267, 4267, 4266, 4266, 4266, 4266, 4266, 4266, 4266, 4266, 4266, 4266, 4266, 4266, 4266, 4266, 4266, 4266, 4266, 4266, 4266, 4266, 4266, 4266, 4266, 4266
exp, 32, 53, 68, 70, 75, 72, 66, 65, 60, 57, 55, 54, 50, 50, 46, 42, 36, 31, 31, 32, 31, 26, 25, 23, 21, 19, 17, 13, 12, 10, 9, 8, 7, 7, 6, 4, 4, 4, 3, 3, 3, 3, 2, 2, 1, 1, 0, 0, 0
inf, 358, 203, 117, 72, 37, 32, 24, 18, 15, 14, 12, 7, 9, 8, 12, 11, 12, 10, 4, 2, 2, 6, 5, 4, 5, 5, 4, 8, 5, 2, 2, 3, 3, 1, 2, 3, 2, 1, 2, 1, 1, 0, 1, 0, 1, 0, 1, 0, 0
dead, 60, 47, 33, 22, 14, 11, 8, 4, 1, 2, 1, 3, 2, 2, 1, 3, 5, 5, 2, 1, 0, 1, 1, 1, 1, 2, 0, 0, 1, 2, 1, 0, 0, 1, 0, 0, 0, 0, 0, 1, 0, 0, 0, 0, 0, 0, 0, 1, 0
rec, 56, 84, 101, 112, 126, 130, 132, 133, 137, 140, 140, 141, 143, 144, 144, 145, 146, 147, 150, 150, 150, 150, 150, 152, 152, 152, 153, 153, 154, 154, 154, 154, 155, 155, 155, 155, 155, 156, 156, 156, 156, 156, 156, 156, 156, 156, 156, 156, 156
rem, 149, 299, 386, 441, 473, 484, 500, 513, 521, 522, 529, 532, 533, 534, 535, 537, 539, 546, 553, 557, 559, 559, 562, 563, 564, 566, 570, 570, 572, 576, 578, 579, 579, 580, 581, 582, 583, 583, 583, 583, 584, 585, 585, 586, 586, 587, 587, 587, 588
timesteps, 0, 1, 2, 3, 4, 5, 6, 7, 8, 9, 10, 11, 12, 13, 14, 15, 16, 17, 18, 19, 20, 21, 22, 23, 24, 25, 26, 27, 28, 29, 30, 31, 32, 33, 36, 37, 38, 39, 40, 41, 42, 43, 45, 46, 47, 48, 49, 50, 54, 56, 61, 62, 65, 67, 74, 75
events, 498, 361, 232, 184, 82, 76, 42, 35, 25, 14, 22, 17, 22, 22, 19, 20, 15, 12, 10, 9, 17, 15, 11, 16, 20, 17, 3, 5, 6, 9, 5, 3, 17, 7, 1, 3, 3, 5, 3, 2, 2, 10, 1, 4, 3, 1, 2, 1, 1, 2, 1, 2, 1, 2, 1, 1
sus, 4289, 4251, 4229, 4207, 4199, 4189, 4185, 4178, 4176, 4174, 4174, 4174, 4171, 4171, 4170, 4170, 4170, 4169, 4169, 4169, 4167, 4166, 4166, 4165, 4165, 4162, 4162, 4162, 4162, 4160, 4160, 4160, 4158, 4158, 4158, 4158, 4158, 4158, 4158, 4158, 4158, 4156, 4156, 4156, 4156, 4156, 4156, 4156, 4156, 4156, 4156, 4156, 4156, 4156, 4156, 4156
exp, 45, 77, 87, 101, 103, 100, 96, 99, 92, 92, 86, 79, 75, 71, 66, 56, 55, 53, 51, 46, 40, 38, 33, 27, 24, 26, 26, 24, 19, 18, 16, 16, 15, 14, 13, 12, 11, 10, 8, 8, 6, 6, 6, 4, 4, 4, 4, 4, 3, 3, 2, 2, 1, 1, 0, 0
inf, 382, 227, 142, 76, 46, 37, 29, 22, 23, 21, 17, 17, 19, 13, 11, 17, 10, 9, 7, 9, 13, 11, 12, 14, 10, 3, 3, 3, 8, 8, 9, 7, 4, 2, 3, 3, 3, 2, 3, 2, 4, 3, 2, 3, 2, 1, 0, 0, 1, 0, 1, 0, 1, 0, 1, 0
dead, 94, 58, 39, 20, 18, 9, 7, 4, 5, 1, 3, 3, 1, 2, 5, 2, 3, 3, 2, 3, 2, 0, 2, 4, 1, 3, 0, 1, 0, 2, 0, 1, 1, 0, 0, 0, 0, 0, 0, 0, 0, 0, 1, 1, 0, 1, 1, 0, 0, 0, 0, 0, 0, 0, 0, 0
rec, 53, 94, 109, 122, 128, 128, 132, 133, 134, 136, 138, 142, 142, 143, 144, 145, 146, 146, 147, 148, 150, 151, 151, 151, 151, 152, 152, 152, 152, 152, 153, 153, 153, 154, 154, 154, 154, 154, 155, 155, 155, 155, 155, 155, 155, 155, 155, 155, 155, 155, 155, 155, 155, 155, 155, 156
rem, 147, 303, 404, 484, 516, 547, 561, 574, 580, 586, 592, 595, 602, 610, 614, 620, 626, 630, 634, 635, 638, 644, 646, 649, 659, 664, 667, 668, 669, 670, 672, 673, 679, 682, 682, 683, 684, 686, 686, 687, 687, 690, 690, 691, 693, 693, 694, 695, 695, 696, 696, 697, 697, 698, 698, 698
timesteps, 0, 1, 2, 3, 4, 5, 6, 7, 8, 9, 10, 11, 12, 13, 14, 15, 16, 17, 18, 19, 20, 21, 22, 23, 24, 25, 26, 27, 28, 29, 30, 31, 32, 33, 34, 35, 36, 37, 38, 39, 40, 41, 42, 43, 44, 45, 46, 47, 50, 53, 54, 56, 57, 61, 64, 68, 71, 72, 78, 79
events, 474, 338, 199, 167, 78, 62, 57, 31, 23, 33, 28, 13, 16, 10, 14, 9, 12, 8, 13, 9, 9, 6, 9, 6, 7, 11, 3, 2, 12, 6, 13, 3, 3, 6, 1, 2, 4, 1, 2, 5, 6, 3, 2, 6, 2, 7, 1, 4, 1, 3, 1, 1, 5, 1, 1, 1, 1, 2, 1, 1
sus, 4328, 4286, 4268, 4256, 4247, 4241, 4238, 4235, 4234, 4232, 4232, 4228, 4228, 4228, 4225, 4224, 4224, 4224, 4224, 4224, 4223, 4223, 4222, 4222, 4222, 4221, 4221, 4220, 4219, 4219, 4218, 4218, 4217, 4217, 4217, 4217, 4217, 4217, 4217, 4216, 4216, 4216, 4216, 4216, 4216, 4216, 4216, 4216, 4216, 4215, 4215, 4215, 4214, 4214, 4214, 4214, 4214, 4214, 4214, 4214
exp, 38, 76, 89, 96, 95, 87, 86, 82, 73, 69, 63, 65, 58, 55, 57, 56, 51, 47, 43, 39, 40, 36, 35, 34, 30, 28, 27, 27, 24, 21, 20, 20, 20, 20, 19, 17, 15, 15, 13, 13, 13, 12, 10, 7, 6, 6, 5, 5, 4, 4, 3, 2, 3, 3, 2, 2, 1, 1, 0, 0
inf, 370, 219, 133, 70, 56, 45, 24, 21, 26, 17, 13, 12, 13, 12, 7, 5, 6, 8, 9, 9, 5, 8, 6, 3, 6, 5, 6, 7, 7, 8, 4, 2, 3, 0, 1, 3, 3, 3, 5, 4, 0, 1, 3, 4, 4, 1, 2, 0, 1, 1, 2, 3, 0, 0, 1, 0, 1, 0, 1, 0
dead, 76, 60, 47, 23, 8, 12, 8, 6, 3, 6, 3, 2, 2, 1, 1, 3, 3, 3, 0, 1, 0, 0, 2, 3, 2, 3, 1, 1, 1, 0, 0, 1, 0, 0, 0, 0, 1, 0, 0, 1, 2, 0, 0, 0, 1, 0, 0, 0, 0, 0, 0, 0, 1, 0, 0, 0, 0, 0, 0, 0
rec, 46, 80, 99, 109, 113, 117, 121, 122, 123, 125, 126, 126, 129, 131, 133, 133, 134, 134, 134, 136, 137, 137, 137, 139, 139, 139, 139, 139, 140, 142, 144, 144, 144, 144, 144, 144, 145, 145, 145, 145, 146, 146, 146, 147, 147, 147, 147, 147, 147, 148, 148, 148, 149, 149, 149, 150, 150, 150, 150, 151
rem, 152, 289, 374, 456, 491, 508, 533, 544, 551, 561, 573, 577, 580, 583, 587, 589, 592, 594, 600, 601, 605, 606, 608, 609, 611, 614, 616, 616, 619, 620, 624, 625, 626, 629, 629, 629, 629, 630, 630, 631, 633, 635, 635, 636, 636, 640, 640, 642, 642, 642, 642, 642, 643, 644, 644, 644, 644, 645, 645, 645
timesteps, 0, 1, 2, 3, 4, 5, 6, 7, 8, 9, 10, 11, 12, 13, 14, 15, 16, 17, 18, 19, 20, 21, 22, 23, 24, 25, 26, 27, 28, 29, 30, 31, 32, 33, 34, 35, 36, 37, 38, 39, 40, 41, 42, 43, 45, 47, 48, 49, 52, 53, 54, 55, 56, 57, 58, 60, 62
events, 470, 356, 221, 149, 90, 77, 48, 49, 29, 32, 20, 22, 16, 25, 18, 6, 3, 16, 9, 6, 8, 4, 8, 5, 4, 8, 8, 3, 4, 10, 3, 2, 5, 6, 5, 2, 1, 8, 7, 2, 2, 4, 1, 3, 2, 1, 3, 2, 1, 3, 1, 3, 2, 3, 1, 2, 1
sus, 4312, 4268, 4240, 4230, 4222, 4216, 4214, 4211, 4209, 4206, 4203, 4203, 4202, 4199, 4198, 4198, 4198, 4198, 4197, 4197, 4196, 4196, 4196, 4195, 4195, 4195, 4195, 4195, 4195, 4194, 4194, 4194, 4194, 4194, 4192, 4192, 4192, 4191, 4190, 4190, 4190, 4189, 4189, 4189, 4189, 4189, 4189, 4189, 4189, 4189, 4189, 4189, 4188, 4188, 4188, 4188, 4188
exp, 34, 72, 91, 94, 94, 87, 80, 74, 70, 68, 65, 58, 54, 49, 49, 46, 44, 38, 38, 35, 35, 33, 30, 30, 29, 26, 22, 20, 19, 17, 17, 15, 13, 11, 13, 12, 11, 10, 8, 8, 8, 9, 8, 7, 7, 6, 5, 4, 3, 2, 1, 1, 2, 1, 0, 0, 0
inf, 392, 234, 144, 91, 61, 47, 39, 31, 24, 15, 16, 15, 14, 15, 7, 8, 9, 8, 5, 6, 4, 4, 5, 4, 3, 4, 5, 6, 4, 4, 3, 5, 5, 4, 3, 4, 5, 3, 3, 2, 1, 0, 1, 1, 0, 1, 1, 1, 2, 2, 3, 1, 1, 1, 2, 1, 0
dead, 66, 52, 47, 28, 23, 13, 8, 2, 3, 3, 2, 1, 2, 2, 1, 1, 1, 3, 1, 0, 0, 1, 0, 0, 1, 0, 0, 1, 3, 2, 0, 0, 0, 2, 1, 0, 0, 1, 2, 1, 1, 0, 0, 0, 0, 0, 0, 0, 0, 0, 0, 1, 0, 0, 0, 0, 0
rec, 48, 84, 103, 110, 117, 123, 125, 128, 132, 136, 136, 138, 139, 139, 142, 143, 144, 146, 149, 151, 151, 152, 152, 153, 153, 153, 155, 155, 156, 157, 158, 158, 159, 159, 159, 159, 159, 161, 163, 164, 164, 164, 164, 164, 164, 164, 164, 165, 165, 165, 165, 165, 165, 165, 165, 165, 166
rem, 158, 300, 385, 457, 493, 524, 544, 564, 572, 582, 588, 595, 599, 606, 613, 614, 614, 617, 620, 621, 624, 624, 627, 628, 629, 632, 633, 633, 633, 636, 638, 638, 639, 640, 642, 643, 643, 644, 644, 645, 646, 648, 648, 649, 650, 650, 651, 651, 651, 652, 652, 653, 654, 655, 655, 656, 656
timesteps, 0, 1, 2, 3, 4, 5, 6, 7, 8, 9, 10, 11, 12, 13, 14, 15, 16, 17, 18, 19, 20, 21, 22, 23, 24, 25, 26, 27, 28, 29, 30, 31, 32, 33, 34, 35, 37, 38, 39, 40, 41, 42, 43, 44, 45, 46, 47, 48, 49, 50, 51, 52, 55, 56, 59, 60, 62, 63, 65, 69, 70, 73, 74, 75, 76, 79, 83
events, 500, 343, 230, 157, 81, 65, 58, 44, 33, 22, 28, 15, 25, 15, 6, 7, 9, 9, 9, 11, 9, 8, 6, 8, 10, 10, 7, 10, 6, 7, 3, 8, 6, 2, 1, 1, 3, 2, 1, 2, 1, 1, 1, 2, 4, 4, 1, 1, 4, 1, 1, 2, 1, 2, 1, 1, 2, 3, 1, 1, 1, 1, 3, 2, 1, 1, 1
sus, 4289, 4260, 4239, 4226, 4217, 4210, 4202, 4197, 4195, 4194, 4194, 4193, 4193, 4192, 4192, 4192, 4192, 4192, 4192, 4191, 4191, 4191, 4191, 4190, 4188, 4187, 4187, 4186, 4186, 4185, 4185, 4184, 4183, 4183, 4183, 4183, 4183, 4183, 4183, 4183, 4183, 4183, 4183, 4183, 4182, 4181, 4180, 4180, 4178, 4178, 4178, 4178, 4178, 4177, 4177, 4177, 4177, 4177, 4177, 4177, 4177, 4177, 4176, 4176, 4176, 4176, 4176
exp, 46, 67, 79, 83, 87, 89, 83, 86, 75, 68, 61, 59, 51, 50, 49, 44, 41, 39, 35, 33, 29, 26, 21, 19, 18, 17, 17, 16, 15, 12, 11, 9, 10, 10, 10, 9, 8, 8, 7, 7, 6, 5, 5, 4, 4, 4, 5, 5, 7, 7, 6, 5, 5, 6, 5, 4, 3, 3, 3, 2, 1, 0, 1, 1, 0, 0, 0
inf, 385, 231, 144, 84, 55, 33, 31, 13, 18, 20, 16, 12, 11, 7, 5, 9, 8, 6, 6, 5, 6, 5, 9, 11, 11, 9, 5, 4, 2, 5, 4, 4, 1, 0, 0, 1, 1, 0, 1, 0, 1, 2, 1, 2, 2, 2, 2, 1, 0, 0, 1, 1, 0, 0, 1, 2, 2, 1, 0, 1, 2, 3, 2, 1, 2, 1, 0
dead, 69, 55, 35, 26, 16, 14, 7, 8, 3, 1, 0, 2, 2, 0, 0, 0, 1, 0, 0, 0, 0, 2, 2, 0, 1, 2, 1, 0, 0, 0, 0, 2, 1, 1, 0, 0, 0, 0, 0, 0, 0, 0, 1, 0, 0, 0, 0, 1, 1, 0, 0, 0, 1, 0, 0, 0, 1, 0, 0, 0, 0, 0, 0, 0, 0, 0, 0
rec, 63, 95, 107, 119, 130, 133, 136, 138, 141, 142, 144, 145, 146, 148, 149, 149, 150, 152, 155, 156, 157, 158, 159, 159, 159, 159, 161, 161, 162, 162, 164, 164, 166, 166, 166, 166, 166, 166, 166, 166, 166, 166, 166, 166, 166, 166, 166, 166, 166, 166, 166, 167, 167, 167, 167, 167, 167, 167, 168, 168, 168, 168, 168, 168, 168, 169, 170
rem, 158, 302, 406, 472, 505, 531, 551, 568, 578, 585, 595, 599, 607, 613, 615, 616, 618, 621, 622, 625, 627, 628, 628, 631, 633, 636, 639, 643, 645, 646, 646, 647, 649, 650, 651, 651, 652, 653, 653, 654, 654, 654, 654, 655, 656, 657, 657, 657, 658, 659, 659, 659, 659, 660, 660, 660, 660, 662, 662, 662, 662, 662, 663, 664, 664, 664, 664
timesteps, 0, 1, 2, 3, 4, 5, 6, 7, 8, 9, 10, 11, 12, 13, 14, 15, 16, 17, 18, 19, 20, 21, 22, 23, 24, 25, 26, 27, 28, 29, 30, 31, 32, 33, 34, 35, 36, 37, 39, 40, 41, 42, 43, 44, 46, 47, 50, 52, 54, 56, 59
events, 507, 364, 227, 175, 111, 68, 42, 36, 28, 26, 15, 16, 14, 23, 23, 15, 18, 18, 12, 10, 11, 10, 6, 9, 11, 5, 8, 9, 1, 3, 4, 3, 4, 5, 1, 2, 6, 3, 1, 1, 2, 1, 1, 1, 3, 1, 1, 2, 1, 3, 2
sus, 4270, 4232, 4211, 4193, 4184, 4175, 4171, 4170, 4168, 4167, 4167, 4166, 4165, 4165, 4163, 4163, 4163, 4162, 4162, 4161, 4160, 4160, 4158, 4158, 4157, 4157, 4157, 4157, 4157, 4157, 4156, 4156, 4156, 4155, 4155, 4155, 4154, 4154, 4154, 4154, 4154, 4154, 4154, 4154, 4154, 4154, 4154, 4154, 4154, 4154, 4154
exp, 39, 72, 84, 92, 93, 92, 87, 81, 79, 75, 70, 64, 60, 51, 47, 40, 35, 33, 31, 29, 26, 23, 25, 20, 18, 16, 15, 13, 12, 11, 11, 10, 8, 9, 8, 6, 7, 6, 6, 6, 5, 5, 5, 4, 3, 3, 2, 2, 1, 0, 0
inf, 406, 244, 155, 87, 51, 37, 33, 24, 15, 11, 11, 15, 15, 16, 14, 16, 14, 11, 7, 6, 9, 8, 5, 9, 7, 7, 3, 3, 4, 3, 3, 2, 4, 2, 3, 5, 2, 2, 2, 1, 1, 0, 0, 1, 1, 0, 1, 0, 1, 1, 0
dead, 75, 56, 37, 31, 18, 9, 5, 4, 6, 3, 3, 1, 2, 3, 2, 3, 4, 2, 2, 4, 0, 1, 2, 0, 2, 2, 3, 0, 0, 1, 0, 2, 0, 0, 0, 0, 1, 1, 0, 0, 0, 1, 0, 0, 0, 0, 0, 0, 0, 0, 0
rec, 55, 87, 105, 120, 127, 135, 136, 141, 143, 144, 144, 144, 145, 146, 148, 149, 149, 149, 151, 151, 151, 151, 152, 152, 153, 154, 156, 156, 156, 157, 158, 158, 158, 158, 158, 158, 158, 158, 158, 159, 160, 160, 160, 160, 160, 161, 161, 161, 161, 161, 161
rem, 165, 319, 418, 487, 537, 562, 578, 590, 599, 610, 615, 620, 623, 629, 636, 639, 645, 653, 657, 659, 664, 667, 668, 671, 673, 674, 676, 681, 681, 681, 682, 682, 684, 686, 686, 686, 688, 689, 690, 690, 690, 690, 691, 691, 692, 692, 692, 693, 693, 694, 695
timesteps, 0, 1, 2, 3, 4, 5, 6, 7, 8, 9, 10, 11, 12, 13, 14, 15, 16, 17, 18, 19, 20, 21, 22, 23, 24, 25, 26, 27, 28, 29, 30, 31, 32, 33, 34, 35, 36, 37, 38, 39, 41, 45, 47, 49, 52, 53, 54, 60, 63, 78, 80
events, 463, 346, 235, 137, 105, 73, 49, 31, 23, 19, 19, 14, 16, 17, 13, 22, 11, 12, 13, 15, 5, 6, 9, 5, 8, 10, 11, 6, 6, 10, 5, 7, 12, 4, 2, 8, 1, 3, 1, 8, 2, 1, 1, 1, 1, 1, 1, 1, 1, 1, 1
sus, 4316, 4277, 4258, 4246, 4235, 4228, 4225, 4224, 4222, 4220, 4218, 4218, 4218, 4215, 4214, 4213, 4212, 4212, 4210, 4208, 4207, 4207, 4207, 4207, 4207, 4206, 4206, 4206, 4206, 4205, 4203, 4202, 4202, 4202, 4201, 4201, 4201, 4201, 4201, 4199, 4199, 4199, 4199, 4199, 4199, 4199, 4199, 4199, 4199, 4199, 4199
exp, 46, 77, 94, 89, 87, 81, 76, 69, 68, 68, 65, 59, 54, 55, 51, 44, 43, 35, 36, 37, 34, 31, 27, 26, 24, 22, 18, 16, 13, 11, 12, 10, 9, 8, 8, 6, 5, 3, 2, 4, 4, 4, 4, 3, 3, 2, 2, 1, 1, 0, 0
inf, 395, 229, 119, 81, 56, 46, 31, 28, 21, 13, 13, 14, 13, 6, 8, 9, 7, 12, 9, 4, 8, 8, 9, 8, 6, 6, 6, 6, 7, 7, 6, 7, 3, 2, 3, 2, 3, 4, 5, 2, 1, 0, 0, 1, 0, 1, 0, 1, 0, 1, 0
dead, 39, 55, 39, 26, 18, 5, 8, 4, 3, 5, 2, 3, 1, 5, 3, 3, 2, 4, 2, 1, 1, 2, 2, 0, 0, 0, 1, 1, 2, 2, 3, 3, 0, 1, 1, 0, 0, 0, 0, 0, 0, 1, 0, 0, 0, 0, 0, 0, 0, 0, 0
rec, 56, 89, 115, 130, 133, 139, 144, 148, 151, 154, 155, 156, 159, 161, 162, 163, 164, 164, 164, 165, 165, 167, 168, 170, 172, 172, 172, 172, 172, 172, 173, 174, 176, 176, 176, 177, 177, 178, 178, 178, 178, 178, 178, 178, 179, 179, 180, 180, 181, 181, 182
rem, 158, 283, 385, 438, 481, 511, 526, 537, 545, 550, 557, 560, 565, 568, 572, 578, 582, 583, 589, 595, 595, 595, 597, 599, 601, 604, 607, 609, 610, 613, 613, 614, 620, 621, 621, 624, 624, 624, 624, 627, 628, 628, 629, 629, 629, 629, 629, 629, 629, 629, 629
timesteps, 0, 1, 2, 3, 4, 5, 6, 7, 8, 9, 10, 11, 12, 13, 14, 15, 16, 17, 18, 19, 20, 21, 22, 23, 24, 25, 26, 27, 28, 29, 30, 31, 32, 33, 34, 35, 36, 37, 38, 39, 40, 41, 42, 43, 44, 45, 46, 47, 48, 49, 51, 52, 53, 54, 55, 56, 57, 59, 60, 65, 66, 77, 79, 82, 83, 84, 87, 89, 122, 124, 125
events, 566, 386, 257, 153, 96, 57, 60, 47, 48, 35, 21, 18, 21, 13, 20, 19, 16, 14, 10, 13, 8, 10, 10, 2, 10, 10, 11, 3, 13, 8, 6, 5, 5, 7, 4, 6, 5, 6, 1, 3, 3, 2, 4, 3, 3, 1, 1, 5, 3, 1, 1, 3, 4, 4, 3, 4, 2, 1, 1, 1, 2, 1, 2, 1, 3, 1, 1, 1, 1, 1, 1
sus, 4219, 4174, 4143, 4127, 4118, 4115, 4110, 4107, 4106, 4105, 4105, 4103, 4103, 4103, 4100, 4099, 4099, 4097, 4097, 4097, 4097, 4096, 4095, 4095, 4095, 4094, 4093, 4093, 4092, 4092, 4092, 4092, 4092, 4091, 4090, 4090, 4090, 4090, 4090, 4090, 4090, 4089, 4087, 4086, 4086, 4086, 4086, 4086, 4086, 4086, 4086, 4086, 4086, 4085, 4085, 4085, 4085, 4084, 4084, 4084, 4084, 4084, 4084, 4084, 4084, 4083, 4083, 4083, 4083, 4083, 4083
exp, 58, 94, 117, 125, 125, 116, 104, 100, 86, 80, 78, 78, 70, 64, 62, 55, 51, 50, 47, 44, 42, 42, 39, 37, 32, 30, 31, 29, 27, 24, 21, 21, 19, 17, 18, 16, 14, 11, 10, 10, 9, 10, 12, 13, 12, 11, 10, 10, 8, 7, 7, 6, 3, 4, 3, 3, 3, 4, 4, 3, 3, 2, 2, 1, 0, 1, 1, 1, 0, 0, 0
inf, 413, 249, 144, 86, 61, 54, 47, 33, 30, 25, 17, 10, 13, 14, 12, 17, 12, 12, 11, 10, 8, 5, 6, 8, 10, 10, 3, 5, 4, 4, 5, 3, 3, 4, 2, 2, 3, 4, 5, 3, 3, 3, 1, 0, 1, 2, 3, 0, 2, 3, 2, 2, 5, 3, 2, 1, 0, 0, 0, 1, 0, 1, 0, 1, 1, 1, 0, 0, 1, 0, 0
dead, 79, 58, 41, 31, 15, 6, 8, 6, 8, 4, 2, 4, 1, 3, 5, 1, 5, 2, 3, 1, 0, 0, 0, 0, 1, 0, 2, 1, 0, 0, 1, 0, 0, 1, 2, 1, 0, 0, 0, 1, 1, 0, 2, 2, 0, 0, 0, 1, 0, 0, 1, 1, 0, 1, 3, 1, 1, 1, 0, 0, 0, 0, 0, 0, 0, 0, 1, 0, 0, 1, 0
rec, 57, 92, 117, 130, 136, 141, 149, 156, 158, 159, 162, 164, 164, 165, 165, 165, 167, 167, 167, 167, 170, 170, 171, 171, 171, 172, 174, 174, 174, 175, 175, 175, 176, 176, 176, 177, 177, 178, 178, 178, 178, 178, 178, 178, 178, 178, 178, 178, 178, 178, 178, 178, 178, 178, 178, 178, 178, 178, 178, 178, 178, 178, 178, 178, 178, 178, 178, 178, 178, 178, 178
rem, 184, 343, 448, 511, 555, 578, 592, 608, 622, 637, 646, 651, 659, 661, 666, 673, 676, 682, 685, 691, 693, 697, 699, 699, 701, 704, 707, 708, 713, 715, 716, 719, 720, 721, 722, 724, 726, 727, 727, 728, 729, 730, 730, 731, 733, 733, 733, 735, 736, 736, 736, 737, 738, 739, 739, 742, 743, 743, 744, 744, 745, 745, 746, 746, 747, 747, 747, 748, 748, 748, 749
timesteps, 0, 1, 2, 3, 4, 5, 6, 7, 8, 9, 10, 11, 12, 13, 14, 15, 16, 17, 18, 19, 20, 21, 22, 23, 24, 25, 26, 27, 28, 29, 30, 31, 32, 33, 34, 35, 36, 37, 38, 39, 41, 43, 44, 45, 48, 49, 50, 51, 52, 53, 54, 57, 58, 59, 72, 73, 88, 91
events, 472, 374, 198, 120, 65, 50, 28, 22, 21, 17, 15, 10, 13, 6, 15, 17, 16, 13, 11, 13, 16, 7, 9, 6, 8, 6, 8, 9, 2, 2, 8, 6, 4, 4, 7, 6, 6, 3, 4, 4, 2, 3, 5, 1, 1, 1, 1, 2, 2, 1, 2, 1, 2, 1, 1, 3, 1, 2
sus, 4331, 4294, 4276, 4274, 4267, 4260, 4257, 4256, 4253, 4252, 4251, 4250, 4248, 4248, 4248, 4248, 4248, 4246, 4244, 4243, 4243, 4243, 4242, 4241, 4240, 4240, 4240, 4240, 4240, 4240, 4240, 4240, 4240, 4240, 4239, 4239, 4238, 4238, 4238, 4238, 4238, 4238, 4238, 4238, 4238, 4238, 4238, 4238, 4238, 4238, 4238, 4238, 4238, 4238, 4238, 4237, 4237, 4237
exp, 42, 72, 87, 82, 82, 84, 83, 77, 77, 73, 71, 70, 67, 64, 60, 51, 47, 47, 47, 41, 37, 36, 34, 34, 32, 30, 27, 24, 24, 23, 20, 18, 18, 16, 16, 12, 13, 12, 9, 9, 9, 6, 6, 6, 6, 5, 4, 4, 3, 3, 3, 2, 1, 1, 0, 1, 0, 0
inf, 359, 188, 106, 61, 43, 27, 21, 19, 12, 12, 9, 7, 10, 11, 8, 13, 10, 7, 6, 10, 7, 5, 6, 5, 6, 5, 6, 4, 3, 4, 4, 4, 2, 3, 1, 4, 2, 2, 4, 2, 1, 4, 1, 1, 0, 1, 2, 1, 1, 1, 0, 1, 1, 0, 1, 0, 1, 0
dead, 70, 59, 28, 14, 7, 6, 2, 3, 6, 3, 2, 3, 0, 0, 0, 0, 2, 1, 0, 1, 1, 1, 0, 0, 0, 2, 0, 1, 1, 0, 0, 0, 0, 0, 1, 1, 0, 0, 0, 0, 0, 0, 1, 0, 0, 0, 0, 0, 1, 0, 0, 0, 0, 0, 0, 0, 0, 0
rec, 60, 97, 121, 128, 134, 139, 142, 145, 147, 149, 151, 151, 152, 153, 156, 156, 156, 158, 158, 158, 160, 160, 160, 160, 160, 160, 161, 164, 164, 164, 165, 165, 165, 165, 165, 165, 165, 165, 166, 166, 166, 166, 166, 166, 167, 167, 167, 167, 167, 167, 167, 167, 168, 169, 169, 169, 169, 169
rem, 148, 300, 392, 451, 477, 494, 505, 510, 515, 521, 526, 529, 533, 534, 538, 542, 547, 551, 555, 557, 562, 565, 568, 570, 572, 573, 576, 577, 578, 579, 581, 583, 585, 586, 588, 589, 592, 593, 593, 595, 596, 596, 598, 599, 599, 599, 599, 600, 600, 601, 602, 602, 602, 602, 602, 603, 603, 604
timesteps, 0, 1, 2, 3, 4, 5, 6, 7, 8, 9, 10, 11, 12, 13, 14, 15, 16, 17, 18, 19, 20, 21, 22, 23, 24, 25, 26, 27, 28, 29, 30, 31, 32, 33, 34, 36, 37, 38, 39, 40, 41, 42, 43, 47, 48, 49, 50, 51, 52, 53, 55, 56, 57, 58, 59, 60, 62, 69, 70
events, 507, 356, 200, 125, 98, 71, 29, 39, 24, 24, 15, 18, 20, 15, 17, 10, 19, 12, 11, 10, 3, 5, 5, 6, 9, 4, 1, 4, 4, 6, 3, 2, 4, 8, 7, 4, 2, 1, 2, 6, 1, 1, 2, 1, 3, 2, 2, 3, 2, 3, 1, 1, 2, 3, 1, 2, 1, 1, 1
sus, 4292, 4266, 4249, 4241, 4232, 4225, 4223, 4218, 4217, 4213, 4213, 4211, 4208, 4208, 4207, 4207, 4205, 4205, 4205, 4204, 4204, 4204, 4204, 4204, 4203, 4203, 4203, 4203, 4203, 4202, 4202, 4202, 4201, 4200, 4198, 4198, 4198, 4198, 4198, 4198, 4198, 4198, 4198, 4198, 4198, 4198, 4198, 4198, 4197, 4196, 4196, 4196, 4196, 4196, 4196, 4196, 4196, 4196, 4196
exp, 44, 63, 73, 73, 73, 76, 68, 67, 65, 67, 61, 56, 52, 48, 41, 39, 38, 34, 32, 32, 30, 29, 25, 22, 20, 20, 20, 18, 16, 17, 17, 15, 15, 13, 15, 13, 12, 11, 9, 9, 9, 8, 8, 8, 5, 4, 4, 4, 4, 4, 3, 2, 2, 2, 1, 1, 0, 0, 0
inf, 385, 215, 138, 94, 59, 28, 28, 22, 16, 9, 12, 13, 15, 12, 16, 13, 8, 8, 5, 1, 3, 2, 5, 7, 6, 4, 4, 5, 6, 4, 2, 4, 4, 5, 2, 2, 2, 3, 5, 2, 1, 2, 1, 0, 3, 3, 2, 0, 1, 2, 3, 4, 2, 0, 1, 0, 1, 0, 0
dead, 64, 59, 30, 15, 13, 12, 14, 8, 4, 4, 0, 2, 2, 2, 1, 3, 3, 0, 1, 1, 0, 0, 1, 0, 3, 2, 1, 1, 1, 0, 0, 0, 0, 0, 0, 0, 0, 0, 0, 0, 0, 0, 0, 0, 0, 0, 0, 1, 1, 0, 0, 0, 0, 0, 0, 0, 0, 1, 0
rec, 59, 95, 116, 126, 136, 147, 148, 150, 152, 152, 153, 154, 154, 157, 158, 158, 160, 163, 163, 165, 165, 165, 165, 165, 165, 166, 166, 166, 166, 166, 167, 167, 167, 167, 168, 170, 171, 171, 171, 171, 172, 172, 172, 173, 173, 174, 174, 174, 174, 174, 174, 174, 176, 177, 177, 177, 177, 177, 177
rem, 166, 312, 404, 461, 497, 522, 529, 545, 556, 565, 571, 574, 579, 583, 587, 590, 596, 600, 604, 607, 608, 610, 610, 612, 613, 615, 616, 617, 618, 621, 622, 622, 623, 625, 627, 627, 627, 627, 627, 630, 630, 630, 631, 631, 631, 631, 632, 633, 633, 634, 634, 634, 634, 635, 635, 636, 636, 636, 637
timesteps, 0, 1, 2, 3, 4, 5, 6, 7, 8, 9, 10, 11, 12, 13, 14, 15, 16, 17, 18, 19, 20, 21, 22, 23, 24, 25, 26, 27, 28, 29, 30, 31, 32, 33, 34, 35, 36, 37, 38, 39, 40, 41, 42, 43, 44, 47, 48, 52, 53, 56, 57, 58, 62, 64, 65, 66, 70
events, 494, 380, 242, 142, 69, 56, 43, 38, 22, 21, 37, 18, 16, 9, 12, 14, 17, 15, 11, 17, 11, 20, 13, 19, 13, 13, 11, 3, 1, 6, 3, 2, 5, 6, 1, 8, 4, 1, 5, 1, 3, 2, 1, 4, 1, 2, 1, 1, 1, 1, 5, 1, 1, 1, 2, 1, 1
sus, 4291, 4249, 4225, 4213, 4205, 4196, 4192, 4190, 4190, 4190, 4186, 4185, 4184, 4183, 4182, 4181, 4180, 4178, 4178, 4178, 4178, 4176, 4174, 4172, 4170, 4169, 4168, 4168, 4168, 4167, 4167, 4167, 4167, 4167, 4167, 4167, 4167, 4167, 4167, 4167, 4167, 4167, 4167, 4167, 4167, 4167, 4167, 4167, 4167, 4167, 4167, 4167, 4167, 4167, 4167, 4167, 4167
exp, 48, 79, 94, 97, 95, 101, 92, 90, 83, 77, 72, 69, 65, 63, 60, 54, 52, 48, 44, 41, 40, 28, 28, 26, 25, 24, 24, 23, 22, 22, 20, 19, 19, 15, 14, 12, 12, 11, 10, 9, 8, 8, 7, 7, 6, 5, 5, 4, 3, 2, 2, 2, 1, 0, 0, 0, 0
inf, 386, 216, 125, 69, 54, 30, 30, 18, 20, 17, 13, 12, 9, 10, 11, 14, 10, 13, 12, 8, 4, 17, 13, 11, 9, 6, 2, 2, 3, 2, 3, 3, 1, 4, 5, 4, 1, 2, 1, 2, 2, 1, 2, 0, 1, 1, 0, 1, 2, 3, 0, 0, 1, 2, 1, 0, 0
dead, 70, 68, 32, 22, 14, 15, 10, 7, 2, 3, 4, 1, 3, 2, 1, 2, 1, 0, 3, 3, 2, 0, 3, 1, 3, 1, 1, 1, 1, 0, 1, 1, 0, 0, 0, 0, 0, 0, 0, 0, 0, 0, 0, 0, 0, 0, 0, 0, 0, 0, 1, 0, 0, 0, 0, 1, 0
rec, 60, 97, 124, 143, 150, 159, 164, 167, 167, 169, 170, 170, 174, 174, 174, 175, 177, 177, 177, 177, 178, 178, 178, 179, 179, 181, 182, 182, 182, 183, 183, 184, 184, 184, 184, 184, 186, 186, 186, 186, 186, 186, 186, 186, 186, 187, 188, 188, 188, 188, 188, 188, 188, 188, 188, 188, 188
rem, 155, 301, 410, 466, 492, 509, 522, 538, 548, 554, 565, 573, 575, 578, 582, 584, 590, 594, 596, 603, 608, 611, 614, 621, 624, 629, 633, 634, 634, 636, 636, 636, 639, 640, 640, 643, 644, 644, 646, 646, 647, 648, 648, 650, 650, 650, 650, 650, 650, 650, 652, 653, 653, 653, 654, 654, 655
timesteps, 0, 1, 2, 3, 4, 5, 6, 7, 8, 9, 10, 11, 12, 13, 14, 15, 16, 17, 18, 19, 20, 21, 22, 23, 24, 25, 26, 27, 28, 29, 30, 31, 32, 33, 34, 35, 37, 38, 41, 42, 43, 44, 50, 51, 60, 62, 63, 64, 69, 70
events, 490, 315, 206, 107, 88, 49, 32, 24, 20, 16, 18, 14, 18, 16, 7, 11, 7, 7, 15, 8, 8, 6, 7, 7, 9, 6, 6, 3, 6, 4, 3, 4, 4, 7, 4, 1, 1, 2, 1, 2, 2, 3, 1, 1, 1, 5, 4, 5, 1, 2
sus, 4353, 4327, 4308, 4298, 4291, 4290, 4287, 4286, 4282, 4281, 4280, 4277, 4276, 4276, 4276, 4275, 4274, 4274, 4272, 4272, 4272, 4272, 4272, 4272, 4271, 4271, 4271, 4271, 4271, 4271, 4270, 4269, 4269, 4268, 4268, 4268, 4268, 4268, 4268, 4268, 4268, 4268, 4268, 4268, 4268, 4267, 4266, 4265, 4265, 4265
exp, 35, 55, 66, 71, 67, 65, 61, 57, 59, 53, 51, 49, 45, 42, 39, 36, 35, 31, 30, 27, 26, 25, 21, 16, 17, 15, 14, 12, 11, 11, 11, 11, 9, 7, 7, 7, 6, 6, 5, 4, 3, 3, 2, 2, 1, 0, 0, 1, 0, 0
inf, 337, 194, 109, 66, 43, 26, 21, 17, 12, 16, 11, 12, 11, 7, 8, 8, 8, 9, 7, 7, 4, 2, 5, 9, 5, 5, 3, 4, 2, 0, 1, 1, 2, 3, 1, 0, 1, 0, 1, 1, 1, 0, 1, 0, 1, 2, 2, 0, 1, 0
dead, 66, 54, 33, 24, 14, 6, 6, 5, 4, 2, 1, 3, 2, 1, 0, 0, 0, 2, 1, 2, 2, 2, 1, 1, 1, 1, 0, 0, 1, 1, 0, 0, 0, 0, 0, 0, 0, 0, 0, 0, 1, 0, 0, 0, 0, 0, 0, 0, 0, 0
rec, 57, 84, 112, 125, 133, 136, 138, 139, 140, 140, 143, 143, 144, 146, 147, 149, 149, 150, 151, 151, 152, 153, 153, 153, 153, 153, 155, 156, 156, 156, 156, 156, 156, 157, 157, 158, 158, 158, 158, 159, 159, 159, 159, 160, 160, 160, 160, 160, 160, 160
rem, 162, 296, 382, 426, 462, 487, 497, 506, 513, 518, 524, 526, 532, 538, 540, 542, 544, 544, 549, 551, 554, 556, 558, 559, 563, 565, 567, 567, 569, 571, 572, 573, 574, 575, 577, 577, 577, 578, 578, 578, 578, 580, 580, 580, 580, 581, 582, 584, 584, 585
timesteps, 0, 1, 2, 3, 4, 5, 6, 7, 8, 9, 10, 11, 12, 13, 14, 15, 16, 17, 18, 19, 20, 21, 22, 23, 24, 25, 26, 27, 28, 29, 30, 31, 32, 33, 34, 35, 36, 37, 39, 40, 44, 45, 49, 50, 51, 53, 55, 56, 59, 60, 61, 62, 70, 71, 72, 83, 86
events, 501, 323, 221, 144, 101, 50, 49, 28, 27, 36, 25, 28, 18, 11, 8, 8, 12, 21, 15, 7, 11, 13, 8, 1, 9, 9, 4, 6, 5, 6, 1, 4, 1, 4, 1, 5, 3, 6, 1, 1, 2, 1, 1, 3, 1, 5, 1, 1, 1, 2, 1, 2, 1, 1, 1, 1, 2
sus, 4311, 4284, 4259, 4243, 4235, 4231, 4226, 4224, 4223, 4218, 4216, 4215, 4213, 4213, 4213, 4211, 4209, 4208, 4207, 4207, 4207, 4207, 4206, 4206, 4205, 4205, 4205, 4205, 4205, 4205, 4205, 4204, 4204, 4204, 4204, 4204, 4204, 4203, 4203, 4203, 4203, 4203, 4202, 4202, 4202, 4202, 4202, 4202, 4202, 4202, 4202, 4202, 4202, 4202, 4202, 4202, 4202
exp, 41, 57, 77, 87, 83, 84, 85, 77, 68, 66, 59, 54, 54, 51, 47, 47, 44, 37, 35, 32, 28, 26, 25, 25, 19, 17, 15, 15, 14, 13, 12, 12, 12, 11, 10, 10, 8, 8, 8, 7, 7, 6, 7, 6, 5, 4, 4, 4, 3, 3, 2, 2, 1, 1, 1, 0, 0
inf, 372, 225, 131, 80, 53, 37, 19, 22, 23, 18, 19, 13, 8, 7, 9, 8, 11, 11, 8, 10, 9, 5, 4, 4, 10, 7, 8, 5, 4, 3, 4, 4, 3, 3, 4, 1, 2, 1, 0, 1, 0, 1, 1, 1, 2, 1, 0, 0, 1, 0, 1, 0, 1, 0, 0, 1, 0
dead, 55, 57, 42, 25, 17, 11, 9, 5, 6, 3, 3, 3, 2, 1, 1, 3, 1, 3, 3, 1, 1, 1, 1, 0, 0, 1, 1, 1, 1, 0, 0, 0, 1, 0, 0, 0, 0, 0, 0, 0, 0, 0, 0, 0, 0, 0, 1, 0, 0, 0, 0, 0, 0, 1, 0, 0, 0
rec, 59, 88, 110, 119, 124, 125, 131, 133, 134, 137, 139, 142, 143, 144, 144, 144, 145, 147, 148, 148, 151, 152, 153, 153, 154, 156, 156, 156, 156, 156, 156, 156, 156, 156, 156, 157, 158, 158, 159, 159, 159, 159, 159, 159, 159, 159, 159, 159, 159, 159, 159, 159, 159, 159, 159, 159, 159
rem, 172, 299, 391, 456, 498, 522, 540, 549, 556, 568, 574, 583, 590, 594, 596, 597, 600, 604, 609, 612, 614, 619, 621, 622, 622, 624, 625, 628, 630, 633, 633, 634, 634, 636, 636, 638, 638, 640, 640, 640, 641, 641, 641, 642, 642, 644, 644, 645, 645, 646, 646, 647, 647, 647, 648, 648, 649
timesteps, 0, 1, 2, 3, 4, 5, 6, 7, 8, 9, 10, 11, 12, 13, 14, 15, 16, 17, 18, 19, 20, 21, 22, 23, 24, 25, 26, 27, 28, 29, 30, 31, 32, 33, 34, 35, 36, 37, 38, 39, 40, 44, 46, 48, 49, 51, 52, 54, 55, 58, 63
events, 509, 313, 199, 125, 101, 46, 38, 29, 23, 20, 14, 13, 12, 11, 17, 18, 13, 7, 9, 10, 13, 5, 10, 7, 5, 11, 6, 3, 4, 11, 6, 6, 5, 6, 7, 3, 3, 3, 2, 2, 1, 1, 1, 3, 2, 2, 2, 1, 2, 1, 1
sus, 4335, 4306, 4284, 4270, 4255, 4250, 4248, 4248, 4248, 4247, 4244, 4244, 4244, 4243, 4243, 4242, 4242, 4242, 4242, 4242, 4240, 4240, 4239, 4239, 4239, 4238, 4238, 4238, 4238, 4237, 4237, 4237, 4237, 4236, 4236, 4236, 4236, 4236, 4236, 4236, 4236, 4236, 4236, 4235, 4235, 4235, 4235, 4235, 4235, 4235, 4235
exp, 32, 55, 72, 82, 94, 94, 85, 81, 74, 70, 70, 64, 59, 59, 53, 50, 45, 42, 39, 34, 34, 30, 29, 26, 23, 22, 21, 19, 18, 17, 14, 13, 11, 10, 7, 6, 6, 6, 5, 4, 4, 4, 3, 4, 2, 2, 2, 1, 1, 0, 0
inf, 342, 210, 121, 73, 37, 26, 24, 15, 14, 13, 12, 14, 14, 10, 9, 6, 6, 6, 6, 8, 5, 8, 6, 7, 9, 6, 4, 6, 5, 4, 5, 3, 3, 3, 4, 4, 1, 0, 1, 1, 1, 0, 1, 0, 2, 1, 0, 1, 0, 1, 0
dead, 68, 43, 44, 32, 16, 9, 6, 5, 3, 1, 0, 0, 1, 1, 3, 1, 2, 3, 2, 0, 1, 1, 1, 0, 0, 1, 2, 1, 2, 0, 1, 0, 0, 1, 0, 0, 2, 1, 0, 1, 0, 0, 0, 0, 0, 0, 0, 0, 0, 0, 0
rec, 63, 86, 101, 110, 121, 124, 128, 130, 132, 132, 133, 134, 136, 137, 138, 141, 142, 143, 144, 147, 147, 148, 149, 150, 150, 151, 151, 151, 151, 151, 151, 153, 154, 154, 155, 155, 156, 156, 156, 156, 156, 157, 157, 157, 157, 157, 157, 157, 157, 157, 158
rem, 170, 310, 388, 443, 487, 507, 519, 531, 539, 547, 551, 554, 556, 560, 564, 570, 573, 574, 577, 579, 583, 583, 586, 588, 589, 592, 594, 595, 596, 601, 602, 604, 605, 606, 608, 609, 609, 611, 612, 612, 613, 613, 613, 614, 614, 615, 616, 616, 617, 617, 617
timesteps, 0, 1, 2, 3, 4, 5, 6, 7, 8, 9, 10, 11, 12, 13, 14, 15, 16, 17, 18, 19, 20, 21, 22, 23, 24, 26, 27, 28, 29, 30, 31, 32, 33, 34, 35, 36, 37, 38, 39, 40, 41, 42, 43, 44, 45, 46, 47, 49, 50, 52, 53, 67, 69
events, 517, 357, 196, 142, 92, 65, 41, 46, 33, 32, 24, 9, 26, 11, 12, 9, 11, 22, 15, 13, 12, 10, 13, 5, 4, 5, 1, 3, 8, 6, 6, 4, 14, 2, 5, 4, 5, 2, 4, 2, 2, 1, 1, 2, 3, 3, 1, 2, 5, 1, 1, 1, 2
sus, 4289, 4256, 4240, 4224, 4213, 4208, 4207, 4207, 4206, 4205, 4205, 4204, 4201, 4201, 4200, 4200, 4200, 4198, 4196, 4196, 4194, 4191, 4190, 4190, 4190, 4190, 4190, 4190, 4189, 4188, 4187, 4187, 4187, 4187, 4186, 4186, 4186, 4186, 4186, 4186, 4186, 4186, 4186, 4186, 4186, 4186, 4186, 4186, 4186, 4186, 4186, 4186, 4186
exp, 48, 74, 84, 91, 96, 93, 85, 76, 72, 70, 58, 55, 54, 53, 48, 44, 36, 33, 30, 27, 28, 30, 28, 26, 25, 23, 22, 19, 20, 19, 18, 15, 14, 13, 13, 11, 10, 8, 7, 7, 7, 7, 6, 5, 4, 4, 4, 2, 1, 1, 1, 0, 0
inf, 376, 218, 140, 91, 60, 45, 38, 29, 21, 11, 17, 19, 13, 7, 11, 12, 18, 15, 14, 11, 7, 5, 4, 4, 3, 3, 4, 7, 4, 4, 5, 7, 1, 2, 2, 3, 2, 4, 3, 2, 1, 1, 2, 2, 2, 0, 0, 2, 1, 0, 0, 1, 0
dead, 85, 61, 40, 26, 21, 10, 9, 8, 7, 3, 2, 2, 0, 1, 0, 0, 1, 1, 2, 3, 3, 2, 0, 0, 0, 1, 1, 1, 0, 1, 0, 1, 2, 1, 0, 0, 0, 0, 1, 1, 1, 0, 0, 1, 0, 1, 0, 0, 0, 1, 0, 0, 0
rec, 56, 93, 108, 121, 125, 130, 132, 132, 132, 134, 135, 135, 138, 141, 141, 142, 142, 143, 146, 147, 148, 149, 150, 151, 152, 152, 152, 152, 152, 152, 152, 152, 152, 152, 152, 152, 152, 152, 152, 152, 152, 152, 152, 152, 153, 153, 153, 153, 153, 153, 153, 153, 153
rem, 156, 308, 398, 457, 495, 524, 539, 558, 572, 587, 593, 595, 604, 607, 610, 612, 613, 620, 622, 626, 630, 633, 638, 639, 640, 641, 641, 641, 645, 646, 648, 648, 654, 655, 657, 658, 660, 660, 661, 662, 663, 664, 664, 664, 665, 666, 667, 667, 669, 669, 670, 670, 671
timesteps, 0, 1, 2, 3, 4, 5, 6, 7, 8, 9, 10, 11, 12, 13, 14, 15, 16, 17, 18, 19, 20, 21, 22, 23, 24, 25, 26, 27, 28, 29, 31, 32, 34, 35, 37, 39, 40, 43, 44, 46, 47, 48, 50, 51, 52, 53, 54, 55, 56, 57, 58, 59, 67, 68, 92, 97
events, 464, 306, 181, 139, 82, 58, 40, 39, 30, 17, 15, 18, 15, 8, 15, 7, 9, 10, 3, 16, 10, 8, 3, 9, 8, 10, 8, 5, 10, 4, 7, 3, 3, 2, 1, 1, 3, 1, 2, 1, 1, 3, 2, 1, 2, 1, 1, 4, 3, 2, 1, 2, 1, 2, 1, 2
sus, 4385, 4349, 4329, 4309, 4305, 4301, 4297, 4295, 4293, 4291, 4290, 4288, 4287, 4286, 4285, 4285, 4285, 4284, 4284, 4284, 4284, 4283, 4283, 4283, 4282, 4280, 4280, 4280, 4280, 4278, 4278, 4278, 4278, 4278, 4278, 4278, 4278, 4278, 4278, 4278, 4278, 4278, 4278, 4278, 4278, 4278, 4278, 4276, 4276, 4276, 4276, 4276, 4276, 4276, 4276, 4276
exp, 30, 62, 71, 80, 75, 67, 68, 64, 60, 56, 53, 51, 47, 46, 45, 44, 40, 38, 37, 29, 27, 26, 25, 20, 19, 19, 17, 15, 13, 14, 13, 12, 11, 11, 10, 9, 9, 8, 8, 7, 6, 6, 4, 4, 4, 3, 2, 4, 3, 3, 2, 2, 1, 1, 0, 0
inf, 316, 178, 110, 71, 51, 41, 27, 19, 14, 14, 13, 10, 11, 11, 6, 4, 5, 5, 5, 9, 5, 5, 5, 9, 7, 5, 4, 4, 2, 3, 1, 1, 1, 0, 1, 2, 0, 1, 0, 1, 2, 0, 2, 1, 0, 1, 2, 1, 1, 0, 1, 0, 1, 0, 1, 0
dead, 62, 46, 40, 23, 11, 10, 9, 4, 1, 2, 1, 3, 2, 0, 1, 1, 2, 2, 2, 2, 4, 3, 3, 0, 2, 3, 1, 1, 1, 0, 0, 0, 0, 0, 0, 0, 0, 0, 0, 0, 0, 0, 0, 0, 0, 0, 0, 0, 0, 0, 0, 0, 0, 0, 0, 0
rec, 66, 100, 114, 123, 124, 127, 129, 131, 134, 136, 137, 137, 137, 138, 139, 139, 139, 139, 139, 139, 141, 141, 141, 142, 143, 144, 146, 147, 147, 147, 147, 147, 147, 147, 147, 147, 148, 148, 148, 148, 148, 149, 149, 150, 150, 150, 150, 150, 150, 150, 150, 150, 150, 150, 150, 150
rem, 151, 275, 346, 404, 444, 464, 480, 497, 508, 511, 516, 521, 526, 529, 534, 537, 539, 542, 543, 547, 549, 552, 553, 556, 557, 559, 562, 563, 567, 568, 571, 572, 573, 574, 574, 574, 575, 575, 576, 576, 576, 577, 577, 577, 578, 578, 578, 579, 580, 581, 581, 582, 582, 583, 583, 584
timesteps, 0, 1, 2, 3, 4, 5, 6, 7, 8, 9, 10, 11, 12, 13, 14, 15, 16, 17, 18, 19, 20, 21, 22, 23, 24, 25, 26, 27, 28, 29, 30, 31, 32, 33, 34, 35, 36, 37, 38, 39, 40, 41, 42, 43, 44, 45, 48, 49, 52, 53, 54, 61, 62, 83, 84
events, 468, 366, 219, 146, 86, 73, 42, 36, 28, 18, 17, 21, 14, 17, 12, 14, 11, 22, 21, 11, 7, 5, 8, 7, 10, 8, 10, 5, 12, 7, 9, 9, 3, 6, 2, 5, 4, 4, 3, 8, 2, 1, 2, 2, 1, 4, 3, 1, 1, 1, 2, 1, 1, 1, 1
sus, 4323, 4288, 4270, 4253, 4246, 4239, 4236, 4232, 4231, 4229, 4229, 4228, 4228, 4226, 4226, 4224, 4221, 4217, 4213, 4213, 4213, 4213, 4213, 4211, 4211, 4210, 4209, 4209, 4207, 4207, 4206, 4205, 4205, 4204, 4204, 4204, 4204, 4204, 4204, 4203, 4203, 4202, 4202, 4202, 4202, 4201, 4201, 4201, 4201, 4200, 4200, 4200, 4200, 4200, 4200
exp, 36, 60, 70, 80, 75, 77, 72, 70, 69, 68, 60, 52, 49, 46, 40, 37, 38, 37, 34, 33, 30, 28, 26, 26, 22, 21, 21, 20, 17, 13, 12, 13, 12, 11, 11, 8, 6, 4, 4, 3, 3, 4, 4, 4, 3, 3, 2, 2, 1, 2, 2, 1, 1, 0, 0
inf, 376, 219, 132, 81, 62, 36, 32, 24, 13, 9, 12, 14, 10, 10, 12, 13, 11, 9, 12, 7, 8, 9, 7, 8, 9, 8, 4, 4, 6, 9, 7, 2, 2, 2, 1, 3, 4, 5, 3, 2, 1, 1, 0, 0, 1, 1, 1, 0, 1, 1, 0, 1, 0, 1, 0
dead, 83, 72, 52, 34, 21, 15, 5, 6, 2, 1, 2, 1, 2, 1, 1, 2, 4, 5, 3, 2, 2, 0, 2, 1, 1, 1, 2, 0, 1, 0, 1, 1, 1, 1, 1, 1, 1, 1, 1, 2, 2, 2, 2, 0, 0, 0, 0, 0, 0, 0, 0, 0, 0, 0, 0
rec, 45, 72, 89, 101, 109, 116, 119, 120, 125, 127, 127, 131, 133, 134, 136, 136, 136, 136, 136, 139, 139, 140, 140, 140, 140, 141, 142, 142, 142, 142, 143, 145, 145, 146, 146, 146, 146, 146, 147, 147, 147, 147, 147, 147, 147, 147, 147, 148, 148, 148, 148, 148, 149, 149, 150
rem, 147, 299, 397, 461, 497, 527, 546, 558, 570, 576, 580, 584, 588, 593, 595, 598, 600, 606, 612, 616, 618, 620, 622, 624, 627, 629, 632, 635, 637, 639, 641, 644, 645, 646, 647, 648, 649, 650, 651, 653, 654, 654, 655, 657, 657, 658, 659, 659, 659, 659, 660, 660, 660, 660, 660
timesteps, 0, 1, 2, 3, 4, 5, 6, 7, 8, 9, 10, 11, 12, 13, 14, 15, 16, 17, 18, 19, 20, 21, 22, 23, 24, 25, 26, 27, 28, 29, 30, 31, 32, 34, 35, 36, 37, 38, 39, 40, 41, 42, 43, 44, 45, 46, 47, 48, 50, 53, 54, 55, 56, 59, 60, 61, 62, 63, 64, 65, 67, 72, 73, 74
events, 498, 333, 250, 142, 96, 52, 50, 57, 31, 39, 20, 14, 15, 16, 13, 12, 10, 9, 8, 7, 7, 6, 6, 6, 8, 6, 3, 7, 3, 7, 5, 5, 8, 2, 2, 3, 4, 2, 1, 2, 3, 1, 3, 5, 3, 3, 1, 7, 1, 3, 3, 1, 1, 2, 1, 2, 1, 3, 2, 1, 2, 1, 1, 1
sus, 4283, 4255, 4229, 4218, 4211, 4204, 4202, 4196, 4193, 4189, 4188, 4187, 4187, 4187, 4184, 4183, 4182, 4181, 4179, 4179, 4179, 4179, 4179, 4177, 4177, 4177, 4177, 4177, 4177, 4177, 4176, 4176, 4176, 4176, 4176, 4176, 4175, 4175, 4175, 4175, 4175, 4175, 4175, 4174, 4173, 4173, 4173, 4173, 4173, 4173, 4173, 4173, 4173, 4173, 4173, 4173, 4173, 4173, 4173, 4173, 4173, 4173, 4173, 4173
exp, 45, 71, 87, 90, 88, 91, 75, 68, 67, 60, 59, 57, 52, 47, 48, 48, 46, 43, 43, 42, 40, 37, 35, 35, 34, 29, 27, 27, 25, 24, 24, 20, 16, 16, 16, 16, 16, 16, 15, 15, 14, 13, 12, 11, 11, 9, 8, 8, 8, 5, 5, 5, 5, 5, 4, 4, 3, 2, 2, 1, 1, 0, 0, 0
inf, 400, 231, 133, 79, 48, 33, 38, 32, 23, 21, 15, 13, 13, 11, 9, 5, 5, 7, 6, 4, 4, 6, 5, 5, 2, 7, 8, 3, 4, 2, 1, 4, 5, 4, 3, 2, 2, 1, 2, 1, 1, 2, 2, 3, 3, 4, 5, 1, 1, 4, 2, 1, 1, 0, 1, 0, 1, 1, 0, 1, 0, 1, 0, 0
dead, 64, 56, 40, 27, 21, 14, 10, 8, 7, 5, 3, 1, 1, 2, 2, 2, 1, 1, 2, 2, 1, 0, 0, 1, 1, 0, 0, 0, 0, 0, 0, 0, 1, 1, 1, 0, 0, 0, 0, 0, 0, 0, 0, 0, 0, 0, 0, 1, 0, 0, 0, 1, 0, 0, 0, 0, 0, 0, 0, 0, 0, 0, 1, 0
rec, 61, 108, 126, 140, 146, 150, 150, 152, 155, 159, 160, 162, 162, 164, 164, 164, 165, 165, 166, 166, 166, 166, 168, 169, 170, 170, 171, 174, 175, 175, 176, 177, 178, 178, 178, 178, 178, 178, 178, 178, 178, 178, 178, 178, 179, 180, 180, 180, 180, 180, 181, 181, 181, 181, 181, 181, 181, 181, 181, 181, 181, 181, 181, 181
rem, 157, 289, 395, 456, 496, 518, 535, 554, 565, 576, 585, 590, 595, 599, 603, 608, 611, 613, 614, 617, 620, 622, 623, 623, 626, 627, 627, 629, 629, 632, 633, 633, 634, 635, 636, 638, 639, 640, 640, 641, 642, 642, 643, 644, 644, 644, 644, 647, 648, 648, 649, 649, 650, 651, 651, 652, 652, 653, 654, 654, 655, 655, 655, 656
timesteps, 0, 1, 2, 3, 4, 5, 6, 7, 8, 9, 10, 11, 12, 13, 14, 15, 16, 17, 18, 19, 20, 21, 22, 23, 24, 25, 26, 27, 28, 29, 30, 31, 32, 33, 34, 35, 36, 37, 38, 39, 40, 42, 43, 44, 46, 48, 49, 54, 59
events, 499, 348, 213, 156, 88, 59, 47, 32, 37, 43, 24, 26, 22, 18, 19, 15, 13, 12, 5, 18, 15, 14, 15, 14, 9, 10, 1, 10, 12, 2, 2, 2, 3, 1, 2, 5, 4, 2, 3, 3, 1, 2, 4, 3, 1, 4, 2, 1, 1
sus, 4310, 4263, 4246, 4229, 4217, 4214, 4210, 4208, 4206, 4202, 4200, 4197, 4197, 4194, 4194, 4194, 4194, 4194, 4194, 4192, 4191, 4191, 4190, 4188, 4188, 4188, 4188, 4187, 4186, 4186, 4186, 4185, 4185, 4185, 4185, 4185, 4185, 4185, 4185, 4185, 4185, 4185, 4185, 4185, 4185, 4185, 4185, 4185, 4185
exp, 40, 80, 90, 97, 103, 101, 93, 87, 78, 75, 71, 67, 62, 61, 56, 49, 46, 42, 41, 37, 35, 28, 23, 24, 22, 19, 18, 15, 16, 15, 14, 15, 13, 13, 11, 10, 8, 8, 8, 8, 7, 6, 4, 3, 3, 1, 1, 0, 0
inf, 376, 229, 140, 85, 52, 40, 37, 34, 31, 20, 17, 18, 14, 12, 10, 13, 11, 10, 10, 11, 7, 11, 10, 8, 5, 5, 6, 7, 1, 1, 2, 1, 3, 2, 4, 3, 4, 3, 1, 0, 1, 1, 2, 2, 1, 2, 0, 1, 0
dead, 61, 48, 31, 24, 26, 8, 7, 6, 7, 10, 9, 4, 3, 2, 2, 2, 1, 2, 0, 0, 1, 0, 5, 0, 1, 0, 0, 1, 0, 1, 0, 1, 0, 0, 0, 0, 0, 0, 1, 0, 0, 1, 1, 0, 0, 0, 0, 0, 0
rec, 58, 85, 105, 113, 119, 120, 120, 121, 124, 125, 128, 129, 131, 133, 133, 133, 134, 135, 135, 135, 137, 137, 138, 138, 140, 140, 140, 140, 142, 142, 142, 142, 142, 143, 143, 143, 143, 143, 143, 143, 143, 143, 143, 144, 145, 145, 147, 147, 148
rem, 165, 305, 398, 462, 493, 527, 543, 554, 564, 578, 585, 595, 603, 608, 615, 619, 624, 627, 630, 635, 639, 643, 644, 652, 654, 658, 658, 660, 665, 665, 666, 666, 667, 667, 667, 669, 670, 671, 672, 674, 674, 674, 675, 676, 676, 677, 677, 677, 677
timesteps, 0, 1, 2, 3, 4, 5, 6, 7, 8, 9, 10, 11, 12, 13, 14, 15, 16, 17, 18, 19, 20, 21, 22, 23, 24, 25, 26, 27, 28, 29, 30, 31, 32, 33, 34, 35, 36, 37, 38, 39, 40, 41, 42, 43, 44, 45, 46, 52, 54, 56, 57, 70, 72
events, 475, 348, 201, 120, 84, 56, 49, 34, 34, 20, 14, 21, 10, 7, 11, 10, 4, 9, 8, 3, 5, 7, 4, 5, 10, 5, 4, 5, 6, 2, 2, 9, 5, 5, 1, 6, 5, 2, 3, 2, 4, 3, 2, 1, 4, 1, 4, 1, 3, 1, 2, 1, 2
sus, 4331, 4304, 4289, 4281, 4278, 4269, 4266, 4263, 4260, 4259, 4258, 4257, 4257, 4257, 4257, 4255, 4255, 4254, 4254, 4254, 4254, 4254, 4254, 4254, 4252, 4251, 4251, 4251, 4250, 4250, 4250, 4250, 4250, 4249, 4249, 4249, 4249, 4249, 4249, 4249, 4249, 4248, 4247, 4247, 4247, 4247, 4247, 4247, 4246, 4246, 4246, 4246, 4246
exp, 35, 59, 69, 69, 64, 66, 62, 58, 53, 52, 47, 45, 43, 39, 34, 35, 33, 33, 31, 28, 27, 25, 23, 20, 18, 19, 18, 17, 17, 17, 15, 14, 11, 10, 10, 9, 7, 6, 6, 5, 2, 3, 3, 3, 3, 2, 2, 1, 2, 1, 1, 0, 0
inf, 367, 202, 122, 78, 50, 40, 28, 20, 18, 10, 13, 7, 5, 7, 9, 6, 7, 4, 2, 5, 4, 4, 5, 7, 8, 6, 5, 4, 3, 2, 4, 1, 3, 3, 3, 1, 2, 2, 0, 1, 3, 2, 3, 3, 1, 2, 0, 1, 0, 1, 0, 1, 0
dead, 68, 59, 34, 26, 16, 10, 5, 9, 2, 2, 1, 1, 1, 1, 0, 0, 0, 0, 2, 2, 2, 1, 0, 0, 1, 0, 0, 0, 0, 0, 0, 0, 0, 1, 0, 1, 0, 1, 1, 0, 1, 1, 1, 0, 0, 0, 0, 0, 0, 0, 0, 0, 0
rec, 54, 81, 95, 103, 112, 112, 116, 118, 122, 125, 125, 126, 126, 127, 128, 129, 129, 130, 130, 130, 130, 130, 131, 131, 132, 133, 134, 134, 134, 134, 134, 134, 134, 135, 135, 135, 135, 135, 136, 136, 136, 136, 136, 136, 136, 136, 136, 136, 136, 136, 136, 136, 136
rem, 155, 305, 401, 453, 490, 513, 533, 542, 555, 562, 566, 574, 578, 579, 582, 585, 586, 589, 591, 591, 593, 596, 597, 598, 599, 601, 602, 604, 606, 607, 607, 611, 612, 612, 613, 615, 617, 617, 618, 619, 619, 620, 620, 621, 623, 623, 625, 625, 626, 626, 627, 627, 628
timesteps, 0, 1, 2, 3, 4, 5, 6, 7, 8, 9, 10, 11, 12, 13, 14, 15, 16, 17, 18, 19, 20, 21, 22, 23, 24, 25, 26, 27, 28, 29, 30, 31, 32, 33, 34, 35, 36, 37, 38, 39, 41, 42, 43, 44, 46, 47, 48, 50, 51, 52, 53, 54, 55, 72, 73, 77
events, 528, 366, 204, 110, 70, 56, 43, 21, 27, 27, 20, 13, 15, 17, 11, 12, 17, 7, 18, 11, 7, 15, 14, 6, 2, 3, 4, 7, 7, 5, 4, 6, 2, 2, 5, 1, 1, 5, 1, 4, 4, 3, 1, 3, 1, 1, 2, 1, 5, 1, 4, 3, 2, 1, 3, 2
sus, 4310, 4283, 4270, 4260, 4255, 4251, 4244, 4240, 4237, 4235, 4234, 4232, 4230, 4229, 4228, 4228, 4226, 4226, 4223, 4222, 4222, 4221, 4220, 4220, 4220, 4220, 4220, 4219, 4219, 4219, 4219, 4219, 4219, 4219, 4219, 4219, 4219, 4219, 4219, 4219, 4218, 4218, 4218, 4218, 4218, 4218, 4217, 4217, 4216, 4216, 4216, 4216, 4216, 4216, 4216, 4216
exp, 40, 61, 68, 74, 71, 69, 73, 71, 65, 63, 59, 59, 54, 49, 44, 43, 40, 36, 35, 34, 32, 30, 25, 23, 23, 22, 21, 19, 17, 16, 14, 13, 12, 12, 11, 10, 10, 10, 9, 7, 7, 7, 6, 6, 5, 5, 6, 5, 4, 3, 3, 2, 2, 1, 0, 0
inf, 362, 193, 107, 70, 47, 30, 18, 18, 21, 14, 11, 8, 13, 12, 17, 12, 11, 14, 12, 10, 10, 6, 8, 8, 7, 7, 5, 6, 6, 4, 6, 4, 4, 3, 2, 3, 2, 0, 1, 2, 2, 0, 1, 0, 1, 0, 0, 1, 2, 3, 0, 1, 0, 1, 1, 0
dead, 76, 57, 43, 21, 19, 13, 6, 6, 3, 4, 3, 4, 1, 2, 0, 0, 2, 1, 1, 1, 0, 2, 2, 0, 0, 0, 2, 2, 1, 2, 0, 0, 0, 0, 0, 0, 1, 0, 0, 0, 0, 1, 1, 0, 0, 1, 0, 0, 0, 0, 2, 0, 0, 0, 0, 0
rec, 44, 80, 93, 101, 108, 114, 118, 119, 119, 119, 122, 122, 123, 126, 126, 127, 127, 127, 128, 128, 128, 129, 130, 132, 132, 132, 133, 134, 134, 135, 135, 136, 137, 137, 137, 137, 137, 137, 137, 137, 137, 137, 137, 137, 137, 137, 137, 137, 137, 137, 137, 137, 137, 137, 137, 137
rem, 178, 336, 429, 484, 510, 533, 551, 556, 565, 575, 581, 585, 589, 592, 595, 600, 604, 606, 611, 615, 618, 622, 625, 627, 628, 629, 629, 630, 633, 634, 636, 638, 638, 639, 641, 641, 641, 644, 644, 645, 646, 647, 647, 649, 649, 649, 650, 650, 651, 651, 652, 654, 655, 655, 656, 657
timesteps, 0, 1, 2, 3, 4, 5, 6, 7, 8, 9, 10, 11, 12, 13, 14, 15, 16, 17, 18, 19, 20, 21, 22, 23, 24, 25, 26, 27, 28, 29, 30, 31, 32, 33, 34, 35, 36, 37, 42, 44, 45, 48, 49, 50, 51, 52, 54, 57, 58, 60, 61, 62, 83, 88, 94, 95, 96
events, 509, 387, 206, 146, 92, 59, 50, 47, 36, 27, 23, 11, 17, 20, 5, 13, 17, 13, 20, 9, 11, 16, 14, 15, 11, 4, 4, 8, 4, 5, 3, 4, 3, 2, 3, 4, 2, 1, 1, 3, 3, 4, 1, 2, 1, 2, 1, 2, 1, 1, 1, 3, 1, 3, 1, 1, 1
sus, 4275, 4234, 4220, 4203, 4195, 4189, 4185, 4180, 4178, 4175, 4175, 4175, 4173, 4170, 4170, 4169, 4169, 4169, 4168, 4166, 4165, 4162, 4162, 4160, 4160, 4160, 4160, 4159, 4159, 4159, 4159, 4159, 4159, 4159, 4158, 4158, 4158, 4158, 4158, 4158, 4158, 4157, 4157, 4157, 4157, 4157, 4157, 4157, 4157, 4157, 4157, 4157, 4157, 4156, 4156, 4156, 4156
exp, 37, 68, 76, 87, 90, 85, 83, 81, 74, 71, 63, 59, 58, 56, 52, 47, 43, 36, 32, 32, 29, 30, 23, 24, 20, 19, 18, 18, 16, 15, 12, 11, 11, 10, 10, 9, 9, 9, 8, 6, 5, 5, 5, 5, 4, 4, 3, 3, 2, 1, 1, 1, 0, 1, 0, 0, 0
inf, 389, 225, 141, 86, 57, 46, 30, 20, 16, 12, 14, 13, 9, 10, 13, 15, 12, 14, 14, 13, 12, 8, 12, 5, 6, 4, 4, 2, 2, 1, 4, 4, 2, 2, 2, 2, 1, 0, 1, 2, 2, 2, 1, 0, 1, 0, 1, 0, 1, 2, 1, 0, 1, 0, 1, 0, 0
dead, 86, 66, 44, 32, 18, 14, 13, 7, 4, 5, 2, 4, 4, 0, 0, 1, 1, 4, 0, 1, 3, 3, 1, 3, 2, 2, 1, 0, 1, 1, 1, 0, 0, 1, 1, 0, 0, 0, 0, 0, 0, 0, 0, 0, 0, 0, 0, 0, 0, 0, 1, 0, 0, 0, 0, 1, 0
rec, 64, 96, 112, 123, 126, 132, 137, 142, 146, 147, 147, 148, 150, 150, 151, 152, 153, 154, 154, 154, 156, 157, 158, 160, 160, 163, 163, 164, 165, 165, 165, 165, 166, 166, 167, 167, 167, 168, 168, 169, 169, 169, 170, 170, 170, 170, 170, 170, 170, 170, 170, 170, 170, 170, 170, 170, 170
rem, 159, 321, 417, 479, 524, 544, 562, 580, 592, 600, 609, 611, 616, 624, 624, 626, 632, 633, 642, 644, 645, 650, 654, 658, 662, 662, 664, 667, 667, 669, 669, 671, 672, 672, 672, 674, 675, 675, 675, 675, 676, 677, 677, 678, 678, 679, 679, 680, 680, 680, 680, 682, 682, 683, 683, 683, 684
timesteps, 0, 1, 2, 3, 4, 5, 6, 7, 8, 9, 10, 11, 12, 13, 14, 15, 16, 17, 18, 19, 20, 21, 22, 23, 24, 25, 26, 27, 28, 29, 30, 31, 32, 33, 34, 35, 36, 37, 39, 40, 41, 42, 43, 44, 45, 46, 47, 49, 51, 53, 54, 55, 56, 59, 60, 62, 64, 67, 68, 69, 70
events, 505, 364, 239, 116, 102, 62, 65, 43, 33, 24, 20, 13, 21, 21, 14, 23, 9, 14, 14, 14, 6, 13, 14, 15, 11, 9, 6, 2, 9, 4, 3, 5, 8, 5, 3, 3, 1, 1, 1, 3, 2, 4, 2, 3, 5, 2, 5, 2, 1, 1, 1, 1, 1, 2, 1, 1, 1, 3, 1, 2, 1
sus, 4279, 4242, 4213, 4199, 4189, 4182, 4180, 4175, 4174, 4173, 4173, 4173, 4172, 4168, 4168, 4168, 4168, 4167, 4167, 4165, 4165, 4163, 4163, 4161, 4160, 4159, 4159, 4159, 4159, 4159, 4159, 4159, 4158, 4157, 4157, 4157, 4157, 4157, 4157, 4157, 4157, 4157, 4157, 4157, 4157, 4157, 4157, 4157, 4157, 4156, 4156, 4156, 4156, 4156, 4156, 4156, 4156, 4155, 4155, 4155, 4155
exp, 42, 77, 100, 104, 107, 102, 92, 91, 84, 83, 78, 71, 66, 65, 62, 54, 49, 43, 40, 39, 37, 35, 32, 29, 27, 27, 26, 24, 22, 21, 19, 17, 17, 16, 15, 14, 14, 14, 13, 11, 11, 9, 9, 7, 6, 5, 4, 4, 3, 4, 4, 4, 3, 3, 2, 1, 1, 1, 1, 0, 0
inf, 390, 214, 125, 94, 61, 55, 41, 34, 26, 17, 16, 19, 16, 13, 11, 11, 12, 16, 12, 10, 11, 10, 7, 8, 6, 4, 3, 5, 3, 2, 4, 4, 2, 3, 3, 3, 2, 1, 2, 3, 2, 3, 2, 3, 1, 2, 1, 0, 1, 1, 0, 0, 1, 0, 1, 2, 1, 1, 0, 1, 0
dead, 87, 80, 49, 34, 23, 13, 11, 4, 6, 4, 0, 1, 2, 3, 1, 0, 1, 1, 3, 3, 0, 1, 2, 1, 3, 1, 0, 0, 1, 2, 1, 1, 1, 0, 0, 0, 0, 0, 0, 0, 0, 0, 0, 0, 1, 0, 0, 0, 0, 0, 1, 0, 0, 0, 0, 0, 0, 1, 1, 0, 0
rec, 62, 100, 117, 122, 128, 131, 134, 135, 141, 144, 145, 146, 149, 152, 153, 155, 158, 158, 159, 160, 161, 163, 163, 164, 165, 166, 166, 166, 166, 166, 166, 167, 167, 168, 168, 168, 169, 170, 170, 171, 171, 171, 171, 172, 173, 173, 173, 173, 173, 173, 173, 173, 173, 173, 173, 173, 174, 174, 175, 175, 176
rem, 150, 297, 406, 457, 502, 527, 552, 571, 579, 589, 598, 600, 605, 609, 615, 622, 622, 625, 629, 633, 636, 638, 643, 647, 649, 653, 656, 656, 659, 660, 661, 662, 665, 666, 667, 668, 668, 668, 668, 668, 669, 670, 671, 671, 672, 673, 675, 676, 676, 676, 676, 677, 677, 678, 678, 678, 678, 678, 678, 679, 679
