timesteps, 0, 1, 2, 3, 4, 5, 6, 7, 8, 9, 10, 11, 12, 13, 14, 15, 16, 17, 18, 19, 20, 21, 22, 23, 24, 25, 26, 27, 28, 29, 30, 31, 32, 33, 34, 35, 36, 37, 38, 39, 40, 41, 42, 43, 44, 45, 46, 47, 48, 49, 50, 51, 52, 53, 54, 55, 56, 57, 58, 59, 60, 61, 62, 63, 64, 65, 66, 67, 68, 69, 70, 71, 72, 73, 74, 75, 76, 77, 78, 79, 80, 81, 82, 83, 84, 85, 86, 87, 88, 89, 90, 91, 92, 93, 94, 95, 96, 97, 98, 99, 100, 101, 102, 103, 104, 105, 106, 107, 108, 109, 110, 111, 112, 113, 114, 115, 116, 117, 118, 119, 120, 121, 122, 123, 124, 125, 126, 127, 128, 129, 130, 131, 132, 133, 134, 139, 140, 142, 143, 149, 150, 151, 152, 154, 162, 165, 166, 167, 171, 175, 177, 215, 218
events, 26, 28, 20, 22, 32, 22, 27, 33, 79, 88, 70, 95, 159, 252, 256, 302, 346, 375, 405, 490, 555, 521, 567, 550, 547, 421, 454, 494, 474, 416, 418, 413, 372, 359, 375, 358, 364, 310, 356, 337, 315, 285, 304, 309, 276, 240, 286, 243, 243, 235, 236, 222, 226, 187, 185, 177, 173, 172, 139, 134, 151, 137, 113, 139, 140, 116, 100, 88, 92, 68, 92, 88, 91, 79, 58, 66, 67, 52, 47, 52, 42, 30, 38, 27, 47, 35, 31, 54, 24, 23, 27, 17, 16, 22, 13, 28, 15, 21, 17, 14, 16, 9, 9, 12, 9, 10, 14, 6, 13, 7, 4, 3, 9, 9, 6, 6, 8, 10, 14, 8, 8, 2, 6, 5, 4, 2, 2, 2, 2, 2, 4, 3, 1, 2, 5, 2, 4, 2, 1, 2, 1, 1, 1, 2, 2, 1, 1, 2, 2, 1, 1, 1, 1
sus, 4978, 4954, 4939, 4925, 4901, 4888, 4869, 4852, 4793, 4725, 4677, 4615, 4502, 4321, 4139, 3928, 3678, 3429, 3159, 2860, 2522, 2216, 1927, 1671, 1412, 1257, 1102, 966, 861, 779, 704, 646, 612, 583, 540, 496, 468, 442, 412, 393, 370, 351, 327, 299, 269, 253, 224, 192, 157, 133, 115, 90, 73, 52, 37, 29, 25, 22, 16, 13, 8, 5, 3, 1, 0, 0, 0, 0, 0, 0, 0, 0, 0, 0, 0, 0, 0, 0, 0, 0, 0, 0, 0, 0, 0, 0, 0, 0, 0, 0, 0, 0, 0, 0, 0, 0, 0, 0, 0, 0, 0, 0, 0, 0, 0, 0, 0, 0, 0, 0, 0, 0, 0, 0, 0, 0, 0, 0, 0, 0, 0, 0, 0, 0, 0, 0, 0, 0, 0, 0, 0, 0, 0, 0, 0, 0, 0, 0, 0, 0, 0, 0, 0, 0, 0, 0, 0, 0, 0, 0, 0, 0, 0
exp, 24, 44, 54, 61, 82, 88, 99, 104, 152, 205, 235, 271, 346, 473, 598, 738, 921, 1081, 1254, 1416, 1612, 1774, 1892, 1960, 2050, 2037, 2018, 1965, 1869, 1803, 1724, 1623, 1503, 1411, 1346, 1274, 1184, 1090, 1022, 961, 903, 843, 794, 744, 714, 665, 640, 620, 613, 574, 539, 530, 501, 484, 465, 443, 411, 383, 360, 342, 316, 297, 285, 276, 252, 235, 216, 199, 179, 163, 148, 131, 120, 113, 108, 100, 88, 82, 78, 74, 66, 63, 60, 55, 49, 47, 42, 38, 35, 34, 31, 30, 28, 25, 24, 24, 22, 18, 18, 16, 15, 14, 13, 12, 11, 10, 9, 7, 5, 4, 3, 3, 2, 2, 2, 2, 1, 1, 0, 0, 0, 0, 0, 0, 0, 0, 0, 0, 0, 0, 0, 0, 0, 0, 0, 0, 0, 0, 0, 0, 0, 0, 0, 0, 0, 0, 0, 0, 0, 0, 0, 0, 0
inf, 8, 12, 17, 23, 23, 29, 37, 46, 51, 63, 78, 100, 132, 175, 222, 280, 329, 397, 475, 574, 673, 774, 881, 1007, 1106, 1223, 1316, 1412, 1516, 1560, 1622, 1666, 1707, 1710, 1684, 1689, 1689, 1717, 1686, 1632, 1598, 1577, 1535, 1511, 1465, 1434, 1378, 1340, 1293, 1268, 1230, 1170, 1130, 1094, 1053, 1010, 979, 941, 909, 874, 838, 797, 766, 702, 669, 626, 601, 580, 560, 550, 526, 501, 473, 435, 415, 392, 378, 356, 341, 319, 309, 297, 283, 279, 262, 247, 236, 213, 208, 196, 186, 180, 174, 165, 161, 141, 138, 132, 124, 122, 115, 111, 107, 102, 98, 95, 90, 89, 85, 83, 82, 80, 77, 70, 68, 64, 60, 54, 46, 43, 39, 38, 35, 31, 29, 27, 26, 24, 23, 21, 21, 19, 18, 18, 15, 14, 11, 10, 10, 9, 8, 7, 7, 6, 5, 4, 3, 3, 2, 1, 1, 0, 0
dead, 0, 0, 0, 0, 0, 0, 0, 0, 1, 1, 1, 2, 4, 8, 6, 9, 12, 13, 10, 21, 22, 28, 42, 47, 57, 47, 70, 72, 74, 77, 54, 69, 81, 80, 99, 99, 96, 92, 92, 97, 96, 94, 90, 65, 72, 77, 75, 72, 68, 81, 77, 81, 72, 79, 80, 66, 60, 49, 55, 45, 53, 57, 40, 53, 40, 43, 43, 42, 45, 40, 32, 38, 30, 38, 32, 32, 22, 28, 20, 19, 17, 18, 16, 12, 15, 13, 17, 18, 12, 12, 10, 8, 9, 9, 5, 13, 9, 11, 8, 3, 4, 5, 7, 6, 8, 6, 4, 4, 3, 3, 3, 3, 1, 4, 2, 3, 3, 2, 6, 4, 2, 2, 2, 3, 1, 3, 2, 3, 2, 4, 0, 1, 2, 0, 0, 0, 2, 1, 0, 0, 0, 1, 0, 0, 0, 1, 2, 0, 0, 1, 0, 1, 0
rec, 0, 0, 0, 1, 2, 2, 2, 4, 6, 7, 9, 9, 11, 12, 17, 20, 24, 28, 31, 42, 52, 61, 68, 81, 92, 106, 120, 135, 159, 178, 196, 215, 245, 273, 298, 322, 343, 367, 397, 422, 442, 457, 484, 510, 529, 557, 576, 600, 616, 631, 652, 673, 691, 704, 717, 738, 745, 756, 768, 780, 791, 801, 811, 822, 837, 855, 862, 868, 873, 878, 887, 894, 900, 910, 913, 917, 924, 928, 931, 936, 940, 942, 943, 943, 945, 948, 950, 953, 954, 958, 962, 962, 963, 968, 970, 974, 975, 976, 978, 979, 979, 980, 980, 982, 982, 983, 984, 986, 988, 988, 989, 990, 992, 994, 994, 995, 998, 1001, 1002, 1002, 1004, 1004, 1004, 1006, 1008, 1008, 1009, 1010, 1011, 1011, 1011, 1011, 1011, 1011, 1012, 1012, 1012, 1013, 1013, 1013, 1014, 1014, 1014, 1014, 1014, 1014, 1014, 1014, 1014, 1014, 1014, 1014, 1014
rem, 0, 0, 0, 0, 2, 3, 3, 4, 7, 9, 10, 13, 15, 21, 28, 35, 46, 62, 81, 97, 129, 157, 200, 244, 293, 340, 384, 460, 531, 613, 710, 791, 862, 953, 1043, 1130, 1230, 1302, 1401, 1505, 1601, 1688, 1780, 1881, 1961, 2024, 2117, 2186, 2263, 2323, 2397, 2466, 2543, 2597, 2658, 2724, 2790, 2859, 2902, 2956, 3004, 3053, 3105, 3156, 3212, 3251, 3288, 3321, 3353, 3379, 3417, 3446, 3487, 3514, 3542, 3569, 3598, 3616, 3640, 3662, 3678, 3690, 3708, 3721, 3739, 3755, 3765, 3788, 3801, 3810, 3821, 3830, 3836, 3843, 3850, 3858, 3866, 3873, 3882, 3890, 3897, 3900, 3903, 3908, 3911, 3916, 3923, 3924, 3929, 3932, 3933, 3934, 3938, 3940, 3944, 3946, 3948, 3952, 3956, 3961, 3965, 3966, 3969, 3970, 3972, 3972, 3973, 3973, 3974, 3974, 3978, 3979, 3979, 3981, 3983, 3984, 3985, 3986, 3987, 3988, 3988, 3988, 3989, 3990, 3991, 3991, 3991, 3993, 3994, 3994, 3995, 3995, 3996
timesteps, 0, 1, 2, 3, 4, 5, 6, 7, 8, 9, 10, 11, 12, 13, 14, 15, 16, 17, 18, 19, 20, 21, 22, 23, 24, 25, 26, 27, 28, 29, 30, 31, 32, 33, 34, 35, 36, 37, 38, 39, 40, 41, 42, 43, 44, 45, 46, 47, 48, 49, 50, 51, 52, 53, 54, 55, 56, 57, 58, 59, 60, 61, 62, 63, 64, 65, 66, 67, 68, 69, 70, 71, 72, 73, 74, 75, 76, 77, 78, 79, 80, 81, 82, 83, 84, 85, 86, 87, 88, 89, 90, 91, 92, 93, 94, 95, 96, 97, 98, 99, 100, 101, 102, 103, 104, 105, 106, 107, 108, 109, 110, 111, 112, 113, 114, 115, 116, 117, 118, 120, 121, 122, 123, 124, 125, 127, 129, 132, 135, 136, 137, 138, 150, 151
events, 42, 62, 36, 42, 40, 106, 131, 189, 188, 238, 319, 409, 445, 470, 532, 670, 569, 610, 573, 539, 524, 512, 471, 496, 456, 456, 404, 430, 412, 418, 456, 385, 328, 351, 352, 316, 299, 276, 265, 270, 242, 225, 241, 225, 234, 207, 229, 179, 157, 188, 196, 145, 129, 106, 120, 129, 108, 98, 101, 98, 91, 91, 72, 84, 62, 64, 51, 57, 50, 67, 51, 46, 41, 52, 53, 48, 32, 48, 31, 38, 31, 20, 17, 18, 25, 18, 29, 15, 23, 20, 8, 17, 12, 18, 12, 10, 10, 13, 12, 8, 12, 6, 12, 8, 9, 5, 3, 8, 1, 7, 6, 5, 1, 3, 2, 3, 1, 2, 4, 1, 2, 3, 2, 1, 2, 3, 3, 2, 2, 2, 4, 1, 5, 1
sus, 4965, 4913, 4885, 4854, 4826, 4753, 4652, 4509, 4377, 4194, 3957, 3673, 3355, 3028, 2710, 2295, 1961, 1649, 1393, 1145, 928, 771, 611, 497, 408, 331, 261, 201, 156, 108, 66, 45, 31, 22, 13, 4, 3, 1, 0, 0, 0, 0, 0, 0, 0, 0, 0, 0, 0, 0, 0, 0, 0, 0, 0, 0, 0, 0, 0, 0, 0, 0, 0, 0, 0, 0, 0, 0, 0, 0, 0, 0, 0, 0, 0, 0, 0, 0, 0, 0, 0, 0, 0, 0, 0, 0, 0, 0, 0, 0, 0, 0, 0, 0, 0, 0, 0, 0, 0, 0, 0, 0, 0, 0, 0, 0, 0, 0, 0, 0, 0, 0, 0, 0, 0, 0, 0, 0, 0, 0, 0, 0, 0, 0, 0, 0, 0, 0, 0, 0, 0, 0, 0, 0
exp, 31, 76, 96, 116, 134, 185, 262, 377, 464, 603, 774, 964, 1194, 1412, 1561, 1800, 1991, 2115, 2161, 2238, 2268, 2231, 2224, 2130, 2038, 1925, 1841, 1743, 1644, 1556, 1455, 1354, 1279, 1182, 1081, 992, 910, 831, 759, 697, 640, 594, 551, 515, 477, 439, 401, 368, 343, 313, 291, 264, 243, 230, 209, 197, 182, 171, 156, 143, 133, 120, 115, 104, 94, 86, 75, 74, 69, 63, 57, 50, 48, 45, 39, 34, 33, 31, 26, 24, 21, 19, 19, 17, 16, 15, 14, 14, 13, 13, 11, 11, 11, 10, 10, 10, 9, 9, 8, 7, 6, 5, 4, 4, 3, 3, 3, 3, 2, 2, 2, 2, 2, 2, 2, 2, 2, 2, 2, 2, 2, 2, 2, 2, 2, 1, 1, 1, 1, 0, 0, 0, 0, 0
inf, 13, 19, 27, 38, 46, 61, 81, 102, 138, 174, 229, 307, 369, 459, 599, 724, 818, 945, 1093, 1193, 1306, 1407, 1486, 1593, 1665, 1748, 1801, 1839, 1858, 1861, 1854, 1845, 1818, 1798, 1777, 1760, 1734, 1716, 1680, 1627, 1580, 1530, 1466, 1402, 1331, 1278, 1210, 1163, 1115, 1060, 991, 958, 920, 875, 846, 791, 760, 723, 695, 659, 624, 592, 558, 534, 517, 495, 481, 450, 425, 396, 377, 362, 343, 316, 299, 283, 266, 245, 236, 218, 204, 199, 191, 182, 172, 163, 148, 140, 128, 120, 120, 110, 104, 96, 88, 84, 80, 72, 65, 63, 60, 57, 51, 45, 42, 40, 39, 34, 35, 32, 29, 25, 24, 22, 21, 19, 19, 18, 16, 15, 13, 11, 11, 10, 10, 10, 8, 7, 6, 6, 4, 3, 0, 0
dead, 1, 0, 0, 0, 1, 4, 6, 1, 4, 5, 7, 5, 15, 15, 23, 42, 41, 41, 42, 51, 61, 64, 77, 79, 88, 86, 89, 94, 105, 112, 120, 120, 101, 94, 103, 110, 97, 89, 98, 92, 100, 90, 85, 76, 72, 70, 71, 66, 65, 64, 61, 46, 43, 53, 44, 49, 38, 40, 30, 35, 34, 32, 35, 27, 22, 20, 26, 22, 29, 29, 27, 26, 23, 27, 22, 17, 20, 15, 12, 12, 15, 9, 7, 11, 8, 9, 10, 11, 12, 5, 3, 6, 5, 3, 5, 3, 4, 5, 8, 6, 2, 4, 4, 7, 6, 5, 3, 3, 3, 2, 0, 0, 0, 1, 1, 2, 1, 1, 1, 1, 2, 3, 1, 2, 0, 0, 0, 0, 0, 0, 0, 0, 1, 0
rec, 0, 0, 0, 0, 1, 1, 1, 2, 6, 10, 14, 17, 20, 24, 29, 33, 40, 52, 68, 81, 99, 121, 140, 166, 189, 216, 235, 258, 274, 299, 320, 340, 366, 389, 409, 423, 439, 452, 470, 498, 513, 536, 557, 577, 603, 618, 638, 657, 672, 685, 696, 713, 726, 739, 749, 761, 771, 778, 788, 796, 806, 820, 828, 833, 840, 846, 850, 862, 870, 879, 886, 892, 898, 905, 909, 913, 915, 920, 925, 929, 932, 934, 935, 937, 938, 940, 943, 943, 946, 949, 949, 949, 950, 953, 955, 955, 955, 957, 959, 960, 961, 962, 965, 966, 967, 967, 968, 970, 970, 970, 972, 975, 976, 976, 976, 976, 976, 976, 976, 977, 978, 978, 978, 978, 978, 978, 979, 979, 979, 980, 980, 981, 981, 981
rem, 0, 2, 2, 2, 2, 6, 8, 19, 21, 24, 29, 44, 57, 72, 88, 116, 159, 208, 253, 302, 348, 416, 472, 545, 622, 704, 783, 875, 973, 1074, 1195, 1306, 1415, 1525, 1627, 1721, 1827, 1921, 2003, 2096, 2177, 2260, 2351, 2440, 2527, 2605, 2690, 2756, 2815, 2888, 2971, 3029, 3078, 3113, 3162, 3212, 3259, 3298, 3341, 3377, 3413, 3446, 3474, 3512, 3537, 3563, 3578, 3602, 3617, 3643, 3663, 3680, 3698, 3717, 3741, 3763, 3776, 3799, 3811, 3827, 3838, 3849, 3858, 3863, 3876, 3883, 3895, 3902, 3911, 3923, 3927, 3934, 3940, 3948, 3952, 3958, 3962, 3967, 3970, 3974, 3981, 3982, 3986, 3988, 3992, 3995, 3997, 4000, 4000, 4004, 4007, 4008, 4008, 4009, 4010, 4011, 4012, 4013, 4015, 4015, 4015, 4016, 4018, 4018, 4020, 4021, 4022, 4023, 4024, 4024, 4026, 4026, 4028, 4029
timesteps, 0, 1, 2, 3, 4, 5, 6, 7, 8, 9, 10, 11, 12, 13, 14, 15, 16, 17, 18, 19, 20, 21, 22, 23, 24, 25, 26, 27, 28, 29, 30, 31, 32, 33, 34, 35, 36, 37, 38, 39, 40, 41, 42, 43, 44, 45, 46, 47, 48, 49, 50, 51, 52, 53, 54, 55, 56, 57, 58, 59, 60, 61, 62, 63, 64, 65, 66, 67, 68, 69, 70, 71, 72, 73, 74, 75, 76, 77, 78, 79, 80, 81, 82, 83, 84, 85, 86, 87, 88, 89, 90, 91, 92, 93, 94, 95, 96, 97, 98, 99, 100, 101, 102, 103, 104, 105, 106, 107, 108, 109, 110, 111, 112, 113, 114, 115, 116, 117, 118, 119, 120, 121, 122, 124, 125, 126, 128, 129, 130, 131, 132, 133, 135, 136, 137, 138, 140, 142, 143, 151, 152, 154, 155
events, 19, 26, 19, 24, 19, 27, 32, 77, 75, 177, 168, 245, 364, 331, 365, 358, 472, 516, 526, 554, 568, 597, 559, 562, 580, 594, 536, 502, 468, 409, 388, 453, 390, 353, 326, 365, 325, 352, 332, 297, 314, 246, 256, 246, 229, 254, 213, 190, 203, 177, 162, 172, 166, 142, 146, 130, 148, 112, 137, 104, 98, 90, 98, 96, 85, 89, 78, 71, 73, 73, 69, 75, 78, 76, 58, 47, 38, 33, 40, 22, 34, 25, 32, 21, 33, 34, 29, 11, 12, 22, 24, 13, 19, 22, 19, 13, 8, 7, 18, 9, 6, 12, 7, 10, 11, 10, 7, 2, 2, 6, 9, 6, 12, 2, 2, 5, 5, 1, 3, 5, 1, 1, 3, 4, 3, 2, 1, 1, 3, 1, 1, 2, 1, 1, 2, 1, 1, 3, 1, 2, 1, 2, 1
sus, 4990, 4967, 4953, 4936, 4919, 4901, 4880, 4826, 4774, 4639, 4512, 4331, 4058, 3826, 3575, 3336, 3026, 2698, 2411, 2112, 1809, 1492, 1228, 1018, 788, 589, 451, 336, 246, 191, 129, 96, 58, 37, 25, 16, 13, 8, 7, 4, 2, 2, 0, 0, 0, 0, 0, 0, 0, 0, 0, 0, 0, 0, 0, 0, 0, 0, 0, 0, 0, 0, 0, 0, 0, 0, 0, 0, 0, 0, 0, 0, 0, 0, 0, 0, 0, 0, 0, 0, 0, 0, 0, 0, 0, 0, 0, 0, 0, 0, 0, 0, 0, 0, 0, 0, 0, 0, 0, 0, 0, 0, 0, 0, 0, 0, 0, 0, 0, 0, 0, 0, 0, 0, 0, 0, 0, 0, 0, 0, 0, 0, 0, 0, 0, 0, 0, 0, 0, 0, 0, 0, 0, 0, 0, 0, 0, 0, 0, 0, 0, 0, 0
exp, 11, 31, 40, 50, 65, 78, 90, 127, 158, 268, 361, 492, 701, 857, 1025, 1172, 1366, 1569, 1700, 1828, 1948, 2085, 2149, 2154, 2196, 2185, 2110, 2041, 1963, 1870, 1788, 1653, 1560, 1458, 1367, 1258, 1153, 1058, 971, 894, 827, 774, 710, 661, 615, 560, 512, 471, 428, 390, 367, 338, 315, 280, 259, 235, 218, 199, 184, 173, 160, 152, 141, 132, 120, 107, 99, 94, 84, 77, 69, 66, 59, 53, 50, 46, 44, 38, 35, 35, 33, 30, 28, 27, 26, 25, 22, 22, 20, 20, 20, 18, 17, 17, 14, 14, 14, 14, 11, 11, 10, 9, 8, 7, 7, 7, 5, 5, 5, 3, 3, 1, 1, 1, 1, 1, 1, 1, 1, 1, 1, 1, 1, 1, 1, 1, 0, 0, 0, 0, 0, 0, 0, 0, 0, 0, 0, 0, 0, 0, 0, 0, 0
inf, 9, 12, 17, 24, 26, 28, 36, 49, 69, 86, 115, 156, 203, 267, 330, 407, 497, 584, 695, 814, 951, 1069, 1210, 1334, 1430, 1531, 1635, 1702, 1752, 1782, 1817, 1856, 1853, 1870, 1851, 1832, 1817, 1788, 1741, 1706, 1650, 1600, 1564, 1492, 1438, 1387, 1344, 1310, 1264, 1228, 1174, 1126, 1074, 1045, 994, 957, 906, 874, 829, 787, 754, 715, 676, 641, 614, 584, 557, 523, 499, 470, 442, 408, 378, 348, 323, 308, 291, 279, 264, 251, 239, 230, 214, 205, 187, 172, 159, 153, 148, 138, 128, 125, 115, 102, 94, 89, 87, 83, 78, 72, 70, 66, 62, 59, 53, 48, 46, 45, 44, 44, 38, 39, 32, 32, 31, 28, 25, 25, 23, 21, 20, 19, 17, 14, 12, 12, 13, 12, 10, 10, 9, 8, 7, 7, 6, 6, 5, 3, 3, 2, 1, 0, 0
dead, 0, 0, 0, 0, 0, 1, 1, 3, 3, 0, 2, 6, 12, 9, 11, 13, 13, 22, 22, 32, 34, 43, 52, 51, 62, 69, 80, 85, 85, 97, 111, 93, 112, 96, 101, 116, 123, 117, 122, 117, 101, 93, 87, 95, 93, 87, 83, 71, 67, 65, 66, 60, 49, 50, 55, 56, 53, 51, 37, 40, 41, 42, 42, 34, 34, 32, 25, 27, 25, 25, 29, 24, 24, 22, 19, 12, 11, 17, 12, 13, 9, 10, 13, 12, 15, 11, 14, 13, 15, 12, 7, 4, 6, 8, 13, 8, 4, 4, 2, 4, 4, 3, 5, 3, 3, 2, 4, 3, 2, 2, 4, 2, 3, 1, 1, 1, 2, 1, 2, 0, 1, 1, 1, 2, 2, 0, 0, 1, 1, 0, 1, 1, 2, 1, 1, 0, 0, 1, 0, 0, 1, 1, 0
rec, 0, 0, 0, 0, 0, 1, 1, 1, 1, 3, 4, 4, 5, 9, 16, 17, 23, 27, 34, 44, 52, 67, 81, 97, 108, 134, 156, 182, 208, 226, 248, 272, 300, 319, 347, 368, 393, 410, 432, 453, 476, 497, 519, 556, 575, 594, 615, 628, 650, 661, 675, 692, 710, 730, 744, 759, 767, 778, 790, 800, 806, 817, 830, 839, 844, 856, 863, 873, 880, 886, 893, 900, 903, 907, 911, 913, 916, 919, 923, 926, 926, 927, 930, 931, 934, 937, 940, 942, 944, 945, 946, 948, 950, 952, 953, 955, 955, 956, 959, 960, 961, 961, 963, 964, 965, 966, 967, 968, 969, 969, 970, 970, 971, 971, 971, 972, 972, 972, 972, 973, 973, 974, 975, 976, 977, 977, 977, 977, 978, 978, 978, 978, 978, 978, 978, 978, 979, 979, 979, 979, 979, 979, 979
rem, 0, 0, 0, 0, 0, 1, 2, 4, 5, 14, 16, 21, 31, 42, 53, 65, 85, 110, 148, 180, 216, 254, 290, 356, 426, 502, 578, 664, 756, 844, 917, 1040, 1127, 1230, 1319, 1420, 1511, 1629, 1737, 1836, 1954, 2044, 2130, 2206, 2289, 2382, 2456, 2530, 2601, 2666, 2728, 2794, 2862, 2905, 2958, 3003, 3066, 3108, 3170, 3210, 3249, 3284, 3321, 3364, 3398, 3431, 3466, 3493, 3522, 3552, 3577, 3612, 3646, 3680, 3707, 3731, 3748, 3757, 3776, 3785, 3803, 3813, 3825, 3835, 3848, 3865, 3875, 3880, 3883, 3895, 3909, 3915, 3922, 3931, 3936, 3944, 3950, 3953, 3960, 3963, 3965, 3971, 3972, 3977, 3982, 3987, 3988, 3989, 3990, 3992, 3995, 3998, 4003, 4005, 4006, 4008, 4010, 4011, 4012, 4015, 4015, 4015, 4016, 4017, 4018, 4020, 4020, 4020, 4021, 4022, 4022, 4023, 4023, 4024, 4025, 4026, 4026, 4027, 4028, 4029, 4029, 4030, 4031
timesteps, 0, 1, 2, 3, 4, 5, 6, 7, 8, 9, 10, 11, 12, 13, 14, 15, 16, 17, 18, 19, 20, 21, 22, 23, 24, 25, 26, 27, 28, 29, 30, 31, 32, 33, 34, 35, 36, 37, 38, 39, 40, 41, 42, 43, 44, 45, 46, 47, 48, 49, 50, 51, 52, 53, 54, 55, 56, 57, 58, 59, 60, 61, 62, 63, 64, 65, 66, 67, 68, 69, 70, 71, 72, 73, 74, 75, 76, 77, 78, 79, 80, 81, 82, 83, 84, 85, 86, 87, 88, 89, 90, 91, 92, 93, 94, 95, 96, 97, 98, 99, 100, 101, 102, 103, 104, 105, 106, 107, 108, 109, 110, 111, 112, 113, 114, 115, 116, 117, 118, 119, 120, 121, 122, 123, 126, 127, 128, 129, 134, 135, 137, 138, 139, 141, 143, 144, 150, 151, 152, 158, 163, 178
events, 28, 25, 39, 31, 27, 50, 64, 68, 115, 108, 199, 205, 258, 226, 322, 356, 386, 460, 494, 473, 481, 417, 412, 424, 379, 369, 417, 392, 464, 439, 499, 439, 392, 403, 400, 404, 388, 412, 366, 418, 348, 324, 313, 302, 287, 269, 267, 179, 253, 230, 200, 205, 201, 197, 173, 155, 178, 128, 169, 127, 136, 135, 109, 113, 102, 103, 86, 95, 99, 77, 87, 64, 63, 58, 62, 62, 48, 50, 48, 39, 46, 47, 31, 31, 41, 37, 22, 32, 31, 27, 19, 22, 24, 18, 13, 11, 16, 17, 16, 14, 14, 6, 12, 4, 11, 8, 6, 8, 8, 3, 8, 6, 4, 5, 2, 8, 6, 9, 7, 2, 1, 5, 4, 2, 4, 3, 2, 1, 2, 3, 1, 3, 1, 2, 1, 3, 1, 2, 1, 2, 2, 2
sus, 4980, 4960, 4928, 4906, 4891, 4855, 4801, 4755, 4677, 4603, 4462, 4316, 4142, 3982, 3793, 3555, 3312, 3028, 2740, 2486, 2270, 2089, 1916, 1768, 1636, 1528, 1405, 1289, 1146, 1036, 896, 796, 701, 594, 521, 457, 378, 313, 257, 181, 132, 100, 64, 42, 26, 14, 2, 2, 0, 0, 0, 0, 0, 0, 0, 0, 0, 0, 0, 0, 0, 0, 0, 0, 0, 0, 0, 0, 0, 0, 0, 0, 0, 0, 0, 0, 0, 0, 0, 0, 0, 0, 0, 0, 0, 0, 0, 0, 0, 0, 0, 0, 0, 0, 0, 0, 0, 0, 0, 0, 0, 0, 0, 0, 0, 0, 0, 0, 0, 0, 0, 0, 0, 0, 0, 0, 0, 0, 0, 0, 0, 0, 0, 0, 0, 0, 0, 0, 0, 0, 0, 0, 0, 0, 0, 0, 0, 0, 0, 0, 0, 0
exp, 22, 37, 66, 80, 84, 108, 157, 186, 235, 281, 380, 482, 597, 708, 800, 957, 1109, 1282, 1443, 1556, 1605, 1632, 1677, 1664, 1667, 1634, 1617, 1595, 1583, 1544, 1541, 1471, 1445, 1434, 1383, 1321, 1303, 1244, 1168, 1133, 1080, 1007, 965, 902, 832, 773, 715, 665, 623, 561, 519, 467, 421, 389, 351, 333, 312, 290, 258, 237, 215, 192, 172, 157, 143, 131, 125, 115, 105, 96, 88, 83, 74, 68, 63, 56, 53, 49, 48, 44, 41, 34, 31, 28, 24, 22, 21, 17, 15, 13, 10, 9, 7, 6, 6, 6, 6, 6, 6, 5, 4, 4, 3, 3, 2, 1, 1, 1, 1, 1, 0, 0, 0, 0, 0, 0, 0, 0, 0, 0, 0, 0, 0, 0, 0, 0, 0, 0, 0, 0, 0, 0, 0, 0, 0, 0, 0, 0, 0, 0, 0, 0
inf, 7, 12, 12, 20, 30, 41, 43, 56, 80, 105, 136, 172, 215, 254, 331, 387, 451, 527, 604, 701, 811, 918, 987, 1079, 1139, 1212, 1259, 1321, 1381, 1425, 1450, 1525, 1548, 1570, 1584, 1597, 1571, 1578, 1605, 1589, 1583, 1584, 1548, 1530, 1518, 1489, 1461, 1433, 1357, 1329, 1282, 1248, 1217, 1156, 1123, 1067, 1007, 969, 927, 891, 849, 811, 785, 752, 720, 677, 643, 602, 568, 538, 506, 483, 461, 441, 414, 391, 372, 350, 321, 302, 283, 270, 257, 246, 233, 215, 204, 194, 179, 170, 163, 154, 144, 135, 128, 121, 111, 101, 93, 87, 84, 80, 75, 74, 69, 65, 65, 59, 56, 55, 51, 47, 44, 43, 42, 37, 34, 29, 25, 25, 24, 22, 19, 18, 16, 15, 14, 14, 13, 11, 11, 9, 9, 7, 7, 6, 5, 3, 3, 2, 1, 0
dead, 0, 0, 1, 0, 0, 0, 1, 3, 4, 4, 9, 9, 14, 12, 12, 23, 20, 17, 30, 31, 35, 40, 36, 46, 50, 54, 62, 61, 66, 74, 79, 81, 79, 79, 73, 66, 88, 79, 89, 92, 89, 88, 95, 90, 87, 79, 75, 78, 83, 77, 81, 84, 66, 70, 62, 68, 59, 55, 54, 52, 53, 49, 43, 39, 30, 42, 37, 42, 35, 38, 32, 23, 27, 25, 27, 23, 19, 19, 21, 28, 25, 20, 20, 18, 13, 14, 15, 13, 15, 11, 13, 10, 8, 9, 9, 11, 13, 12, 10, 9, 4, 6, 4, 2, 3, 6, 0, 4, 1, 0, 1, 2, 4, 1, 1, 3, 3, 3, 3, 1, 2, 0, 2, 2, 2, 1, 1, 0, 0, 1, 0, 1, 0, 2, 1, 0, 0, 1, 0, 0, 0, 0
rec, 0, 0, 1, 1, 2, 2, 2, 3, 4, 4, 5, 6, 8, 13, 17, 19, 24, 32, 40, 49, 61, 68, 79, 92, 108, 120, 144, 159, 178, 200, 215, 234, 256, 270, 293, 312, 324, 344, 366, 386, 408, 430, 452, 468, 482, 504, 519, 543, 571, 589, 605, 621, 638, 655, 670, 675, 689, 707, 719, 729, 742, 756, 765, 767, 780, 787, 792, 804, 810, 817, 824, 830, 834, 836, 841, 850, 853, 859, 870, 874, 878, 883, 887, 889, 891, 895, 897, 899, 902, 903, 905, 907, 911, 913, 914, 915, 917, 921, 923, 925, 925, 925, 928, 928, 929, 929, 929, 929, 930, 930, 932, 933, 933, 933, 933, 933, 933, 934, 935, 935, 935, 936, 936, 936, 936, 936, 936, 936, 936, 936, 936, 936, 936, 936, 936, 936, 937, 938, 938, 938, 938, 938
rem, 1, 1, 2, 3, 3, 4, 6, 7, 10, 13, 18, 25, 34, 41, 57, 69, 94, 124, 153, 187, 228, 263, 315, 361, 410, 462, 523, 585, 656, 731, 829, 903, 981, 1063, 1156, 1257, 1346, 1452, 1525, 1629, 1718, 1801, 1886, 1978, 2065, 2151, 2238, 2289, 2376, 2454, 2523, 2590, 2668, 2740, 2804, 2867, 2943, 2989, 3052, 3101, 3151, 3202, 3245, 3295, 3337, 3373, 3413, 3447, 3492, 3521, 3560, 3591, 3614, 3640, 3665, 3690, 3713, 3733, 3750, 3762, 3783, 3803, 3815, 3829, 3849, 3864, 3873, 3887, 3899, 3913, 3919, 3930, 3940, 3947, 3953, 3957, 3963, 3970, 3978, 3984, 3993, 3995, 4000, 4003, 4007, 4009, 4015, 4017, 4022, 4024, 4026, 4028, 4029, 4033, 4034, 4037, 4040, 4044, 4047, 4049, 4049, 4052, 4053, 4054, 4056, 4058, 4059, 4060, 4061, 4062, 4063, 4064, 4065, 4065, 4066, 4068, 4068, 4068, 4069, 4070, 4071, 4072
timesteps, 0, 1, 2, 3, 4, 5, 6, 7, 8, 9, 10, 11, 12, 13, 14, 15, 16, 17, 18, 19, 20, 21, 22, 23, 24, 25, 26, 27, 28, 29, 30, 31, 32, 33, 34, 35, 36, 37, 38, 39, 40, 41, 42, 43, 44, 45, 46, 47, 48, 49, 50, 51, 52, 53, 54, 55, 56, 57, 58, 59, 60, 61, 62, 63, 64, 65, 66, 67, 68, 69, 70, 71, 72, 73, 74, 75, 76, 77, 78, 79, 80, 81, 82, 83, 84, 85, 86, 87, 88, 89, 90, 91, 92, 93, 94, 95, 96, 97, 98, 99, 100, 101, 102, 103, 104, 105, 106, 107, 108, 109, 110, 111, 112, 113, 114, 116, 118, 119, 120, 122, 123, 128, 129, 130, 131, 132, 133, 134, 135, 136, 139, 141, 143, 144, 148, 149
events, 31, 23, 32, 50, 67, 83, 123, 178, 178, 202, 273, 372, 439, 516, 488, 478, 511, 506, 509, 486, 500, 458, 470, 462, 441, 449, 468, 431, 410, 383, 401, 393, 412, 368, 349, 356, 347, 322, 335, 285, 306, 282, 273, 248, 254, 207, 184, 183, 204, 173, 156, 160, 144, 165, 127, 141, 138, 113, 121, 103, 118, 95, 93, 98, 69, 65, 62, 57, 57, 55, 76, 46, 43, 47, 33, 37, 40, 47, 35, 35, 32, 32, 20, 32, 32, 22, 17, 18, 21, 26, 13, 17, 13, 8, 13, 16, 10, 13, 13, 13, 8, 15, 7, 13, 8, 5, 2, 3, 4, 8, 7, 4, 6, 8, 5, 7, 2, 4, 2, 3, 2, 3, 4, 1, 2, 1, 1, 1, 2, 1, 1, 1, 1, 2, 3, 1
sus, 4976, 4958, 4934, 4893, 4844, 4780, 4690, 4559, 4430, 4285, 4069, 3824, 3527, 3171, 2885, 2608, 2322, 2059, 1812, 1619, 1415, 1254, 1094, 960, 866, 759, 664, 569, 497, 442, 396, 335, 294, 260, 224, 191, 152, 108, 73, 38, 24, 12, 4, 2, 0, 0, 0, 0, 0, 0, 0, 0, 0, 0, 0, 0, 0, 0, 0, 0, 0, 0, 0, 0, 0, 0, 0, 0, 0, 0, 0, 0, 0, 0, 0, 0, 0, 0, 0, 0, 0, 0, 0, 0, 0, 0, 0, 0, 0, 0, 0, 0, 0, 0, 0, 0, 0, 0, 0, 0, 0, 0, 0, 0, 0, 0, 0, 0, 0, 0, 0, 0, 0, 0, 0, 0, 0, 0, 0, 0, 0, 0, 0, 0, 0, 0, 0, 0, 0, 0, 0, 0, 0, 0, 0, 0
exp, 26, 40, 58, 91, 125, 174, 237, 334, 423, 522, 692, 840, 1027, 1273, 1413, 1544, 1686, 1779, 1854, 1873, 1906, 1917, 1913, 1893, 1819, 1775, 1707, 1660, 1590, 1497, 1402, 1327, 1248, 1182, 1099, 1023, 963, 932, 871, 837, 787, 733, 681, 616, 569, 520, 476, 430, 391, 363, 326, 307, 290, 260, 240, 222, 202, 187, 174, 160, 144, 126, 120, 112, 105, 101, 98, 91, 85, 71, 60, 54, 49, 44, 43, 39, 36, 33, 33, 32, 29, 26, 26, 25, 25, 23, 20, 20, 19, 17, 16, 13, 11, 11, 11, 10, 9, 8, 7, 5, 5, 5, 4, 4, 4, 4, 4, 4, 4, 2, 2, 2, 2, 2, 2, 2, 2, 2, 2, 2, 2, 2, 2, 2, 2, 1, 1, 1, 1, 1, 1, 0, 0, 0, 0, 0
inf, 7, 10, 15, 22, 35, 49, 72, 98, 134, 172, 212, 288, 378, 459, 574, 688, 783, 910, 1029, 1129, 1230, 1288, 1376, 1427, 1493, 1531, 1572, 1611, 1644, 1688, 1715, 1742, 1722, 1697, 1711, 1687, 1676, 1640, 1620, 1586, 1529, 1476, 1425, 1391, 1336, 1296, 1259, 1236, 1183, 1129, 1096, 1037, 988, 945, 908, 858, 811, 770, 726, 688, 651, 632, 589, 546, 520, 494, 463, 440, 421, 410, 386, 369, 354, 338, 323, 312, 294, 273, 246, 228, 220, 209, 198, 184, 165, 153, 150, 139, 129, 120, 116, 111, 106, 103, 95, 89, 86, 79, 73, 69, 66, 58, 56, 48, 45, 42, 42, 40, 38, 36, 34, 31, 27, 24, 21, 17, 16, 15, 14, 12, 11, 9, 7, 6, 5, 6, 5, 5, 4, 4, 3, 4, 3, 2, 0, 0
dead, 1, 1, 1, 2, 3, 1, 2, 4, 2, 3, 4, 11, 15, 20, 20, 23, 33, 34, 43, 46, 46, 66, 56, 60, 63, 75, 88, 77, 83, 89, 85, 93, 98, 90, 90, 107, 94, 98, 103, 106, 90, 98, 84, 91, 74, 73, 77, 67, 71, 76, 74, 70, 55, 54, 51, 53, 48, 53, 48, 48, 40, 31, 32, 38, 35, 24, 25, 28, 19, 23, 20, 23, 21, 20, 16, 10, 11, 10, 22, 21, 13, 11, 13, 10, 12, 16, 13, 15, 15, 9, 7, 7, 10, 8, 9, 6, 5, 7, 6, 7, 5, 5, 4, 5, 2, 3, 1, 1, 1, 3, 0, 2, 4, 1, 1, 2, 2, 0, 0, 0, 0, 1, 1, 1, 1, 1, 2, 1, 1, 0, 0, 0, 1, 0, 1, 0
rec, 0, 1, 1, 1, 1, 1, 2, 3, 4, 8, 8, 13, 17, 20, 26, 32, 39, 51, 58, 84, 99, 116, 132, 160, 182, 205, 226, 249, 265, 287, 305, 319, 343, 367, 383, 418, 442, 457, 480, 502, 532, 558, 589, 605, 627, 648, 666, 677, 692, 706, 729, 748, 768, 780, 790, 801, 822, 831, 842, 857, 869, 875, 885, 891, 898, 908, 916, 923, 931, 936, 944, 947, 951, 952, 956, 959, 963, 968, 975, 980, 981, 982, 982, 984, 988, 992, 993, 995, 997, 1001, 1001, 1003, 1003, 1003, 1005, 1007, 1007, 1009, 1012, 1012, 1012, 1013, 1014, 1016, 1017, 1017, 1017, 1018, 1018, 1018, 1018, 1018, 1018, 1019, 1020, 1020, 1020, 1020, 1020, 1021, 1021, 1021, 1021, 1022, 1022, 1022, 1022, 1022, 1022, 1022, 1023, 1023, 1023, 1024, 1024, 1024
rem, 0, 0, 1, 1, 2, 5, 7, 12, 17, 20, 25, 34, 46, 67, 92, 115, 147, 177, 214, 259, 314, 369, 439, 510, 587, 665, 753, 844, 931, 1007, 1107, 1194, 1305, 1414, 1503, 1584, 1683, 1775, 1863, 1941, 2048, 2133, 2227, 2305, 2404, 2473, 2532, 2600, 2673, 2736, 2785, 2848, 2909, 2971, 3021, 3076, 3127, 3169, 3220, 3257, 3306, 3346, 3384, 3423, 3452, 3483, 3508, 3528, 3554, 3570, 3600, 3617, 3635, 3656, 3672, 3690, 3706, 3726, 3734, 3749, 3767, 3782, 3791, 3807, 3820, 3826, 3834, 3841, 3850, 3863, 3870, 3876, 3880, 3885, 3890, 3898, 3903, 3907, 3912, 3917, 3922, 3929, 3932, 3937, 3942, 3944, 3946, 3947, 3949, 3951, 3956, 3957, 3959, 3964, 3966, 3969, 3970, 3973, 3974, 3975, 3976, 3977, 3979, 3979, 3980, 3980, 3980, 3981, 3982, 3983, 3983, 3983, 3983, 3984, 3985, 3986
timesteps, 0, 1, 2, 3, 4, 5, 6, 7, 8, 9, 10, 11, 12, 13, 14, 15, 16, 17, 18, 19, 20, 21, 22, 23, 24, 25, 26, 27, 28, 29, 30, 31, 32, 33, 34, 35, 36, 37, 38, 39, 40, 41, 42, 43, 44, 45, 46, 47, 48, 49, 50, 51, 52, 53, 54, 55, 56, 57, 58, 59, 60, 61, 62, 63, 64, 65, 66, 67, 68, 69, 70, 71, 72, 73, 74, 75, 76, 77, 78, 79, 80, 81, 82, 83, 84, 85, 86, 87, 88, 89, 90, 91, 92, 93, 94, 95, 96, 97, 98, 99, 100, 101, 102, 103, 104, 105, 106, 107, 108, 109, 110, 111, 112, 113, 114, 115, 116, 117, 118, 119, 120, 121, 122, 123, 124, 125, 126, 127, 128, 129, 130, 131, 137, 140, 141, 142, 144, 146, 147, 149, 150, 152, 159, 177
events, 14, 12, 16, 11, 25, 48, 66, 64, 103, 111, 173, 248, 307, 401, 406, 467, 529, 503, 581, 584, 547, 545, 487, 497, 448, 446, 411, 417, 428, 375, 388, 355, 309, 427, 392, 369, 363, 323, 351, 318, 334, 302, 271, 301, 232, 249, 248, 220, 232, 221, 179, 193, 178, 169, 183, 170, 144, 134, 125, 123, 87, 107, 109, 81, 76, 80, 84, 85, 64, 48, 64, 45, 46, 66, 64, 47, 47, 43, 51, 45, 42, 21, 30, 33, 33, 23, 23, 20, 18, 17, 18, 27, 22, 17, 17, 16, 22, 8, 15, 10, 10, 12, 15, 13, 9, 11, 2, 8, 9, 5, 4, 3, 3, 8, 5, 3, 7, 6, 7, 4, 3, 7, 2, 1, 2, 5, 5, 2, 3, 1, 2, 1, 1, 2, 1, 1, 1, 2, 2, 1, 1, 1, 1, 1
sus, 4992, 4981, 4966, 4957, 4945, 4909, 4859, 4803, 4726, 4649, 4523, 4340, 4115, 3823, 3546, 3249, 2914, 2626, 2277, 1972, 1713, 1478, 1309, 1152, 1016, 905, 832, 763, 703, 666, 617, 583, 544, 469, 415, 355, 303, 251, 208, 163, 107, 86, 61, 47, 33, 20, 13, 11, 9, 4, 2, 1, 0, 0, 0, 0, 0, 0, 0, 0, 0, 0, 0, 0, 0, 0, 0, 0, 0, 0, 0, 0, 0, 0, 0, 0, 0, 0, 0, 0, 0, 0, 0, 0, 0, 0, 0, 0, 0, 0, 0, 0, 0, 0, 0, 0, 0, 0, 0, 0, 0, 0, 0, 0, 0, 0, 0, 0, 0, 0, 0, 0, 0, 0, 0, 0, 0, 0, 0, 0, 0, 0, 0, 0, 0, 0, 0, 0, 0, 0, 0, 0, 0, 0, 0, 0, 0, 0, 0, 0, 0, 0, 0, 0
exp, 12, 22, 36, 43, 44, 73, 112, 164, 221, 267, 358, 490, 650, 864, 1044, 1214, 1422, 1559, 1762, 1889, 1977, 2032, 2009, 1986, 1954, 1901, 1808, 1727, 1653, 1536, 1445, 1358, 1295, 1254, 1185, 1143, 1089, 1039, 991, 950, 926, 866, 814, 747, 709, 662, 617, 560, 517, 481, 428, 397, 369, 335, 302, 282, 249, 236, 212, 191, 181, 169, 153, 137, 128, 115, 112, 104, 93, 87, 81, 76, 68, 66, 64, 59, 56, 51, 43, 39, 37, 35, 32, 28, 26, 25, 25, 21, 18, 16, 14, 13, 13, 12, 11, 9, 8, 7, 6, 5, 4, 4, 4, 4, 4, 4, 4, 4, 3, 3, 3, 3, 3, 3, 3, 3, 2, 2, 2, 2, 2, 0, 0, 0, 0, 0, 0, 0, 0, 0, 0, 0, 0, 0, 0, 0, 0, 0, 0, 0, 0, 0, 0, 0
inf, 6, 7, 8, 10, 20, 24, 32, 33, 48, 78, 106, 146, 201, 258, 338, 442, 528, 646, 738, 858, 957, 1058, 1182, 1269, 1357, 1419, 1483, 1518, 1522, 1572, 1603, 1607, 1616, 1604, 1612, 1600, 1597, 1604, 1575, 1562, 1530, 1497, 1477, 1446, 1400, 1367, 1311, 1281, 1229, 1178, 1167, 1106, 1058, 1017, 964, 910, 880, 826, 795, 769, 738, 695, 655, 641, 614, 588, 541, 513, 496, 481, 455, 437, 423, 391, 356, 338, 320, 302, 288, 268, 254, 247, 234, 222, 206, 196, 186, 181, 175, 168, 160, 146, 137, 129, 122, 118, 108, 105, 97, 95, 90, 83, 75, 69, 64, 59, 59, 53, 50, 48, 46, 45, 44, 40, 37, 35, 32, 29, 26, 24, 22, 22, 21, 20, 18, 15, 12, 12, 11, 11, 10, 9, 8, 6, 6, 5, 5, 4, 3, 2, 1, 1, 1, 0
dead, 0, 0, 0, 0, 0, 1, 1, 2, 5, 4, 3, 8, 9, 19, 20, 20, 28, 23, 34, 36, 43, 54, 49, 60, 54, 60, 70, 82, 79, 84, 86, 102, 107, 103, 92, 93, 79, 86, 91, 79, 77, 75, 82, 81, 92, 79, 84, 85, 79, 67, 61, 68, 64, 62, 69, 51, 54, 52, 54, 37, 37, 39, 48, 37, 31, 34, 42, 32, 28, 27, 27, 25, 25, 24, 30, 27, 22, 24, 20, 22, 10, 8, 10, 10, 12, 10, 6, 7, 9, 10, 12, 14, 9, 10, 8, 5, 4, 4, 7, 3, 4, 5, 6, 4, 5, 3, 1, 4, 4, 3, 3, 2, 1, 0, 1, 2, 3, 2, 1, 0, 1, 0, 0, 1, 2, 3, 4, 2, 1, 0, 0, 0, 0, 1, 0, 1, 0, 0, 0, 1, 2, 1, 0, 0
rec, 0, 0, 0, 0, 0, 0, 1, 2, 3, 3, 6, 9, 11, 12, 13, 16, 23, 30, 41, 54, 74, 91, 106, 121, 143, 170, 192, 212, 241, 260, 277, 295, 308, 332, 358, 378, 405, 419, 437, 460, 488, 518, 536, 555, 574, 597, 619, 637, 652, 673, 689, 708, 718, 735, 750, 766, 778, 793, 800, 809, 814, 827, 837, 843, 854, 862, 873, 878, 885, 886, 892, 900, 906, 911, 917, 924, 927, 933, 938, 943, 947, 948, 951, 954, 957, 959, 960, 961, 962, 964, 966, 968, 969, 970, 972, 973, 975, 976, 977, 978, 980, 981, 981, 982, 982, 983, 983, 984, 984, 984, 984, 984, 984, 985, 985, 985, 986, 987, 987, 988, 988, 988, 988, 988, 989, 989, 989, 989, 989, 989, 989, 990, 991, 992, 992, 992, 992, 992, 992, 992, 992, 992, 992, 993
rem, 0, 0, 0, 0, 1, 3, 5, 6, 7, 9, 14, 17, 24, 34, 49, 69, 95, 126, 158, 201, 246, 297, 355, 422, 486, 555, 625, 708, 812, 892, 982, 1065, 1140, 1248, 1348, 1441, 1537, 1611, 1708, 1796, 1882, 1968, 2040, 2134, 2202, 2285, 2366, 2436, 2524, 2607, 2663, 2730, 2801, 2861, 2925, 3001, 3049, 3103, 3149, 3204, 3240, 3280, 3317, 3352, 3383, 3411, 3442, 3483, 3508, 3529, 3555, 3572, 3588, 3618, 3643, 3662, 3685, 3700, 3721, 3738, 3762, 3772, 3783, 3796, 3809, 3820, 3833, 3840, 3846, 3852, 3858, 3869, 3882, 3889, 3897, 3905, 3915, 3918, 3923, 3929, 3932, 3937, 3944, 3951, 3955, 3961, 3963, 3965, 3969, 3972, 3974, 3976, 3978, 3982, 3984, 3985, 3987, 3990, 3994, 3996, 3997, 4000, 4001, 4001, 4001, 4003, 4005, 4007, 4009, 4010, 4011, 4011, 4011, 4011, 4012, 4012, 4013, 4014, 4015, 4015, 4015, 4016, 4017, 4017
timesteps, 0, 1, 2, 3, 4, 5, 6, 7, 8, 9, 10, 11, 12, 13, 14, 15, 16, 17, 18, 19, 20, 21, 22, 23, 24, 25, 26, 27, 28, 29, 30, 31, 32, 33, 34, 35, 36, 37, 38, 39, 40, 41, 42, 43, 44, 45, 46, 47, 48, 49, 50, 51, 52, 53, 54, 55, 56, 57, 58, 59, 60, 61, 62, 63, 64, 65, 66, 67, 68, 69, 70, 71, 72, 73, 74, 75, 76, 77, 78, 79, 80, 81, 82, 83, 84, 85, 86, 87, 88, 89, 90, 91, 92, 93, 94, 95, 96, 97, 98, 99, 100, 101, 102, 103, 104, 105, 106, 107, 108, 109, 110, 111, 112, 113, 114, 116, 117, 119, 121, 122, 123, 124, 125, 127, 129, 130, 131, 132, 138, 140, 141, 142, 143, 145, 146, 147, 148, 151, 154, 172, 178
events, 58, 43, 37, 52, 45, 82, 109, 167, 177, 287, 317, 340, 403, 443, 476, 569, 586, 653, 643, 626, 548, 541, 509, 481, 469, 476, 430, 405, 403, 447, 437, 375, 338, 346, 372, 323, 298, 282, 273, 255, 258, 235, 222, 213, 185, 199, 181, 190, 156, 186, 125, 165, 141, 142, 124, 127, 117, 131, 98, 117, 104, 103, 96, 65, 59, 62, 60, 64, 67, 54, 36, 50, 60, 43, 35, 32, 38, 29, 16, 24, 41, 34, 25, 32, 18, 17, 13, 11, 7, 23, 18, 10, 13, 16, 20, 10, 8, 14, 17, 11, 11, 8, 6, 9, 8, 9, 8, 4, 4, 6, 3, 2, 3, 6, 3, 3, 1, 2, 1, 1, 3, 1, 5, 1, 1, 2, 2, 1, 1, 1, 2, 1, 1, 2, 1, 1, 1, 1, 1, 2, 2
sus, 4956, 4922, 4895, 4852, 4823, 4761, 4677, 4553, 4421, 4218, 4002, 3766, 3495, 3203, 2905, 2541, 2196, 1821, 1515, 1209, 1020, 842, 674, 542, 440, 370, 300, 233, 192, 141, 98, 79, 65, 51, 41, 26, 17, 14, 12, 10, 8, 5, 4, 2, 1, 0, 0, 0, 0, 0, 0, 0, 0, 0, 0, 0, 0, 0, 0, 0, 0, 0, 0, 0, 0, 0, 0, 0, 0, 0, 0, 0, 0, 0, 0, 0, 0, 0, 0, 0, 0, 0, 0, 0, 0, 0, 0, 0, 0, 0, 0, 0, 0, 0, 0, 0, 0, 0, 0, 0, 0, 0, 0, 0, 0, 0, 0, 0, 0, 0, 0, 0, 0, 0, 0, 0, 0, 0, 0, 0, 0, 0, 0, 0, 0, 0, 0, 0, 0, 0, 0, 0, 0, 0, 0, 0, 0, 0, 0, 0, 0
exp, 39, 66, 83, 119, 133, 179, 246, 342, 443, 583, 718, 870, 1044, 1236, 1400, 1627, 1805, 1998, 2076, 2191, 2165, 2124, 2103, 2059, 1984, 1885, 1789, 1719, 1603, 1498, 1395, 1299, 1202, 1112, 1021, 942, 878, 809, 760, 703, 643, 586, 541, 502, 473, 442, 410, 369, 348, 316, 300, 280, 259, 245, 225, 204, 185, 162, 155, 143, 129, 116, 105, 97, 90, 79, 72, 64, 56, 53, 48, 43, 36, 34, 34, 31, 29, 27, 25, 24, 22, 20, 18, 15, 14, 13, 12, 11, 11, 9, 9, 8, 8, 8, 7, 7, 7, 6, 6, 6, 5, 4, 4, 4, 4, 4, 4, 4, 4, 3, 3, 3, 3, 3, 3, 3, 3, 3, 3, 3, 2, 2, 2, 2, 2, 2, 2, 1, 1, 1, 1, 1, 1, 1, 0, 0, 0, 0, 0, 0, 0
inf, 13, 19, 29, 35, 49, 63, 73, 93, 116, 167, 237, 307, 382, 449, 556, 654, 780, 904, 1067, 1179, 1308, 1445, 1545, 1621, 1694, 1728, 1793, 1813, 1843, 1853, 1870, 1865, 1865, 1848, 1803, 1778, 1731, 1676, 1615, 1564, 1516, 1477, 1432, 1380, 1329, 1266, 1217, 1179, 1130, 1077, 1035, 974, 933, 878, 838, 801, 767, 729, 682, 641, 607, 569, 534, 515, 494, 479, 460, 436, 410, 385, 378, 352, 328, 306, 290, 275, 260, 248, 243, 229, 209, 194, 182, 170, 162, 155, 148, 143, 138, 130, 121, 117, 110, 101, 89, 84, 81, 74, 65, 59, 56, 53, 50, 46, 39, 36, 29, 29, 26, 25, 24, 22, 20, 17, 15, 14, 14, 13, 13, 12, 12, 11, 9, 9, 8, 7, 6, 7, 6, 5, 4, 4, 4, 3, 4, 3, 3, 2, 2, 1, 0
dead, 1, 0, 0, 0, 1, 0, 5, 6, 7, 9, 8, 10, 14, 22, 25, 29, 30, 39, 47, 61, 66, 66, 77, 86, 85, 84, 75, 88, 116, 133, 123, 100, 88, 85, 89, 89, 81, 93, 73, 77, 85, 92, 78, 75, 67, 73, 70, 65, 59, 61, 61, 65, 55, 48, 49, 50, 51, 53, 58, 51, 46, 44, 41, 33, 30, 27, 21, 18, 20, 20, 12, 20, 21, 20, 15, 18, 12, 9, 7, 13, 15, 13, 13, 10, 8, 3, 5, 6, 8, 7, 5, 4, 5, 5, 7, 6, 4, 6, 7, 6, 3, 4, 3, 1, 4, 1, 6, 2, 3, 1, 0, 1, 2, 2, 3, 2, 1, 1, 0, 1, 1, 2, 1, 0, 0, 0, 0, 0, 1, 2, 2, 1, 0, 0, 0, 1, 0, 1, 0, 0, 0
rec, 0, 1, 1, 1, 1, 2, 3, 3, 4, 5, 8, 14, 19, 26, 33, 39, 46, 57, 70, 85, 108, 128, 143, 161, 180, 214, 231, 251, 272, 307, 327, 349, 370, 387, 414, 438, 470, 505, 529, 551, 569, 588, 609, 628, 644, 662, 678, 692, 703, 717, 724, 737, 751, 768, 783, 792, 799, 811, 823, 831, 842, 856, 866, 871, 878, 882, 887, 898, 905, 910, 911, 920, 928, 936, 938, 942, 946, 950, 952, 953, 956, 960, 965, 969, 972, 977, 979, 980, 981, 981, 983, 985, 985, 987, 992, 993, 993, 994, 994, 996, 997, 997, 998, 999, 1002, 1002, 1003, 1003, 1004, 1005, 1005, 1006, 1006, 1006, 1006, 1006, 1006, 1006, 1006, 1006, 1006, 1006, 1006, 1006, 1007, 1007, 1007, 1007, 1007, 1007, 1007, 1007, 1007, 1007, 1007, 1007, 1007, 1007, 1007, 1007, 1007
rem, 1, 2, 2, 3, 3, 5, 6, 13, 19, 28, 37, 43, 56, 74, 91, 120, 153, 191, 235, 285, 343, 405, 468, 541, 627, 729, 822, 906, 984, 1078, 1197, 1318, 1420, 1527, 1642, 1737, 1833, 1913, 2021, 2105, 2189, 2262, 2346, 2423, 2496, 2567, 2635, 2705, 2770, 2839, 2890, 2954, 3012, 3071, 3115, 3163, 3208, 3255, 3292, 3344, 3386, 3425, 3464, 3494, 3518, 3543, 3570, 3594, 3619, 3642, 3661, 3675, 3697, 3714, 3733, 3744, 3763, 3776, 3783, 3791, 3808, 3823, 3832, 3846, 3854, 3862, 3866, 3870, 3872, 3883, 3892, 3896, 3902, 3909, 3915, 3920, 3925, 3930, 3938, 3943, 3949, 3952, 3955, 3960, 3961, 3967, 3968, 3972, 3973, 3976, 3978, 3978, 3979, 3982, 3983, 3985, 3986, 3987, 3988, 3988, 3989, 3989, 3992, 3993, 3993, 3994, 3995, 3995, 3995, 3995, 3996, 3997, 3998, 3999, 3999, 3999, 4000, 4000, 4001, 4002, 4003
timesteps, 0, 1, 2, 3, 4, 5, 6, 7, 8, 9, 10, 11, 12, 13, 14, 15, 16, 17, 18, 19, 20, 21, 22, 23, 24, 25, 26, 27, 28, 29, 30, 31, 32, 33, 34, 35, 36, 37, 38, 39, 40, 41, 42, 43, 44, 45, 46, 47, 48, 49, 50, 51, 52, 53, 54, 55, 56, 57, 58, 59, 60, 61, 62, 63, 64, 65, 66, 67, 68, 69, 70, 71, 72, 73, 74, 75, 76, 77, 78, 79, 80, 81, 82, 83, 84, 85, 86, 87, 88, 89, 90, 91, 92, 93, 94, 95, 96, 97, 98, 99, 100, 101, 102, 103, 104, 105, 106, 107, 108, 109, 110, 111, 112, 113, 114, 115, 116, 117, 118, 119, 120, 121, 122, 123, 124, 125, 126, 128, 129, 130, 135, 136, 137, 142, 143, 154, 156, 157, 158, 165, 167, 168, 182
events, 41, 25, 62, 49, 33, 65, 81, 77, 129, 166, 195, 220, 297, 394, 485, 465, 534, 607, 587, 590, 542, 552, 551, 429, 421, 456, 445, 456, 450, 452, 427, 411, 361, 390, 401, 345, 322, 325, 272, 300, 301, 262, 261, 279, 250, 219, 194, 203, 202, 159, 150, 146, 189, 150, 171, 132, 125, 118, 117, 99, 97, 103, 116, 91, 81, 79, 73, 79, 59, 70, 75, 63, 52, 38, 38, 36, 32, 41, 34, 31, 35, 37, 30, 31, 29, 28, 25, 13, 20, 23, 16, 29, 16, 13, 10, 13, 10, 4, 11, 11, 10, 23, 9, 12, 4, 9, 2, 4, 5, 6, 4, 5, 4, 4, 4, 4, 5, 6, 5, 5, 1, 1, 1, 3, 3, 2, 2, 1, 2, 1, 2, 2, 2, 1, 1, 1, 2, 1, 1, 1, 1, 2, 1
sus, 4963, 4942, 4891, 4850, 4836, 4788, 4728, 4677, 4585, 4475, 4338, 4191, 3981, 3712, 3376, 3078, 2760, 2391, 2058, 1749, 1500, 1271, 1067, 960, 846, 743, 649, 547, 456, 367, 298, 219, 169, 127, 83, 58, 44, 33, 23, 19, 13, 6, 3, 1, 0, 0, 0, 0, 0, 0, 0, 0, 0, 0, 0, 0, 0, 0, 0, 0, 0, 0, 0, 0, 0, 0, 0, 0, 0, 0, 0, 0, 0, 0, 0, 0, 0, 0, 0, 0, 0, 0, 0, 0, 0, 0, 0, 0, 0, 0, 0, 0, 0, 0, 0, 0, 0, 0, 0, 0, 0, 0, 0, 0, 0, 0, 0, 0, 0, 0, 0, 0, 0, 0, 0, 0, 0, 0, 0, 0, 0, 0, 0, 0, 0, 0, 0, 0, 0, 0, 0, 0, 0, 0, 0, 0, 0, 0, 0, 0, 0, 0, 0
exp, 33, 51, 92, 126, 121, 154, 200, 227, 293, 365, 457, 551, 696, 875, 1103, 1285, 1451, 1663, 1842, 1959, 2025, 2045, 2076, 2000, 1950, 1862, 1797, 1741, 1681, 1607, 1525, 1496, 1430, 1344, 1271, 1188, 1092, 1019, 960, 890, 824, 772, 714, 649, 612, 574, 535, 492, 444, 411, 381, 357, 317, 298, 267, 244, 220, 203, 184, 166, 157, 151, 136, 122, 113, 103, 97, 86, 81, 70, 64, 55, 53, 50, 45, 42, 35, 34, 32, 29, 24, 21, 19, 18, 18, 15, 15, 14, 14, 12, 11, 10, 10, 10, 9, 9, 9, 8, 8, 7, 7, 6, 6, 5, 5, 5, 4, 3, 3, 3, 2, 2, 2, 2, 2, 2, 2, 2, 1, 1, 1, 1, 1, 1, 0, 0, 0, 0, 0, 0, 0, 0, 0, 0, 0, 0, 0, 0, 0, 0, 0, 0, 0
inf, 14, 16, 25, 32, 51, 65, 75, 98, 117, 144, 182, 222, 274, 340, 423, 512, 620, 732, 830, 968, 1089, 1223, 1302, 1400, 1484, 1582, 1631, 1685, 1718, 1768, 1790, 1776, 1785, 1788, 1777, 1761, 1767, 1720, 1683, 1625, 1590, 1536, 1495, 1443, 1370, 1310, 1263, 1221, 1187, 1149, 1115, 1066, 1026, 970, 932, 898, 860, 820, 787, 762, 723, 675, 632, 606, 576, 548, 523, 492, 464, 447, 416, 394, 368, 356, 344, 327, 318, 295, 283, 270, 259, 243, 230, 215, 203, 188, 173, 168, 158, 151, 142, 127, 119, 112, 108, 102, 97, 97, 89, 83, 76, 64, 60, 56, 54, 48, 48, 48, 45, 42, 42, 39, 36, 34, 32, 29, 26, 24, 23, 19, 18, 18, 17, 15, 15, 14, 13, 12, 11, 10, 9, 7, 7, 6, 6, 5, 4, 3, 3, 2, 2, 1, 0
dead, 0, 0, 1, 0, 0, 0, 1, 1, 2, 4, 5, 5, 8, 12, 18, 14, 31, 33, 37, 47, 45, 59, 57, 70, 69, 74, 87, 73, 77, 81, 105, 91, 93, 99, 93, 102, 90, 100, 96, 109, 84, 96, 82, 88, 71, 71, 71, 67, 58, 63, 61, 69, 62, 67, 53, 49, 56, 54, 46, 41, 41, 39, 36, 29, 28, 27, 16, 22, 31, 23, 23, 20, 22, 15, 14, 15, 16, 17, 13, 16, 14, 14, 14, 14, 9, 15, 17, 16, 14, 11, 11, 9, 9, 7, 8, 5, 3, 1, 2, 5, 6, 8, 6, 4, 4, 4, 5, 3, 4, 3, 1, 1, 2, 2, 1, 3, 3, 1, 0, 0, 1, 0, 0, 1, 0, 0, 0, 0, 0, 0, 0, 2, 0, 1, 0, 1, 1, 1, 0, 1, 0, 0, 0
rec, 0, 1, 1, 1, 1, 1, 1, 1, 3, 5, 5, 11, 12, 21, 24, 31, 38, 45, 53, 62, 78, 100, 116, 134, 152, 171, 186, 212, 236, 258, 285, 319, 336, 360, 382, 409, 431, 453, 476, 505, 521, 539, 560, 582, 610, 625, 642, 656, 675, 686, 696, 712, 730, 744, 756, 765, 781, 796, 810, 820, 828, 841, 859, 869, 876, 884, 890, 900, 903, 908, 913, 924, 928, 930, 932, 938, 944, 951, 951, 952, 956, 960, 962, 964, 964, 969, 972, 973, 975, 975, 980, 986, 986, 989, 989, 991, 993, 994, 998, 999, 1002, 1004, 1005, 1006, 1006, 1009, 1009, 1010, 1010, 1011, 1012, 1013, 1014, 1014, 1015, 1015, 1016, 1016, 1017, 1020, 1020, 1020, 1021, 1021, 1022, 1022, 1022, 1023, 1023, 1024, 1024, 1024, 1024, 1024, 1024, 1024, 1024, 1025, 1025, 1025, 1025, 1025, 1026
rem, 0, 0, 0, 1, 1, 2, 5, 6, 10, 17, 23, 30, 39, 50, 66, 90, 110, 146, 190, 225, 273, 312, 392, 446, 509, 578, 660, 752, 842, 929, 1007, 1109, 1197, 1292, 1404, 1492, 1586, 1685, 1772, 1862, 1978, 2061, 2156, 2247, 2347, 2430, 2499, 2574, 2646, 2701, 2757, 2806, 2875, 2931, 3002, 3054, 3093, 3137, 3183, 3221, 3261, 3304, 3347, 3384, 3417, 3448, 3484, 3510, 3531, 3562, 3594, 3617, 3639, 3659, 3675, 3688, 3697, 3713, 3731, 3743, 3757, 3772, 3785, 3799, 3816, 3823, 3833, 3839, 3849, 3861, 3866, 3878, 3886, 3892, 3896, 3903, 3908, 3910, 3913, 3916, 3919, 3928, 3933, 3939, 3941, 3944, 3944, 3946, 3948, 3951, 3953, 3955, 3956, 3958, 3960, 3961, 3963, 3967, 3969, 3970, 3970, 3971, 3971, 3972, 3973, 3974, 3975, 3975, 3976, 3976, 3977, 3977, 3979, 3979, 3980, 3980, 3981, 3981, 3982, 3982, 3983, 3984, 3984
timesteps, 0, 1, 2, 3, 4, 5, 6, 7, 8, 9, 10, 11, 12, 13, 14, 15, 16, 17, 18, 19, 20, 21, 22, 23, 24, 25, 26, 27, 28, 29, 30, 31, 32, 33, 34, 35, 36, 37, 38, 39, 40, 41, 42, 43, 44, 45, 46, 47, 48, 49, 50, 51, 52, 53, 54, 55, 56, 57, 58, 59, 60, 61, 62, 63, 64, 65, 66, 67, 68, 69, 70, 71, 72, 73, 74, 75, 76, 77, 78, 79, 80, 81, 82, 83, 84, 85, 86, 87, 88, 89, 90, 91, 92, 93, 94, 95, 96, 97, 98, 99, 100, 101, 102, 103, 104, 105, 106, 107, 108, 109, 110, 111, 112, 113, 114, 115, 116, 117, 118, 119, 121, 122, 125, 126, 127, 128, 129, 130, 131, 132, 135, 136, 137, 138, 140, 143, 154, 161, 163
events, 46, 52, 97, 87, 98, 107, 181, 188, 301, 273, 330, 440, 398, 503, 483, 438, 465, 521, 500, 526, 464, 494, 468, 408, 458, 408, 402, 398, 451, 382, 395, 395, 376, 346, 345, 352, 328, 288, 310, 271, 248, 266, 243, 227, 214, 238, 220, 180, 196, 193, 158, 134, 166, 148, 136, 123, 124, 119, 98, 88, 87, 105, 96, 86, 70, 76, 67, 74, 65, 50, 62, 51, 61, 38, 48, 39, 39, 32, 30, 25, 31, 29, 29, 36, 26, 32, 19, 22, 13, 18, 19, 11, 24, 8, 11, 8, 6, 12, 12, 12, 4, 15, 8, 3, 8, 5, 4, 10, 3, 5, 4, 5, 5, 7, 4, 1, 5, 3, 2, 2, 2, 3, 1, 1, 2, 3, 4, 3, 2, 2, 1, 1, 1, 2, 2, 2, 2, 1, 1
sus, 4956, 4911, 4830, 4767, 4696, 4630, 4488, 4371, 4142, 3964, 3732, 3426, 3189, 2893, 2604, 2362, 2116, 1866, 1642, 1411, 1216, 1073, 917, 821, 723, 618, 554, 468, 369, 309, 244, 184, 133, 98, 66, 47, 24, 16, 9, 4, 1, 0, 0, 0, 0, 0, 0, 0, 0, 0, 0, 0, 0, 0, 0, 0, 0, 0, 0, 0, 0, 0, 0, 0, 0, 0, 0, 0, 0, 0, 0, 0, 0, 0, 0, 0, 0, 0, 0, 0, 0, 0, 0, 0, 0, 0, 0, 0, 0, 0, 0, 0, 0, 0, 0, 0, 0, 0, 0, 0, 0, 0, 0, 0, 0, 0, 0, 0, 0, 0, 0, 0, 0, 0, 0, 0, 0, 0, 0, 0, 0, 0, 0, 0, 0, 0, 0, 0, 0, 0, 0, 0, 0, 0, 0, 0, 0, 0, 0
exp, 38, 77, 149, 192, 241, 273, 388, 444, 620, 718, 873, 1090, 1216, 1376, 1530, 1635, 1726, 1787, 1837, 1897, 1931, 1896, 1899, 1835, 1761, 1731, 1652, 1604, 1564, 1497, 1440, 1372, 1305, 1226, 1140, 1055, 996, 919, 840, 780, 717, 659, 598, 561, 506, 458, 418, 389, 350, 322, 296, 276, 250, 229, 215, 199, 185, 165, 152, 139, 129, 115, 106, 96, 88, 82, 76, 68, 63, 58, 52, 51, 46, 42, 36, 34, 34, 34, 34, 34, 32, 30, 27, 23, 21, 19, 18, 14, 14, 13, 8, 8, 8, 7, 6, 4, 3, 3, 3, 3, 3, 1, 1, 1, 1, 1, 1, 1, 1, 1, 1, 1, 1, 1, 1, 1, 1, 1, 1, 1, 1, 1, 1, 1, 1, 1, 1, 1, 1, 1, 1, 1, 0, 0, 0, 0, 0, 0, 0
inf, 16, 21, 25, 43, 63, 92, 112, 166, 207, 280, 343, 406, 486, 583, 683, 791, 906, 1044, 1151, 1248, 1346, 1419, 1476, 1548, 1610, 1648, 1683, 1719, 1737, 1758, 1751, 1769, 1773, 1771, 1781, 1762, 1719, 1697, 1659, 1621, 1592, 1534, 1502, 1435, 1396, 1341, 1290, 1242, 1197, 1130, 1082, 1046, 995, 948, 892, 850, 806, 769, 737, 709, 673, 634, 599, 572, 545, 512, 485, 459, 434, 415, 391, 366, 338, 328, 310, 293, 270, 257, 239, 228, 213, 199, 190, 177, 165, 151, 140, 134, 128, 120, 118, 113, 101, 97, 93, 91, 89, 81, 76, 71, 67, 61, 59, 58, 53, 52, 49, 44, 43, 40, 38, 34, 32, 29, 27, 26, 23, 22, 20, 19, 17, 15, 14, 14, 12, 11, 8, 7, 6, 5, 5, 4, 5, 4, 3, 2, 1, 0, 0
dead, 0, 1, 3, 2, 1, 2, 3, 5, 8, 6, 9, 14, 21, 26, 29, 18, 24, 29, 43, 52, 52, 62, 71, 74, 76, 87, 87, 79, 84, 79, 99, 89, 94, 104, 105, 110, 112, 108, 114, 94, 90, 101, 82, 84, 97, 91, 77, 69, 62, 66, 68, 56, 55, 50, 54, 48, 37, 41, 37, 31, 38, 39, 36, 30, 31, 30, 35, 28, 21, 21, 22, 18, 23, 16, 17, 13, 16, 8, 14, 10, 14, 15, 10, 11, 12, 11, 13, 11, 9, 7, 7, 4, 2, 5, 2, 4, 4, 7, 5, 3, 7, 8, 4, 2, 4, 1, 3, 3, 2, 2, 2, 4, 3, 1, 1, 1, 1, 0, 1, 0, 1, 0, 1, 0, 2, 1, 2, 1, 1, 1, 0, 0, 0, 0, 0, 0, 0, 1, 0
rec, 0, 0, 1, 2, 2, 4, 5, 7, 9, 10, 14, 16, 21, 23, 31, 41, 51, 66, 84, 99, 117, 144, 168, 189, 219, 234, 255, 281, 305, 327, 357, 380, 396, 421, 441, 453, 478, 501, 526, 551, 566, 583, 606, 622, 638, 660, 676, 687, 705, 726, 740, 750, 765, 779, 793, 808, 825, 836, 845, 858, 866, 880, 884, 888, 895, 904, 904, 913, 920, 923, 926, 932, 937, 938, 943, 948, 952, 954, 954, 955, 956, 960, 963, 964, 967, 970, 974, 978, 979, 982, 982, 984, 986, 986, 989, 989, 990, 991, 991, 991, 991, 993, 993, 994, 994, 994, 994, 994, 994, 995, 995, 996, 996, 997, 997, 998, 999, 999, 1000, 1001, 1002, 1004, 1004, 1004, 1004, 1004, 1005, 1005, 1005, 1005, 1005, 1006, 1006, 1006, 1006, 1006, 1006, 1006, 1006
rem, 0, 0, 2, 4, 7, 9, 14, 17, 24, 32, 39, 58, 77, 109, 133, 163, 187, 218, 253, 303, 348, 416, 479, 543, 621, 692, 779, 859, 951, 1040, 1119, 1216, 1309, 1390, 1477, 1583, 1681, 1769, 1862, 1960, 2044, 2133, 2222, 2308, 2373, 2460, 2549, 2623, 2696, 2766, 2824, 2882, 2945, 3004, 3056, 3105, 3157, 3199, 3239, 3273, 3304, 3342, 3385, 3424, 3451, 3482, 3510, 3542, 3572, 3593, 3619, 3643, 3666, 3686, 3704, 3722, 3738, 3757, 3769, 3783, 3795, 3806, 3820, 3835, 3845, 3859, 3865, 3873, 3880, 3888, 3895, 3901, 3913, 3915, 3920, 3922, 3924, 3928, 3935, 3942, 3942, 3947, 3953, 3955, 3958, 3962, 3963, 3968, 3970, 3972, 3974, 3975, 3978, 3982, 3984, 3984, 3986, 3988, 3988, 3989, 3989, 3990, 3990, 3991, 3991, 3993, 3994, 3996, 3997, 3998, 3999, 3999, 3999, 4000, 4001, 4002, 4003, 4003, 4004
timesteps, 0, 1, 2, 3, 4, 5, 6, 7, 8, 9, 10, 11, 12, 13, 14, 15, 16, 17, 18, 19, 20, 21, 22, 23, 24, 25, 26, 27, 28, 29, 30, 31, 32, 33, 34, 35, 36, 37, 38, 39, 40, 41, 42, 43, 44, 45, 46, 47, 48, 49, 50, 51, 52, 53, 54, 55, 56, 57, 58, 59, 60, 61, 62, 63, 64, 65, 66, 67, 68, 69, 70, 71, 72, 73, 74, 75, 76, 77, 78, 79, 80, 81, 82, 83, 84, 85, 86, 87, 88, 89, 90, 91, 92, 93, 94, 95, 96, 97, 98, 99, 100, 101, 102, 103, 104, 105, 106, 107, 108, 109, 110, 112, 113, 114, 115, 116, 117, 118, 119, 120, 122, 123, 124, 125, 127, 129, 130, 135, 136, 139, 140, 146, 147, 148, 152, 155, 160, 165, 166
events, 26, 36, 60, 43, 68, 87, 120, 98, 126, 205, 232, 309, 424, 444, 458, 558, 601, 535, 534, 539, 604, 594, 604, 562, 480, 504, 454, 455, 416, 383, 380, 381, 378, 330, 306, 350, 303, 299, 245, 297, 271, 276, 253, 247, 218, 228, 196, 202, 195, 175, 163, 167, 130, 122, 113, 129, 115, 113, 107, 109, 90, 96, 91, 101, 87, 73, 71, 71, 60, 49, 50, 40, 47, 37, 39, 55, 41, 43, 31, 33, 26, 23, 24, 16, 17, 19, 6, 27, 18, 18, 24, 17, 27, 17, 10, 15, 7, 15, 10, 6, 6, 9, 14, 8, 13, 1, 5, 3, 4, 5, 1, 3, 6, 3, 3, 1, 3, 2, 1, 2, 1, 4, 3, 1, 2, 5, 2, 2, 1, 1, 1, 2, 2, 2, 1, 1, 1, 1, 1
sus, 4976, 4945, 4900, 4866, 4815, 4750, 4660, 4587, 4510, 4361, 4192, 3978, 3681, 3369, 3064, 2721, 2346, 2052, 1783, 1517, 1219, 963, 732, 542, 431, 303, 227, 162, 116, 95, 74, 52, 34, 19, 9, 4, 0, 0, 0, 0, 0, 0, 0, 0, 0, 0, 0, 0, 0, 0, 0, 0, 0, 0, 0, 0, 0, 0, 0, 0, 0, 0, 0, 0, 0, 0, 0, 0, 0, 0, 0, 0, 0, 0, 0, 0, 0, 0, 0, 0, 0, 0, 0, 0, 0, 0, 0, 0, 0, 0, 0, 0, 0, 0, 0, 0, 0, 0, 0, 0, 0, 0, 0, 0, 0, 0, 0, 0, 0, 0, 0, 0, 0, 0, 0, 0, 0, 0, 0, 0, 0, 0, 0, 0, 0, 0, 0, 0, 0, 0, 0, 0, 0, 0, 0, 0, 0, 0, 0
exp, 24, 51, 82, 108, 146, 194, 261, 313, 348, 454, 574, 716, 916, 1130, 1326, 1511, 1754, 1879, 1975, 2054, 2173, 2225, 2254, 2235, 2153, 2108, 2008, 1911, 1787, 1675, 1538, 1437, 1338, 1259, 1174, 1070, 987, 892, 836, 771, 703, 644, 594, 538, 498, 458, 419, 383, 359, 327, 299, 278, 254, 238, 214, 194, 179, 162, 144, 125, 119, 111, 96, 87, 79, 70, 67, 60, 54, 52, 48, 44, 39, 38, 37, 28, 26, 25, 22, 19, 17, 15, 13, 12, 12, 11, 11, 9, 7, 6, 6, 5, 4, 4, 4, 3, 3, 3, 3, 3, 1, 1, 1, 0, 0, 0, 0, 0, 0, 0, 0, 0, 0, 0, 0, 0, 0, 0, 0, 0, 0, 0, 0, 0, 0, 0, 0, 0, 0, 0, 0, 0, 0, 0, 0, 0, 0, 0, 0
inf, 10, 13, 26, 34, 45, 59, 77, 96, 133, 168, 210, 267, 344, 425, 506, 626, 705, 826, 953, 1088, 1189, 1319, 1420, 1543, 1626, 1689, 1750, 1776, 1840, 1844, 1883, 1872, 1852, 1828, 1818, 1794, 1765, 1744, 1689, 1626, 1583, 1515, 1460, 1412, 1360, 1303, 1259, 1206, 1141, 1096, 1051, 993, 959, 920, 893, 853, 810, 775, 740, 707, 675, 631, 603, 561, 528, 499, 466, 442, 422, 401, 375, 358, 340, 322, 298, 285, 266, 249, 238, 222, 210, 203, 194, 189, 178, 170, 168, 156, 150, 142, 127, 117, 105, 97, 91, 83, 81, 73, 67, 64, 64, 57, 51, 48, 42, 42, 39, 36, 34, 33, 32, 31, 28, 26, 24, 23, 22, 21, 21, 19, 18, 15, 13, 13, 13, 10, 9, 7, 7, 6, 6, 5, 4, 3, 2, 2, 1, 0, 0
dead, 0, 1, 2, 1, 1, 2, 5, 3, 3, 5, 4, 6, 15, 11, 16, 28, 32, 48, 39, 40, 55, 57, 68, 60, 77, 73, 80, 92, 82, 86, 101, 97, 107, 100, 84, 84, 80, 77, 86, 87, 84, 105, 91, 95, 89, 79, 71, 70, 56, 59, 56, 52, 46, 39, 42, 37, 42, 39, 46, 48, 34, 42, 41, 38, 32, 37, 34, 29, 17, 13, 22, 23, 22, 20, 26, 21, 19, 11, 10, 13, 15, 12, 8, 5, 7, 6, 4, 7, 6, 3, 7, 12, 9, 6, 7, 8, 4, 4, 5, 4, 4, 7, 4, 3, 1, 0, 1, 3, 3, 0, 1, 0, 0, 0, 1, 2, 1, 1, 0, 1, 1, 3, 3, 2, 0, 0, 0, 1, 0, 1, 0, 0, 0, 0, 1, 0, 0, 1, 0
rec, 0, 0, 0, 0, 0, 0, 0, 2, 5, 6, 7, 12, 13, 17, 24, 31, 39, 47, 56, 73, 87, 99, 119, 136, 163, 184, 205, 237, 259, 284, 306, 342, 363, 385, 410, 440, 464, 495, 519, 542, 564, 580, 601, 614, 626, 642, 659, 672, 693, 701, 715, 731, 747, 758, 768, 784, 795, 806, 816, 828, 834, 842, 853, 866, 875, 882, 889, 892, 902, 905, 910, 915, 920, 924, 930, 933, 938, 940, 941, 946, 948, 948, 952, 952, 955, 956, 956, 956, 957, 961, 963, 964, 967, 969, 970, 973, 974, 975, 976, 977, 977, 979, 980, 982, 983, 983, 983, 984, 984, 984, 984, 984, 984, 985, 985, 985, 985, 985, 985, 986, 987, 987, 988, 988, 988, 989, 989, 990, 990, 990, 990, 990, 990, 990, 990, 990, 991, 991, 991
rem, 0, 0, 0, 1, 3, 5, 7, 9, 11, 16, 23, 31, 41, 58, 74, 93, 134, 158, 204, 238, 287, 347, 417, 494, 560, 653, 740, 832, 926, 1026, 1108, 1210, 1316, 1419, 1515, 1618, 1714, 1802, 1880, 1984, 2076, 2166, 2264, 2351, 2437, 2528, 2602, 2679, 2761, 2827, 2889, 2956, 3004, 3055, 3093, 3142, 3184, 3228, 3264, 3302, 3348, 3384, 3417, 3458, 3496, 3522, 3554, 3587, 3615, 3639, 3655, 3670, 3689, 3706, 3719, 3743, 3761, 3785, 3799, 3810, 3820, 3832, 3843, 3852, 3858, 3867, 3871, 3882, 3890, 3898, 3907, 3912, 3925, 3934, 3938, 3943, 3948, 3955, 3959, 3962, 3964, 3966, 3974, 3977, 3984, 3985, 3987, 3987, 3989, 3993, 3993, 3995, 3998, 3999, 4000, 4000, 4002, 4003, 4004, 4004, 4004, 4005, 4006, 4007, 4009, 4011, 4012, 4012, 4013, 4013, 4014, 4015, 4016, 4017, 4017, 4018, 4018, 4018, 4019
timesteps, 0, 1, 2, 3, 4, 5, 6, 7, 8, 9, 10, 11, 12, 13, 14, 15, 16, 17, 18, 19, 20, 21, 22, 23, 24, 25, 26, 27, 28, 29, 30, 31, 32, 33, 34, 35, 36, 37, 38, 39, 40, 41, 42, 43, 44, 45, 46, 47, 48, 49, 50, 51, 52, 53, 54, 55, 56, 57, 58, 59, 60, 61, 62, 63, 64, 65, 66, 67, 68, 69, 70, 71, 72, 73, 74, 75, 76, 77, 78, 79, 80, 81, 82, 83, 84, 85, 86, 87, 88, 89, 90, 91, 92, 93, 94, 95, 96, 97, 98, 99, 100, 101, 102, 103, 104, 105, 106, 107, 108, 109, 110, 111, 112, 113, 114, 115, 117, 118, 119, 120, 121, 122, 124, 128, 129, 130, 134, 135, 138, 141, 152, 153, 155
events, 39, 23, 50, 31, 85, 72, 83, 135, 183, 263, 274, 293, 321, 387, 415, 455, 481, 420, 473, 467, 520, 503, 471, 479, 473, 511, 470, 463, 416, 460, 422, 369, 381, 313, 330, 335, 312, 341, 293, 285, 263, 293, 263, 280, 245, 217, 224, 211, 193, 176, 165, 179, 159, 176, 136, 151, 152, 120, 145, 129, 104, 112, 94, 104, 93, 100, 103, 82, 82, 80, 69, 46, 63, 54, 53, 50, 41, 36, 43, 35, 27, 41, 48, 29, 23, 21, 17, 25, 19, 26, 24, 16, 14, 17, 23, 8, 13, 8, 15, 9, 12, 9, 13, 9, 10, 12, 8, 10, 6, 6, 9, 12, 1, 10, 2, 4, 6, 3, 2, 4, 1, 4, 2, 1, 2, 2, 1, 4, 2, 1, 1, 1, 2
sus, 4969, 4949, 4910, 4888, 4823, 4769, 4717, 4616, 4481, 4281, 4079, 3887, 3673, 3422, 3152, 2887, 2613, 2388, 2156, 1954, 1719, 1488, 1308, 1133, 973, 822, 680, 554, 476, 398, 342, 307, 271, 241, 222, 215, 205, 197, 182, 162, 148, 127, 106, 80, 63, 54, 39, 28, 19, 16, 9, 7, 6, 5, 3, 3, 1, 0, 0, 0, 0, 0, 0, 0, 0, 0, 0, 0, 0, 0, 0, 0, 0, 0, 0, 0, 0, 0, 0, 0, 0, 0, 0, 0, 0, 0, 0, 0, 0, 0, 0, 0, 0, 0, 0, 0, 0, 0, 0, 0, 0, 0, 0, 0, 0, 0, 0, 0, 0, 0, 0, 0, 0, 0, 0, 0, 0, 0, 0, 0, 0, 0, 0, 0, 0, 0, 0, 0, 0, 0, 0, 0, 0
exp, 30, 47, 77, 90, 138, 178, 204, 282, 378, 534, 684, 796, 926, 1077, 1244, 1381, 1517, 1616, 1689, 1715, 1798, 1872, 1896, 1899, 1898, 1881, 1860, 1824, 1756, 1673, 1599, 1490, 1385, 1306, 1210, 1114, 1045, 962, 909, 853, 792, 749, 709, 670, 633, 596, 563, 518, 489, 460, 437, 410, 372, 344, 326, 303, 278, 260, 230, 206, 194, 170, 160, 142, 129, 118, 107, 95, 88, 81, 73, 69, 63, 58, 56, 51, 47, 42, 38, 35, 32, 28, 27, 23, 23, 22, 21, 19, 19, 16, 15, 14, 12, 11, 10, 9, 8, 7, 6, 6, 5, 5, 5, 5, 5, 5, 5, 5, 4, 3, 3, 2, 2, 2, 2, 2, 1, 1, 1, 1, 1, 1, 0, 0, 0, 0, 0, 0, 0, 0, 0, 0, 0
inf, 9, 12, 20, 29, 44, 54, 79, 92, 126, 157, 198, 269, 338, 415, 494, 585, 682, 767, 879, 1002, 1080, 1170, 1252, 1347, 1418, 1475, 1544, 1607, 1638, 1674, 1676, 1718, 1748, 1762, 1765, 1740, 1696, 1650, 1611, 1582, 1558, 1498, 1462, 1430, 1391, 1347, 1304, 1279, 1240, 1199, 1151, 1098, 1076, 1028, 982, 933, 894, 856, 819, 786, 748, 721, 685, 662, 631, 597, 557, 533, 495, 464, 439, 423, 392, 371, 349, 330, 315, 304, 285, 268, 257, 244, 219, 211, 198, 188, 180, 168, 156, 149, 139, 132, 127, 119, 108, 104, 96, 95, 88, 83, 79, 72, 66, 62, 56, 49, 45, 38, 37, 34, 30, 27, 27, 22, 21, 19, 17, 15, 14, 12, 11, 9, 10, 9, 8, 7, 6, 4, 3, 2, 1, 1, 0
dead, 0, 0, 0, 0, 1, 4, 0, 6, 6, 10, 10, 5, 11, 14, 17, 25, 25, 26, 29, 37, 44, 51, 48, 53, 63, 75, 81, 89, 108, 108, 98, 93, 86, 80, 89, 91, 87, 100, 86, 86, 85, 94, 92, 77, 72, 69, 70, 71, 63, 55, 69, 64, 51, 46, 49, 50, 50, 52, 51, 55, 51, 50, 48, 39, 40, 31, 30, 24, 31, 25, 23, 19, 26, 26, 21, 21, 17, 14, 16, 19, 19, 12, 12, 9, 8, 7, 7, 9, 12, 9, 6, 6, 6, 5, 5, 7, 9, 6, 6, 5, 3, 7, 6, 4, 4, 5, 4, 5, 4, 7, 6, 3, 2, 2, 1, 1, 1, 1, 1, 0, 1, 1, 0, 1, 0, 0, 0, 0, 0, 0, 1, 0, 0
rec, 1, 1, 1, 1, 1, 2, 3, 6, 7, 10, 12, 14, 15, 22, 25, 29, 42, 54, 63, 72, 80, 92, 108, 125, 143, 161, 178, 193, 212, 241, 271, 290, 315, 337, 356, 385, 412, 431, 449, 470, 495, 526, 541, 561, 578, 599, 619, 636, 652, 665, 679, 700, 716, 729, 744, 759, 768, 780, 800, 805, 817, 832, 842, 847, 854, 864, 875, 883, 891, 900, 907, 909, 919, 922, 924, 927, 932, 936, 941, 946, 950, 954, 959, 961, 965, 968, 970, 973, 975, 975, 977, 978, 980, 983, 985, 986, 990, 990, 992, 994, 995, 996, 996, 997, 999, 1000, 1001, 1004, 1004, 1004, 1004, 1004, 1004, 1004, 1005, 1005, 1006, 1007, 1007, 1008, 1008, 1008, 1008, 1008, 1009, 1009, 1010, 1010, 1010, 1011, 1011, 1011, 1011
rem, 1, 1, 2, 2, 3, 3, 7, 8, 12, 18, 27, 39, 47, 60, 78, 103, 131, 159, 194, 230, 289, 337, 398, 453, 515, 596, 667, 743, 820, 916, 1024, 1112, 1205, 1284, 1368, 1465, 1565, 1670, 1773, 1857, 1932, 2016, 2100, 2192, 2273, 2345, 2415, 2478, 2547, 2615, 2665, 2731, 2789, 2858, 2906, 2962, 3019, 3062, 3110, 3158, 3200, 3237, 3275, 3320, 3356, 3400, 3441, 3475, 3505, 3540, 3568, 3590, 3610, 3633, 3660, 3681, 3699, 3714, 3730, 3742, 3752, 3772, 3793, 3806, 3816, 3825, 3832, 3841, 3848, 3861, 3873, 3880, 3885, 3892, 3902, 3904, 3907, 3912, 3918, 3922, 3928, 3930, 3937, 3942, 3946, 3951, 3955, 3958, 3961, 3962, 3967, 3974, 3975, 3980, 3981, 3983, 3985, 3986, 3987, 3989, 3989, 3991, 3992, 3992, 3993, 3994, 3994, 3996, 3997, 3997, 3997, 3998, 3999
timesteps, 0, 1, 2, 3, 4, 5, 6, 7, 8, 9, 10, 11, 12, 13, 14, 15, 16, 17, 18, 19, 20, 21, 22, 23, 24, 25, 26, 27, 28, 29, 30, 31, 32, 33, 34, 35, 36, 37, 38, 39, 40, 41, 42, 43, 44, 45, 46, 47, 48, 49, 50, 51, 52, 53, 54, 55, 56, 57, 58, 59, 60, 61, 62, 63, 64, 65, 66, 67, 68, 69, 70, 71, 72, 73, 74, 75, 76, 77, 78, 79, 80, 81, 82, 83, 84, 85, 86, 87, 88, 89, 90, 91, 92, 93, 94, 95, 96, 97, 98, 99, 100, 101, 102, 103, 104, 105, 106, 107, 108, 109, 110, 111, 112, 113, 114, 115, 117, 118, 119, 120, 121, 127, 128, 131, 132, 136, 137, 138, 139, 140, 141, 147, 148, 178, 180
events, 41, 37, 54, 86, 67, 96, 107, 134, 230, 260, 278, 386, 432, 531, 511, 526, 577, 647, 572, 513, 479, 510, 500, 465, 472, 460, 442, 458, 449, 421, 390, 368, 327, 372, 314, 330, 317, 294, 260, 244, 248, 239, 236, 223, 212, 217, 202, 184, 163, 183, 162, 137, 155, 139, 140, 115, 119, 133, 119, 108, 79, 77, 89, 66, 85, 58, 74, 71, 71, 62, 64, 51, 36, 53, 51, 52, 33, 35, 28, 29, 18, 31, 25, 24, 35, 38, 18, 11, 17, 22, 12, 12, 10, 13, 3, 13, 7, 13, 11, 15, 4, 4, 6, 7, 9, 3, 7, 9, 8, 5, 9, 5, 11, 2, 6, 3, 3, 1, 3, 4, 1, 3, 3, 1, 2, 2, 2, 4, 2, 3, 1, 3, 1, 1, 1
sus, 4957, 4923, 4883, 4816, 4767, 4697, 4620, 4526, 4359, 4175, 3975, 3696, 3409, 3040, 2736, 2443, 2119, 1777, 1513, 1319, 1144, 956, 811, 676, 562, 466, 352, 258, 190, 126, 81, 51, 37, 30, 21, 7, 2, 0, 0, 0, 0, 0, 0, 0, 0, 0, 0, 0, 0, 0, 0, 0, 0, 0, 0, 0, 0, 0, 0, 0, 0, 0, 0, 0, 0, 0, 0, 0, 0, 0, 0, 0, 0, 0, 0, 0, 0, 0, 0, 0, 0, 0, 0, 0, 0, 0, 0, 0, 0, 0, 0, 0, 0, 0, 0, 0, 0, 0, 0, 0, 0, 0, 0, 0, 0, 0, 0, 0, 0, 0, 0, 0, 0, 0, 0, 0, 0, 0, 0, 0, 0, 0, 0, 0, 0, 0, 0, 0, 0, 0, 0, 0, 0, 0, 0
exp, 41, 73, 100, 156, 192, 242, 293, 356, 477, 602, 745, 945, 1117, 1371, 1526, 1657, 1813, 1951, 2027, 2025, 2022, 2035, 1991, 1965, 1905, 1802, 1765, 1687, 1609, 1527, 1451, 1365, 1279, 1173, 1089, 1019, 934, 855, 792, 732, 672, 623, 562, 510, 471, 435, 398, 361, 335, 316, 288, 269, 243, 218, 200, 183, 168, 153, 139, 125, 109, 100, 90, 85, 75, 71, 65, 61, 57, 51, 46, 43, 39, 37, 32, 30, 28, 26, 26, 23, 20, 19, 15, 15, 12, 10, 8, 6, 6, 6, 6, 5, 4, 4, 4, 4, 3, 3, 3, 3, 3, 3, 3, 2, 1, 1, 1, 1, 1, 1, 1, 1, 1, 1, 1, 1, 1, 1, 1, 0, 0, 0, 0, 0, 0, 0, 0, 0, 0, 0, 0, 0, 0, 0, 0
inf, 12, 13, 25, 32, 42, 58, 82, 109, 144, 193, 239, 302, 399, 485, 601, 720, 835, 980, 1104, 1224, 1332, 1422, 1517, 1581, 1647, 1753, 1804, 1868, 1884, 1906, 1913, 1902, 1888, 1862, 1844, 1794, 1763, 1722, 1673, 1642, 1591, 1534, 1496, 1459, 1400, 1345, 1294, 1249, 1202, 1123, 1081, 1037, 996, 955, 907, 870, 825, 779, 737, 707, 683, 653, 624, 595, 559, 535, 503, 468, 435, 408, 381, 359, 345, 319, 301, 277, 261, 247, 230, 221, 216, 200, 195, 179, 166, 149, 143, 141, 128, 118, 111, 108, 105, 96, 95, 88, 87, 78, 73, 66, 65, 62, 59, 57, 54, 53, 49, 44, 40, 37, 34, 31, 24, 23, 21, 20, 19, 18, 16, 15, 15, 13, 12, 11, 10, 9, 8, 5, 4, 3, 3, 1, 1, 0, 0
dead, 0, 1, 2, 1, 2, 4, 4, 3, 7, 9, 6, 10, 13, 20, 19, 28, 38, 41, 35, 51, 57, 61, 66, 69, 81, 85, 89, 90, 97, 111, 93, 100, 98, 98, 89, 95, 96, 104, 103, 84, 95, 93, 92, 85, 83, 73, 64, 68, 63, 83, 70, 62, 53, 56, 51, 49, 53, 47, 41, 29, 34, 35, 25, 23, 31, 25, 27, 26, 25, 26, 25, 20, 17, 18, 15, 14, 16, 10, 15, 11, 10, 11, 7, 12, 9, 10, 7, 5, 12, 9, 10, 7, 4, 6, 5, 6, 3, 7, 6, 5, 3, 5, 4, 3, 3, 2, 3, 4, 4, 5, 2, 3, 4, 4, 2, 1, 0, 1, 1, 1, 0, 1, 0, 1, 1, 0, 0, 2, 2, 1, 0, 1, 0, 1, 0
rec, 0, 0, 0, 1, 1, 1, 1, 1, 2, 3, 7, 7, 10, 14, 23, 29, 40, 54, 68, 81, 89, 108, 125, 147, 167, 184, 203, 226, 244, 267, 289, 314, 331, 357, 376, 406, 425, 450, 478, 495, 518, 542, 566, 580, 605, 616, 636, 649, 663, 675, 694, 710, 724, 739, 754, 766, 778, 788, 801, 807, 819, 828, 837, 846, 855, 863, 869, 881, 889, 898, 904, 911, 918, 922, 925, 928, 931, 936, 937, 939, 941, 944, 945, 948, 951, 952, 955, 956, 958, 959, 960, 960, 962, 965, 965, 965, 966, 967, 967, 967, 967, 967, 968, 969, 969, 969, 969, 969, 969, 969, 969, 969, 971, 971, 971, 971, 971, 971, 972, 973, 973, 973, 973, 973, 973, 974, 974, 974, 974, 974, 974, 974, 974, 974, 974
rem, 0, 0, 0, 4, 6, 8, 10, 15, 21, 28, 38, 50, 62, 80, 105, 133, 165, 207, 263, 310, 366, 428, 500, 572, 648, 720, 797, 881, 986, 1073, 1183, 1278, 1377, 1490, 1591, 1689, 1790, 1879, 1964, 2057, 2134, 2218, 2294, 2376, 2451, 2541, 2618, 2683, 2747, 2813, 2877, 2932, 2994, 3042, 3098, 3142, 3186, 3243, 3292, 3342, 3365, 3394, 3434, 3461, 3490, 3516, 3546, 3574, 3604, 3627, 3654, 3677, 3691, 3714, 3737, 3761, 3774, 3791, 3802, 3816, 3823, 3836, 3848, 3856, 3872, 3889, 3897, 3902, 3906, 3918, 3923, 3930, 3935, 3939, 3941, 3947, 3951, 3955, 3961, 3969, 3972, 3973, 3976, 3979, 3983, 3985, 3988, 3992, 3996, 3998, 4004, 4006, 4010, 4011, 4015, 4017, 4019, 4019, 4020, 4021, 4022, 4023, 4025, 4025, 4026, 4027, 4028, 4029, 4030, 4032, 4033, 4034, 4035, 4035, 4036
timesteps, 0, 1, 2, 3, 4, 5, 6, 7, 8, 9, 10, 11, 12, 13, 14, 15, 16, 17, 18, 19, 20, 21, 22, 23, 24, 25, 26, 27, 28, 29, 30, 31, 32, 33, 34, 35, 36, 37, 38, 39, 40, 41, 42, 43, 44, 45, 46, 47, 48, 49, 50, 51, 52, 53, 54, 55, 56, 57, 58, 59, 60, 61, 62, 63, 64, 65, 66, 67, 68, 69, 70, 71, 72, 73, 74, 75, 76, 77, 78, 79, 80, 81, 82, 83, 84, 85, 86, 87, 88, 89, 90, 91, 92, 93, 94, 95, 96, 97, 98, 99, 100, 101, 102, 103, 104, 105, 106, 107, 108, 109, 110, 111, 112, 113, 114, 115, 116, 117, 118, 119, 120, 121, 122, 123, 124, 125, 126, 127, 128, 129, 130, 131, 132, 133, 134, 135, 136, 137, 138, 139, 140, 141, 142, 143, 144, 145, 146, 150, 152, 154, 155, 163, 165, 166, 171, 174, 178, 188, 190, 251, 254
events, 59, 39, 46, 48, 52, 74, 103, 107, 187, 154, 185, 225, 217, 228, 197, 221, 203, 196, 188, 215, 200, 187, 198, 190, 175, 178, 205, 172, 151, 155, 171, 185, 185, 184, 167, 231, 201, 205, 289, 281, 361, 348, 449, 403, 449, 443, 463, 414, 429, 383, 380, 361, 323, 327, 336, 288, 283, 274, 305, 260, 240, 259, 221, 215, 237, 209, 184, 195, 175, 171, 138, 147, 129, 116, 134, 120, 100, 98, 109, 97, 93, 97, 83, 74, 53, 60, 74, 73, 81, 47, 53, 51, 52, 52, 41, 35, 30, 34, 34, 36, 22, 27, 23, 22, 20, 15, 22, 11, 18, 20, 9, 14, 15, 13, 3, 10, 7, 10, 11, 17, 6, 4, 6, 5, 8, 3, 8, 5, 4, 5, 2, 6, 5, 6, 2, 5, 2, 5, 2, 2, 4, 2, 2, 3, 3, 1, 1, 1, 2, 3, 3, 1, 1, 1, 1, 1, 1, 1, 1, 1, 1
sus, 4955, 4923, 4884, 4851, 4814, 4758, 4680, 4612, 4485, 4372, 4249, 4097, 3959, 3830, 3736, 3651, 3576, 3508, 3453, 3393, 3339, 3286, 3247, 3199, 3163, 3137, 3087, 3051, 3028, 3003, 2970, 2933, 2891, 2852, 2804, 2707, 2631, 2547, 2417, 2306, 2119, 1949, 1718, 1526, 1297, 1079, 886, 731, 577, 454, 345, 259, 196, 144, 107, 81, 61, 39, 17, 5, 4, 2, 0, 0, 0, 0, 0, 0, 0, 0, 0, 0, 0, 0, 0, 0, 0, 0, 0, 0, 0, 0, 0, 0, 0, 0, 0, 0, 0, 0, 0, 0, 0, 0, 0, 0, 0, 0, 0, 0, 0, 0, 0, 0, 0, 0, 0, 0, 0, 0, 0, 0, 0, 0, 0, 0, 0, 0, 0, 0, 0, 0, 0, 0, 0, 0, 0, 0, 0, 0, 0, 0, 0, 0, 0, 0, 0, 0, 0, 0, 0, 0, 0, 0, 0, 0, 0, 0, 0, 0, 0, 0, 0, 0, 0, 0, 0, 0, 0, 0, 0
exp, 42, 67, 100, 121, 143, 186, 243, 277, 358, 439, 519, 620, 705, 769, 789, 778, 779, 772, 752, 740, 723, 711, 670, 660, 635, 587, 580, 567, 539, 521, 506, 499, 497, 497, 502, 550, 574, 591, 668, 703, 825, 912, 1035, 1118, 1240, 1337, 1403, 1432, 1462, 1457, 1442, 1394, 1332, 1269, 1197, 1109, 1032, 967, 893, 836, 750, 690, 622, 565, 521, 480, 439, 395, 357, 329, 305, 282, 256, 231, 205, 186, 177, 167, 149, 127, 115, 109, 98, 88, 80, 77, 70, 63, 57, 55, 50, 46, 39, 38, 38, 36, 31, 28, 26, 24, 22, 21, 19, 18, 18, 16, 16, 15, 14, 13, 13, 13, 13, 13, 11, 11, 10, 10, 10, 9, 9, 7, 6, 6, 4, 4, 3, 3, 2, 2, 2, 1, 0, 0, 0, 0, 0, 0, 0, 0, 0, 0, 0, 0, 0, 0, 0, 0, 0, 0, 0, 0, 0, 0, 0, 0, 0, 0, 0, 0, 0
inf, 10, 17, 22, 33, 48, 57, 74, 107, 142, 170, 204, 241, 278, 322, 377, 452, 494, 540, 581, 602, 630, 654, 692, 699, 717, 749, 744, 746, 755, 751, 750, 734, 722, 705, 708, 709, 719, 755, 746, 767, 771, 804, 850, 905, 944, 1002, 1048, 1099, 1137, 1194, 1235, 1297, 1341, 1371, 1376, 1406, 1412, 1404, 1393, 1361, 1359, 1314, 1297, 1268, 1210, 1159, 1121, 1085, 1052, 1004, 968, 925, 896, 872, 840, 798, 756, 717, 687, 669, 634, 591, 567, 543, 526, 499, 462, 429, 399, 373, 349, 332, 315, 288, 265, 249, 240, 227, 211, 195, 184, 171, 162, 155, 143, 140, 125, 121, 114, 104, 100, 93, 86, 80, 82, 76, 73, 68, 61, 54, 51, 52, 50, 48, 47, 45, 41, 39, 40, 38, 37, 34, 33, 29, 28, 25, 24, 21, 20, 20, 17, 16, 14, 13, 11, 10, 10, 10, 9, 7, 6, 5, 5, 4, 3, 3, 2, 1, 1, 0, 0
dead, 1, 1, 1, 0, 0, 1, 5, 2, 8, 7, 5, 6, 8, 10, 15, 13, 19, 20, 21, 32, 29, 35, 32, 42, 42, 38, 48, 45, 39, 41, 39, 43, 51, 41, 36, 37, 34, 33, 41, 48, 46, 38, 42, 41, 54, 64, 68, 67, 67, 63, 60, 52, 67, 66, 67, 68, 70, 74, 71, 73, 83, 79, 86, 83, 79, 75, 70, 67, 59, 59, 52, 48, 43, 41, 36, 42, 47, 46, 41, 39, 44, 39, 30, 28, 24, 20, 33, 35, 24, 30, 34, 21, 20, 21, 18, 14, 14, 14, 13, 8, 12, 10, 10, 5, 7, 4, 8, 7, 5, 7, 6, 6, 5, 2, 1, 1, 3, 2, 5, 4, 4, 4, 3, 2, 2, 3, 6, 5, 2, 0, 0, 3, 3, 1, 1, 2, 2, 2, 2, 0, 1, 1, 1, 0, 1, 2, 1, 0, 0, 1, 0, 1, 0, 0, 1, 0, 0, 1, 0, 1, 0
rec, 0, 0, 1, 1, 1, 3, 3, 3, 5, 5, 6, 11, 15, 21, 25, 29, 33, 37, 46, 54, 68, 75, 83, 91, 99, 109, 125, 135, 148, 153, 163, 175, 180, 196, 205, 215, 229, 238, 248, 257, 272, 285, 295, 302, 312, 324, 339, 357, 378, 392, 414, 425, 437, 448, 465, 484, 498, 519, 549, 570, 586, 609, 627, 644, 659, 679, 699, 711, 724, 733, 746, 758, 770, 779, 792, 807, 813, 824, 834, 841, 849, 861, 868, 874, 883, 890, 898, 910, 918, 923, 929, 937, 941, 945, 953, 960, 963, 964, 969, 976, 978, 982, 983, 983, 985, 985, 989, 990, 991, 992, 992, 992, 992, 994, 994, 996, 996, 997, 997, 998, 998, 998, 1000, 1000, 1000, 1000, 1000, 1000, 1000, 1001, 1001, 1001, 1001, 1005, 1005, 1005, 1005, 1006, 1006, 1006, 1007, 1007, 1009, 1009, 1009, 1009, 1009, 1009, 1009, 1009, 1009, 1009, 1009, 1010, 1010, 1010, 1011, 1011, 1011, 1011, 1011
rem, 2, 2, 2, 4, 4, 5, 5, 9, 12, 17, 27, 35, 45, 58, 68, 87, 109, 133, 157, 189, 221, 249, 286, 319, 354, 390, 426, 466, 501, 541, 582, 626, 669, 719, 755, 792, 823, 846, 890, 929, 977, 1022, 1070, 1118, 1163, 1204, 1266, 1324, 1389, 1450, 1514, 1583, 1637, 1712, 1798, 1862, 1937, 2007, 2087, 2165, 2228, 2316, 2378, 2450, 2541, 2617, 2681, 2752, 2818, 2885, 2939, 2997, 3045, 3087, 3137, 3177, 3217, 3256, 3299, 3334, 3368, 3410, 3447, 3477, 3497, 3524, 3547, 3573, 3612, 3629, 3648, 3674, 3695, 3718, 3736, 3751, 3762, 3777, 3791, 3807, 3814, 3826, 3836, 3849, 3857, 3865, 3872, 3877, 3886, 3894, 3899, 3906, 3914, 3921, 3922, 3926, 3928, 3933, 3937, 3945, 3948, 3949, 3951, 3954, 3957, 3958, 3960, 3963, 3966, 3969, 3970, 3971, 3973, 3975, 3976, 3978, 3979, 3981, 3982, 3984, 3985, 3986, 3986, 3988, 3989, 3989, 3990, 3991, 3992, 3993, 3995, 3995, 3996, 3996, 3996, 3997, 3997, 3997, 3998, 3998, 3999
timesteps, 0, 1, 2, 3, 4, 5, 6, 7, 8, 9, 10, 11, 12, 13, 14, 15, 16, 17, 18, 19, 20, 21, 22, 23, 24, 25, 26, 27, 28, 29, 30, 31, 32, 33, 34, 35, 36, 37, 38, 39, 40, 41, 42, 43, 44, 45, 46, 47, 48, 49, 50, 51, 52, 53, 54, 55, 56, 57, 58, 59, 60, 61, 62, 63, 64, 65, 66, 67, 68, 69, 70, 71, 72, 73, 74, 75, 76, 77, 78, 79, 80, 81, 82, 83, 84, 85, 86, 87, 88, 89, 90, 91, 92, 93, 94, 95, 96, 97, 98, 99, 100, 101, 102, 103, 104, 105, 106, 107, 108, 109, 110, 111, 112, 113, 114, 115, 117, 118, 119, 120, 121, 122, 123, 135, 136, 140, 142, 143, 144, 153
events, 16, 9, 13, 27, 39, 24, 41, 66, 99, 113, 169, 225, 290, 412, 433, 455, 545, 640, 633, 616, 726, 645, 622, 584, 572, 541, 493, 467, 465, 385, 398, 394, 355, 318, 373, 340, 323, 341, 307, 265, 246, 238, 238, 267, 232, 200, 224, 162, 187, 157, 177, 170, 150, 150, 138, 118, 126, 130, 78, 125, 111, 128, 89, 92, 95, 83, 84, 67, 59, 49, 54, 58, 58, 42, 44, 48, 39, 52, 38, 28, 24, 23, 34, 19, 25, 14, 18, 21, 21, 16, 15, 23, 13, 14, 8, 10, 12, 7, 5, 3, 5, 6, 11, 4, 5, 6, 5, 4, 1, 3, 6, 6, 3, 2, 2, 2, 3, 1, 2, 2, 1, 2, 2, 1, 1, 2, 1, 1, 1, 2
sus, 4991, 4984, 4974, 4952, 4923, 4907, 4877, 4829, 4756, 4668, 4545, 4372, 4154, 3858, 3556, 3245, 2890, 2478, 2100, 1756, 1339, 1026, 764, 549, 357, 227, 135, 73, 40, 28, 22, 15, 11, 11, 11, 8, 5, 2, 1, 0, 0, 0, 0, 0, 0, 0, 0, 0, 0, 0, 0, 0, 0, 0, 0, 0, 0, 0, 0, 0, 0, 0, 0, 0, 0, 0, 0, 0, 0, 0, 0, 0, 0, 0, 0, 0, 0, 0, 0, 0, 0, 0, 0, 0, 0, 0, 0, 0, 0, 0, 0, 0, 0, 0, 0, 0, 0, 0, 0, 0, 0, 0, 0, 0, 0, 0, 0, 0, 0, 0, 0, 0, 0, 0, 0, 0, 0, 0, 0, 0, 0, 0, 0, 0, 0, 0, 0, 0, 0, 0
exp, 14, 20, 27, 45, 66, 75, 96, 131, 187, 258, 343, 476, 640, 848, 1046, 1240, 1468, 1729, 1923, 2066, 2286, 2381, 2419, 2422, 2396, 2310, 2201, 2083, 1928, 1779, 1645, 1509, 1387, 1288, 1171, 1082, 993, 896, 817, 748, 690, 634, 593, 529, 489, 448, 404, 382, 349, 327, 293, 268, 244, 227, 204, 181, 171, 155, 146, 137, 126, 113, 105, 96, 84, 75, 68, 58, 53, 51, 45, 43, 38, 32, 29, 28, 23, 20, 19, 19, 18, 17, 16, 15, 13, 12, 11, 9, 9, 9, 9, 9, 6, 5, 4, 4, 4, 4, 4, 4, 4, 4, 4, 4, 3, 2, 1, 1, 1, 1, 1, 1, 0, 0, 0, 0, 0, 0, 0, 0, 0, 0, 0, 0, 0, 0, 0, 0, 0, 0
inf, 5, 5, 8, 11, 18, 25, 33, 43, 54, 66, 99, 133, 174, 244, 336, 434, 526, 634, 777, 937, 1063, 1211, 1359, 1476, 1593, 1693, 1771, 1826, 1883, 1923, 1917, 1923, 1934, 1912, 1880, 1834, 1805, 1766, 1723, 1693, 1650, 1611, 1538, 1484, 1417, 1377, 1324, 1270, 1217, 1165, 1124, 1069, 1024, 970, 929, 909, 848, 801, 773, 720, 676, 630, 598, 564, 522, 497, 462, 440, 420, 397, 376, 345, 322, 307, 288, 261, 250, 233, 215, 201, 192, 180, 162, 152, 140, 134, 124, 116, 102, 95, 86, 75, 71, 67, 65, 58, 52, 48, 45, 43, 39, 37, 32, 29, 29, 28, 27, 24, 23, 21, 18, 15, 15, 14, 13, 12, 11, 10, 9, 8, 7, 6, 5, 4, 4, 3, 2, 1, 1, 0
dead, 0, 0, 0, 1, 1, 0, 0, 1, 3, 3, 5, 4, 10, 15, 10, 17, 20, 23, 25, 24, 38, 51, 50, 58, 79, 93, 115, 113, 103, 106, 117, 122, 103, 97, 109, 111, 101, 112, 111, 91, 85, 66, 77, 93, 92, 81, 72, 71, 71, 71, 62, 61, 60, 55, 55, 36, 48, 49, 49, 46, 48, 44, 37, 30, 45, 33, 34, 34, 22, 17, 16, 20, 18, 21, 22, 28, 25, 15, 12, 9, 5, 5, 6, 9, 8, 7, 9, 8, 11, 8, 8, 7, 10, 6, 5, 6, 3, 2, 2, 3, 6, 4, 3, 5, 2, 1, 0, 0, 1, 2, 2, 1, 1, 1, 1, 1, 0, 0, 0, 0, 0, 0, 0, 1, 0, 0, 1, 1, 0, 0
rec, 0, 1, 1, 1, 1, 1, 1, 1, 2, 4, 4, 5, 7, 10, 12, 16, 20, 26, 35, 47, 63, 76, 93, 118, 137, 160, 184, 211, 239, 266, 295, 320, 344, 373, 403, 432, 456, 485, 506, 532, 552, 579, 599, 616, 639, 653, 676, 689, 707, 720, 736, 752, 765, 779, 792, 802, 816, 827, 832, 843, 851, 858, 864, 874, 884, 890, 896, 903, 911, 919, 926, 932, 937, 940, 942, 945, 946, 947, 951, 954, 955, 959, 963, 964, 970, 972, 975, 977, 981, 982, 985, 985, 986, 987, 987, 990, 993, 995, 996, 996, 996, 996, 996, 996, 997, 997, 998, 1000, 1000, 1000, 1000, 1001, 1001, 1001, 1001, 1001, 1001, 1002, 1002, 1002, 1003, 1003, 1003, 1003, 1003, 1003, 1003, 1004, 1004, 1004
rem, 0, 0, 0, 0, 1, 2, 3, 5, 8, 11, 14, 20, 25, 35, 50, 58, 86, 120, 150, 180, 221, 265, 325, 387, 448, 527, 604, 704, 817, 908, 1014, 1121, 1231, 1329, 1436, 1543, 1650, 1749, 1852, 1946, 2033, 2120, 2203, 2288, 2373, 2451, 2534, 2598, 2666, 2727, 2795, 2860, 2917, 2979, 3030, 3082, 3127, 3178, 3210, 3264, 3309, 3365, 3406, 3446, 3475, 3515, 3550, 3575, 3604, 3626, 3647, 3670, 3695, 3710, 3729, 3748, 3766, 3795, 3813, 3827, 3840, 3849, 3863, 3870, 3879, 3885, 3891, 3900, 3907, 3916, 3922, 3934, 3937, 3945, 3949, 3952, 3958, 3961, 3963, 3964, 3965, 3969, 3975, 3976, 3979, 3982, 3984, 3985, 3985, 3986, 3989, 3992, 3993, 3994, 3995, 3996, 3998, 3998, 3999, 4000, 4000, 4001, 4002, 4002, 4003, 4004, 4004, 4004, 4005, 4006
timesteps, 0, 1, 2, 3, 4, 5, 6, 7, 8, 9, 10, 11, 12, 13, 14, 15, 16, 17, 18, 19, 20, 21, 22, 23, 24, 25, 26, 27, 28, 29, 30, 31, 32, 33, 34, 35, 36, 37, 38, 39, 40, 41, 42, 43, 44, 45, 46, 47, 48, 49, 50, 51, 52, 53, 54, 55, 56, 57, 58, 59, 60, 61, 62, 63, 64, 65, 66, 67, 68, 69, 70, 71, 72, 73, 74, 75, 76, 77, 78, 79, 80, 81, 82, 83, 84, 85, 86, 87, 88, 89, 90, 91, 92, 93, 94, 95, 96, 97, 98, 99, 100, 101, 102, 103, 104, 105, 106, 107, 108, 109, 110, 111, 112, 113, 114, 115, 117, 118, 119, 120, 121, 122, 123, 124, 125, 127, 128, 129, 131, 132, 133, 134, 135, 136, 137, 138, 142, 143, 144, 146, 148, 151, 155, 156, 157, 160, 161, 177, 188, 190
events, 34, 21, 55, 48, 40, 81, 94, 92, 177, 186, 201, 188, 256, 304, 300, 370, 431, 354, 383, 401, 479, 518, 499, 518, 515, 521, 492, 522, 480, 500, 441, 429, 426, 421, 344, 372, 400, 341, 343, 329, 313, 305, 286, 263, 257, 248, 244, 273, 226, 198, 209, 173, 144, 140, 157, 143, 124, 149, 127, 131, 131, 105, 106, 96, 105, 90, 68, 67, 60, 78, 67, 73, 65, 49, 49, 35, 40, 36, 32, 46, 37, 37, 38, 27, 25, 37, 24, 26, 33, 19, 14, 19, 14, 11, 16, 11, 12, 24, 15, 13, 12, 7, 6, 7, 5, 9, 6, 9, 6, 3, 5, 3, 4, 2, 8, 3, 5, 3, 6, 2, 4, 1, 2, 2, 2, 1, 1, 2, 1, 1, 1, 3, 1, 3, 1, 3, 1, 1, 2, 2, 1, 1, 1, 1, 1, 1, 1, 1, 1, 1
sus, 4973, 4954, 4909, 4874, 4839, 4783, 4711, 4646, 4513, 4387, 4253, 4120, 3959, 3766, 3588, 3364, 3125, 2955, 2750, 2559, 2331, 2082, 1863, 1617, 1419, 1207, 1024, 819, 646, 493, 399, 315, 246, 187, 161, 130, 92, 66, 49, 30, 17, 10, 4, 2, 1, 0, 0, 0, 0, 0, 0, 0, 0, 0, 0, 0, 0, 0, 0, 0, 0, 0, 0, 0, 0, 0, 0, 0, 0, 0, 0, 0, 0, 0, 0, 0, 0, 0, 0, 0, 0, 0, 0, 0, 0, 0, 0, 0, 0, 0, 0, 0, 0, 0, 0, 0, 0, 0, 0, 0, 0, 0, 0, 0, 0, 0, 0, 0, 0, 0, 0, 0, 0, 0, 0, 0, 0, 0, 0, 0, 0, 0, 0, 0, 0, 0, 0, 0, 0, 0, 0, 0, 0, 0, 0, 0, 0, 0, 0, 0, 0, 0, 0, 0, 0, 0, 0, 0, 0, 0
exp, 26, 43, 81, 104, 134, 170, 224, 267, 367, 445, 532, 617, 710, 833, 927, 1059, 1183, 1240, 1332, 1381, 1461, 1544, 1597, 1690, 1704, 1766, 1789, 1836, 1856, 1841, 1766, 1705, 1618, 1546, 1469, 1370, 1270, 1190, 1108, 1033, 960, 871, 801, 729, 673, 609, 559, 512, 465, 428, 383, 354, 332, 313, 287, 255, 233, 214, 203, 191, 179, 164, 160, 147, 131, 119, 111, 99, 93, 82, 75, 66, 57, 52, 50, 48, 43, 41, 39, 31, 29, 27, 24, 22, 19, 18, 17, 15, 15, 15, 13, 13, 12, 12, 12, 12, 12, 9, 8, 7, 7, 7, 7, 7, 7, 6, 6, 6, 5, 4, 4, 3, 3, 3, 2, 2, 2, 2, 2, 2, 2, 2, 1, 1, 1, 1, 0, 0, 0, 0, 0, 0, 0, 0, 0, 0, 0, 0, 0, 0, 0, 0, 0, 0, 0, 0, 0, 0, 0, 0
inf, 10, 12, 17, 29, 34, 50, 66, 86, 110, 153, 189, 233, 284, 336, 393, 454, 519, 591, 666, 770, 860, 962, 1066, 1150, 1254, 1314, 1395, 1464, 1525, 1588, 1662, 1698, 1727, 1732, 1721, 1740, 1745, 1737, 1712, 1682, 1645, 1633, 1605, 1575, 1520, 1475, 1423, 1346, 1303, 1249, 1205, 1162, 1118, 1066, 1018, 990, 953, 905, 845, 790, 742, 710, 656, 622, 589, 563, 540, 526, 497, 470, 445, 420, 396, 376, 355, 338, 324, 306, 290, 277, 259, 243, 224, 213, 199, 183, 173, 162, 142, 133, 130, 121, 114, 109, 102, 96, 91, 83, 77, 71, 64, 61, 58, 54, 52, 49, 45, 41, 40, 39, 35, 36, 34, 33, 31, 29, 26, 23, 20, 20, 18, 18, 19, 17, 17, 16, 17, 16, 15, 15, 14, 12, 12, 10, 10, 9, 8, 7, 6, 5, 5, 4, 3, 3, 3, 2, 2, 1, 0, 0
dead, 0, 0, 1, 0, 0, 2, 1, 0, 7, 5, 6, 6, 12, 6, 17, 20, 32, 33, 35, 36, 36, 44, 43, 51, 63, 65, 61, 62, 74, 82, 80, 76, 106, 103, 89, 84, 103, 91, 95, 92, 97, 92, 77, 83, 80, 95, 88, 92, 72, 75, 73, 60, 51, 58, 57, 54, 55, 48, 59, 59, 46, 38, 40, 40, 37, 27, 23, 18, 23, 23, 23, 23, 26, 23, 17, 14, 14, 17, 16, 14, 16, 13, 15, 13, 22, 16, 12, 11, 15, 13, 11, 9, 11, 10, 8, 9, 6, 7, 5, 5, 5, 3, 3, 4, 3, 3, 4, 3, 1, 3, 5, 3, 2, 2, 1, 1, 2, 5, 4, 2, 2, 1, 0, 2, 0, 0, 0, 0, 1, 0, 1, 2, 1, 2, 1, 0, 1, 2, 1, 1, 0, 1, 2, 1, 0, 1, 0, 0, 1, 0
rec, 0, 0, 0, 0, 0, 1, 2, 2, 2, 2, 3, 4, 5, 6, 11, 16, 27, 37, 46, 53, 66, 83, 94, 105, 120, 139, 152, 170, 188, 211, 225, 247, 270, 294, 321, 337, 360, 391, 408, 443, 470, 489, 508, 523, 551, 574, 591, 609, 630, 648, 664, 677, 696, 710, 728, 740, 755, 766, 781, 796, 810, 822, 834, 845, 857, 865, 871, 873, 884, 893, 897, 901, 908, 917, 922, 930, 933, 936, 943, 949, 952, 956, 963, 966, 969, 973, 976, 979, 982, 983, 983, 984, 985, 985, 985, 985, 986, 986, 988, 990, 992, 993, 993, 993, 993, 993, 994, 994, 995, 995, 996, 996, 997, 997, 997, 998, 998, 998, 999, 999, 999, 999, 999, 999, 999, 1000, 1000, 1000, 1000, 1000, 1000, 1000, 1000, 1000, 1000, 1000, 1000, 1000, 1001, 1001, 1001, 1001, 1001, 1001, 1001, 1001, 1001, 1002, 1002, 1002
rem, 1, 1, 2, 3, 3, 4, 6, 9, 11, 18, 27, 30, 40, 63, 74, 97, 124, 154, 181, 211, 256, 295, 347, 397, 450, 519, 589, 659, 721, 795, 878, 969, 1043, 1148, 1249, 1349, 1440, 1535, 1638, 1730, 1821, 1915, 2015, 2098, 2185, 2257, 2349, 2451, 2540, 2610, 2685, 2757, 2813, 2863, 2920, 2971, 3014, 3077, 3122, 3174, 3233, 3276, 3320, 3356, 3396, 3436, 3465, 3494, 3513, 3542, 3570, 3600, 3623, 3642, 3666, 3680, 3696, 3710, 3722, 3739, 3754, 3771, 3784, 3796, 3801, 3820, 3832, 3843, 3856, 3866, 3873, 3883, 3888, 3894, 3903, 3908, 3915, 3925, 3932, 3937, 3942, 3946, 3949, 3952, 3955, 3959, 3961, 3966, 3969, 3969, 3970, 3972, 3974, 3975, 3979, 3980, 3982, 3982, 3985, 3987, 3989, 3990, 3991, 3991, 3993, 3993, 3993, 3994, 3994, 3995, 3995, 3996, 3997, 3998, 3999, 4001, 4001, 4001, 4002, 4003, 4004, 4004, 4004, 4005, 4006, 4006, 4007, 4007, 4007, 4008
timesteps, 0, 1, 2, 3, 4, 5, 6, 7, 8, 9, 10, 11, 12, 13, 14, 15, 16, 17, 18, 19, 20, 21, 22, 23, 24, 25, 26, 27, 28, 29, 30, 31, 32, 33, 34, 35, 36, 37, 38, 39, 40, 41, 42, 43, 44, 45, 46, 47, 48, 49, 50, 51, 52, 53, 54, 55, 56, 57, 58, 59, 60, 61, 62, 63, 64, 65, 66, 67, 68, 69, 70, 71, 72, 73, 74, 75, 76, 77, 78, 79, 80, 81, 82, 83, 84, 85, 86, 87, 88, 89, 90, 91, 92, 93, 94, 95, 96, 97, 98, 99, 100, 101, 102, 103, 104, 105, 106, 107, 108, 109, 110, 111, 112, 113, 114, 115, 116, 117, 118, 119, 120, 121, 122, 123, 124, 125, 126, 127, 128, 129, 130, 131, 132, 135, 136, 138, 139, 141, 147, 150, 154, 155, 156
events, 21, 27, 16, 28, 43, 47, 48, 69, 92, 93, 171, 190, 254, 256, 311, 353, 435, 394, 320, 349, 379, 368, 359, 361, 403, 411, 459, 484, 464, 483, 464, 441, 428, 406, 394, 350, 365, 368, 346, 337, 347, 365, 316, 305, 300, 322, 294, 277, 236, 244, 225, 251, 198, 214, 194, 163, 153, 158, 132, 130, 135, 129, 144, 122, 111, 106, 116, 123, 90, 86, 93, 85, 66, 83, 77, 67, 61, 56, 46, 42, 48, 51, 30, 34, 30, 26, 40, 27, 25, 21, 26, 14, 19, 16, 14, 24, 17, 18, 21, 13, 12, 13, 10, 14, 10, 17, 21, 6, 17, 6, 3, 5, 6, 9, 7, 5, 7, 6, 1, 1, 1, 2, 4, 5, 2, 2, 1, 1, 2, 8, 2, 1, 4, 1, 2, 1, 2, 1, 2, 2, 1, 1, 4
sus, 4984, 4959, 4947, 4925, 4889, 4855, 4824, 4771, 4708, 4645, 4521, 4385, 4201, 4022, 3833, 3607, 3318, 3085, 2927, 2751, 2575, 2406, 2276, 2134, 1988, 1828, 1636, 1437, 1262, 1104, 960, 827, 724, 628, 579, 534, 480, 431, 378, 323, 272, 221, 172, 150, 123, 90, 64, 40, 25, 18, 14, 11, 11, 10, 9, 4, 4, 3, 1, 0, 0, 0, 0, 0, 0, 0, 0, 0, 0, 0, 0, 0, 0, 0, 0, 0, 0, 0, 0, 0, 0, 0, 0, 0, 0, 0, 0, 0, 0, 0, 0, 0, 0, 0, 0, 0, 0, 0, 0, 0, 0, 0, 0, 0, 0, 0, 0, 0, 0, 0, 0, 0, 0, 0, 0, 0, 0, 0, 0, 0, 0, 0, 0, 0, 0, 0, 0, 0, 0, 0, 0, 0, 0, 0, 0, 0, 0, 0, 0, 0, 0, 0, 0
exp, 17, 40, 48, 64, 95, 118, 134, 176, 216, 255, 347, 437, 570, 699, 796, 939, 1136, 1260, 1301, 1368, 1402, 1445, 1454, 1481, 1475, 1508, 1541, 1572, 1627, 1636, 1621, 1620, 1583, 1551, 1454, 1378, 1311, 1229, 1168, 1122, 1076, 1022, 986, 920, 867, 822, 768, 722, 666, 616, 556, 507, 458, 418, 387, 364, 346, 316, 288, 270, 253, 234, 215, 196, 178, 164, 141, 131, 117, 106, 99, 86, 82, 77, 69, 61, 58, 50, 47, 45, 41, 40, 39, 36, 33, 28, 23, 21, 21, 18, 17, 16, 16, 14, 14, 12, 10, 10, 9, 9, 8, 7, 6, 5, 5, 5, 4, 4, 4, 3, 3, 3, 3, 2, 1, 1, 0, 0, 0, 0, 0, 0, 0, 0, 0, 0, 0, 0, 0, 0, 0, 0, 0, 0, 0, 0, 0, 0, 0, 0, 0, 0, 0
inf, 9, 11, 15, 21, 24, 34, 47, 55, 75, 95, 118, 159, 196, 228, 306, 361, 421, 502, 592, 662, 771, 852, 911, 967, 1062, 1112, 1215, 1313, 1334, 1383, 1448, 1482, 1524, 1542, 1577, 1592, 1604, 1630, 1637, 1627, 1612, 1597, 1580, 1566, 1546, 1504, 1478, 1445, 1433, 1388, 1361, 1310, 1280, 1221, 1172, 1128, 1074, 1035, 1011, 964, 920, 875, 830, 794, 764, 721, 692, 647, 618, 589, 553, 530, 498, 464, 433, 412, 388, 372, 352, 333, 314, 285, 271, 258, 247, 242, 224, 214, 197, 192, 180, 173, 163, 158, 149, 139, 134, 123, 114, 106, 100, 96, 92, 86, 80, 72, 61, 60, 50, 50, 49, 46, 43, 39, 36, 35, 33, 31, 30, 29, 28, 27, 24, 22, 21, 20, 19, 18, 17, 13, 12, 11, 8, 8, 7, 7, 6, 5, 4, 3, 2, 2, 0
dead, 0, 0, 0, 0, 1, 1, 3, 3, 3, 2, 3, 2, 8, 12, 7, 17, 27, 25, 25, 31, 29, 34, 41, 39, 34, 49, 42, 54, 62, 62, 70, 84, 71, 82, 76, 73, 79, 78, 83, 87, 93, 96, 91, 82, 71, 76, 81, 79, 84, 82, 92, 79, 69, 75, 62, 64, 53, 53, 52, 65, 55, 59, 53, 46, 41, 56, 58, 45, 47, 47, 40, 37, 42, 34, 38, 34, 27, 22, 18, 18, 16, 18, 16, 13, 12, 8, 13, 8, 12, 8, 7, 6, 7, 7, 11, 9, 7, 8, 7, 9, 8, 4, 5, 6, 8, 7, 9, 5, 6, 3, 2, 3, 3, 4, 5, 2, 2, 0, 0, 1, 2, 2, 3, 1, 1, 0, 1, 2, 2, 1, 0, 1, 2, 1, 1, 0, 0, 0, 0, 0, 1, 0, 0
rec, 0, 0, 0, 0, 1, 1, 1, 2, 2, 5, 7, 10, 13, 18, 21, 23, 23, 29, 38, 46, 53, 65, 74, 90, 104, 119, 130, 141, 162, 186, 205, 217, 241, 268, 297, 328, 350, 373, 403, 440, 459, 487, 514, 532, 550, 574, 593, 618, 629, 655, 670, 693, 712, 734, 748, 760, 780, 794, 803, 812, 826, 840, 849, 863, 871, 878, 887, 897, 905, 910, 917, 920, 925, 933, 938, 941, 944, 949, 956, 958, 962, 970, 973, 977, 979, 982, 988, 992, 997, 999, 1001, 1005, 1005, 1005, 1005, 1009, 1010, 1013, 1014, 1015, 1019, 1021, 1021, 1021, 1021, 1021, 1023, 1023, 1025, 1025, 1025, 1025, 1025, 1026, 1027, 1027, 1027, 1027, 1028, 1028, 1028, 1028, 1029, 1030, 1030, 1031, 1031, 1031, 1031, 1032, 1033, 1033, 1034, 1034, 1034, 1034, 1034, 1035, 1035, 1035, 1035, 1035, 1035
rem, 0, 0, 0, 0, 0, 1, 1, 3, 6, 8, 14, 17, 22, 31, 47, 63, 85, 109, 127, 152, 180, 208, 254, 299, 347, 394, 446, 493, 563, 639, 706, 780, 867, 939, 1027, 1105, 1186, 1269, 1341, 1411, 1498, 1587, 1667, 1760, 1853, 1944, 2026, 2106, 2173, 2251, 2317, 2410, 2480, 2552, 2632, 2690, 2753, 2809, 2855, 2899, 2956, 3002, 3063, 3111, 3156, 3191, 3232, 3290, 3323, 3358, 3401, 3437, 3463, 3502, 3532, 3562, 3593, 3617, 3637, 3656, 3677, 3697, 3711, 3726, 3739, 3750, 3762, 3775, 3783, 3793, 3805, 3810, 3819, 3826, 3831, 3841, 3849, 3856, 3866, 3871, 3875, 3882, 3886, 3892, 3896, 3905, 3913, 3918, 3925, 3929, 3931, 3933, 3936, 3939, 3941, 3945, 3948, 3952, 3952, 3952, 3952, 3953, 3954, 3957, 3958, 3959, 3959, 3959, 3960, 3964, 3965, 3965, 3966, 3967, 3968, 3969, 3970, 3970, 3971, 3972, 3972, 3973, 3975
timesteps, 0, 1, 2, 3, 4, 5, 6, 7, 8, 9, 10, 11, 12, 13, 14, 15, 16, 17, 18, 19, 20, 21, 22, 23, 24, 25, 26, 27, 28, 29, 30, 31, 32, 33, 34, 35, 36, 37, 38, 39, 40, 41, 42, 43, 44, 45, 46, 47, 48, 49, 50, 51, 52, 53, 54, 55, 56, 57, 58, 59, 60, 61, 62, 63, 64, 65, 66, 67, 68, 69, 70, 71, 72, 73, 74, 75, 76, 77, 78, 79, 80, 81, 82, 83, 84, 85, 86, 87, 88, 89, 90, 91, 92, 93, 94, 95, 96, 97, 98, 99, 100, 101, 102, 103, 104, 105, 106, 107, 108, 109, 110, 111, 112, 113, 114, 115, 116, 117, 118, 119, 120, 121, 122, 123, 124, 125, 126, 128, 130, 131, 149, 150, 151
events, 19, 36, 42, 22, 23, 44, 70, 85, 136, 134, 256, 289, 353, 369, 450, 510, 596, 584, 564, 631, 624, 626, 606, 555, 499, 471, 504, 439, 418, 434, 432, 406, 402, 363, 309, 324, 318, 315, 296, 285, 296, 265, 214, 240, 239, 239, 192, 169, 174, 174, 170, 188, 150, 161, 126, 118, 111, 115, 124, 98, 92, 103, 88, 80, 70, 84, 70, 71, 61, 74, 52, 54, 53, 47, 48, 48, 32, 33, 33, 25, 31, 32, 27, 28, 21, 22, 20, 13, 14, 23, 12, 9, 8, 13, 17, 13, 5, 9, 11, 5, 4, 6, 8, 12, 9, 6, 7, 9, 4, 1, 6, 1, 5, 5, 8, 4, 1, 2, 3, 2, 2, 3, 4, 1, 1, 1, 3, 3, 1, 1, 1, 1, 2
sus, 4987, 4957, 4924, 4907, 4894, 4862, 4807, 4743, 4642, 4551, 4362, 4147, 3890, 3631, 3319, 2991, 2612, 2247, 1930, 1576, 1267, 988, 754, 572, 454, 370, 283, 235, 196, 151, 116, 81, 58, 33, 22, 16, 12, 10, 10, 9, 7, 6, 4, 2, 0, 0, 0, 0, 0, 0, 0, 0, 0, 0, 0, 0, 0, 0, 0, 0, 0, 0, 0, 0, 0, 0, 0, 0, 0, 0, 0, 0, 0, 0, 0, 0, 0, 0, 0, 0, 0, 0, 0, 0, 0, 0, 0, 0, 0, 0, 0, 0, 0, 0, 0, 0, 0, 0, 0, 0, 0, 0, 0, 0, 0, 0, 0, 0, 0, 0, 0, 0, 0, 0, 0, 0, 0, 0, 0, 0, 0, 0, 0, 0, 0, 0, 0, 0, 0, 0, 0, 0, 0
exp, 17, 43, 70, 84, 87, 109, 152, 202, 277, 333, 473, 634, 825, 995, 1201, 1384, 1597, 1807, 1943, 2096, 2216, 2285, 2309, 2282, 2201, 2085, 1993, 1861, 1735, 1615, 1487, 1403, 1311, 1237, 1160, 1076, 986, 907, 832, 767, 690, 629, 568, 518, 465, 427, 394, 367, 335, 306, 287, 259, 236, 221, 203, 186, 167, 155, 140, 129, 115, 103, 92, 81, 77, 72, 68, 60, 54, 45, 42, 40, 35, 34, 31, 27, 27, 25, 24, 21, 20, 18, 17, 16, 15, 14, 13, 11, 11, 10, 9, 7, 5, 5, 5, 4, 4, 3, 3, 3, 2, 2, 1, 1, 1, 1, 1, 0, 0, 0, 0, 0, 0, 0, 0, 0, 0, 0, 0, 0, 0, 0, 0, 0, 0, 0, 0, 0, 0, 0, 0, 0, 0
inf, 6, 9, 13, 15, 25, 34, 43, 54, 76, 105, 141, 186, 233, 308, 394, 518, 653, 773, 911, 1067, 1180, 1304, 1421, 1535, 1631, 1728, 1763, 1837, 1875, 1919, 1959, 1937, 1908, 1873, 1851, 1802, 1775, 1737, 1689, 1638, 1605, 1555, 1529, 1484, 1443, 1371, 1318, 1271, 1228, 1174, 1114, 1051, 1001, 941, 901, 872, 836, 791, 741, 701, 671, 639, 605, 580, 552, 513, 480, 457, 431, 403, 380, 357, 332, 311, 291, 272, 253, 240, 225, 216, 203, 183, 171, 160, 151, 140, 131, 128, 118, 109, 105, 104, 103, 94, 84, 80, 78, 75, 68, 65, 65, 61, 58, 51, 47, 43, 40, 37, 34, 33, 29, 29, 26, 24, 20, 18, 17, 17, 15, 14, 13, 11, 9, 8, 8, 7, 5, 3, 2, 2, 1, 1, 0
dead, 0, 0, 1, 0, 0, 0, 3, 2, 1, 4, 9, 7, 11, 11, 14, 18, 23, 24, 32, 39, 51, 66, 68, 78, 88, 94, 110, 93, 113, 116, 110, 111, 108, 101, 92, 112, 116, 99, 104, 101, 80, 83, 98, 89, 81, 85, 81, 69, 64, 72, 63, 59, 64, 59, 61, 39, 44, 44, 48, 52, 50, 37, 41, 35, 27, 31, 30, 27, 32, 33, 33, 24, 27, 22, 20, 15, 19, 14, 13, 13, 10, 20, 16, 11, 8, 8, 8, 6, 11, 8, 6, 5, 4, 8, 8, 5, 3, 2, 3, 4, 3, 4, 4, 4, 3, 3, 1, 0, 1, 1, 3, 2, 3, 2, 2, 2, 2, 0, 1, 1, 0, 0, 0, 1, 0, 0, 0, 0, 1, 0, 1, 0, 0
rec, 0, 0, 0, 1, 1, 1, 1, 1, 1, 2, 5, 5, 9, 16, 21, 22, 28, 33, 45, 52, 66, 86, 108, 124, 138, 151, 185, 203, 223, 238, 256, 285, 312, 348, 367, 397, 415, 438, 458, 477, 507, 526, 540, 557, 575, 590, 607, 625, 638, 651, 667, 693, 707, 716, 722, 735, 748, 759, 776, 787, 799, 809, 818, 827, 833, 838, 847, 849, 853, 861, 864, 871, 880, 883, 886, 893, 895, 899, 900, 902, 903, 907, 911, 913, 916, 919, 920, 921, 922, 923, 924, 924, 925, 926, 929, 930, 931, 932, 934, 934, 934, 935, 936, 938, 938, 940, 941, 942, 943, 944, 944, 944, 944, 944, 944, 944, 945, 945, 945, 945, 946, 947, 947, 947, 947, 948, 949, 950, 950, 950, 950, 950, 950
rem, 0, 1, 2, 3, 3, 4, 4, 8, 13, 15, 20, 31, 42, 49, 61, 77, 97, 126, 149, 180, 230, 281, 350, 419, 498, 582, 676, 781, 868, 971, 1082, 1193, 1313, 1418, 1518, 1607, 1706, 1819, 1917, 2018, 2121, 2211, 2271, 2360, 2446, 2537, 2610, 2678, 2745, 2807, 2879, 2948, 3002, 3073, 3123, 3178, 3215, 3261, 3305, 3341, 3375, 3422, 3454, 3487, 3521, 3556, 3585, 3617, 3640, 3668, 3691, 3718, 3736, 3760, 3782, 3803, 3816, 3832, 3848, 3858, 3874, 3882, 3895, 3910, 3920, 3929, 3938, 3944, 3948, 3960, 3966, 3970, 3973, 3977, 3984, 3991, 3994, 3998, 4002, 4004, 4006, 4008, 4011, 4016, 4021, 4023, 4027, 4031, 4032, 4032, 4034, 4035, 4037, 4040, 4044, 4046, 4046, 4048, 4049, 4050, 4051, 4052, 4054, 4054, 4055, 4055, 4056, 4057, 4057, 4058, 4058, 4059, 4060
